CO/Pt111 System Monte-Carlo Simulation.		Started: Wed Jan  6 16:34:35 2010


name=./montecarlo-1.3.1
dim=32, n_co=205, rep=2
skip_sweeps=100000, time_factor=1, time_steps=10, repeats=1000000
options: s 
Interaction mode: Nearest neighbour

----------------------

Coordinates:
0 0 0 0 0 1 0 0 0 0 1 0 0 0 0 0 1 0 0 0 1 0 0 0 0 0 0 0 0 1 0 0 
0 0 0 1 0 0 1 0 0 0 1 0 0 0 0 1 0 0 1 0 0 0 0 0 0 0 0 0 0 0 0 0 
0 0 0 0 1 0 1 1 0 0 0 0 0 0 0 1 0 1 0 1 1 1 0 0 1 0 0 1 1 0 0 1 
1 0 1 0 0 0 0 1 1 0 0 0 0 1 0 1 0 1 0 0 0 0 0 0 0 0 0 0 0 0 0 0 
0 0 0 0 1 0 0 0 0 0 0 0 0 0 0 0 0 0 0 0 0 1 0 0 0 1 0 0 0 0 0 0 
0 0 0 0 1 0 0 1 0 0 0 1 0 1 0 0 0 0 0 0 0 0 1 0 1 0 0 0 0 0 0 0 
0 1 0 0 0 1 0 0 0 1 0 0 0 0 0 1 0 0 1 1 0 0 0 0 1 0 0 0 0 0 0 0 
0 0 0 0 1 0 0 0 0 1 0 0 0 0 0 0 0 0 1 1 0 0 0 0 0 0 0 0 0 0 0 0 
1 0 0 1 0 0 0 0 0 1 0 0 1 0 0 0 0 0 0 0 0 0 0 0 0 1 1 1 0 0 0 0 
0 1 0 0 0 1 0 0 0 0 0 0 0 0 0 0 0 1 0 0 1 0 1 0 1 0 0 0 0 0 0 0 
0 0 0 0 1 0 0 0 0 0 0 0 0 0 1 1 0 0 0 0 0 0 1 1 0 0 0 0 0 1 0 0 
0 0 0 0 1 0 0 0 0 1 0 1 0 0 0 0 0 0 0 0 0 1 0 0 1 0 0 0 0 1 0 0 
0 0 0 0 0 1 0 0 1 0 0 1 0 0 0 1 1 0 1 0 0 0 0 0 0 1 0 0 0 0 0 1 
0 0 0 0 0 0 0 0 0 0 0 0 0 0 0 0 0 0 1 0 0 1 0 0 0 0 0 0 0 0 0 0 
0 1 0 0 0 0 0 0 0 0 0 0 0 0 0 0 0 1 0 0 0 1 1 0 1 0 0 0 1 0 0 0 
0 0 0 0 0 0 0 0 0 0 0 0 1 1 0 1 0 1 0 0 1 0 0 0 0 0 0 0 0 0 0 0 
0 0 0 0 0 0 1 0 0 0 1 0 0 1 0 1 1 0 1 0 1 0 1 1 0 1 0 0 0 0 0 0 
1 0 0 0 0 0 0 0 0 0 0 0 0 0 0 1 1 0 0 0 1 0 0 0 0 0 0 0 0 0 0 0 
0 0 0 0 0 0 1 0 0 0 0 0 0 0 0 0 0 0 0 0 0 0 0 0 0 0 0 1 0 0 1 0 
0 0 0 0 0 1 0 0 1 0 1 0 0 0 0 0 0 0 0 0 1 1 1 1 0 1 0 0 1 1 0 0 
0 0 0 0 0 0 0 0 0 0 0 0 0 0 0 1 0 1 1 0 0 0 0 0 0 0 0 0 0 0 1 1 
0 0 1 0 0 1 0 0 1 0 0 0 0 0 0 0 0 0 0 0 0 0 0 0 0 0 0 0 0 1 0 0 
0 0 0 1 1 0 0 0 0 0 1 0 0 0 0 0 0 0 1 0 0 0 0 0 0 0 1 1 1 0 0 0 
0 0 0 0 0 0 0 0 0 0 0 0 0 0 0 0 1 0 0 0 0 0 0 0 0 1 0 0 0 0 0 0 
0 0 0 1 0 0 0 1 0 0 0 0 0 1 1 0 0 0 0 0 1 1 0 0 0 0 0 0 1 1 0 1 
0 0 1 0 0 0 1 0 0 0 0 0 1 0 1 0 0 1 0 1 0 1 0 0 0 0 1 1 0 0 0 0 
0 0 0 1 1 0 0 0 0 0 1 0 0 0 0 0 1 0 0 0 0 0 1 0 1 0 1 0 0 0 1 0 
0 0 0 0 1 0 0 1 0 0 1 0 1 0 1 0 0 1 0 0 0 0 0 0 0 1 0 0 1 0 0 1 
1 0 0 0 0 0 0 0 1 0 0 0 0 1 0 1 0 1 1 0 0 0 0 0 1 0 1 0 0 0 0 0 
0 0 0 1 0 0 0 0 1 0 0 0 0 1 0 0 0 1 0 0 1 0 0 0 0 1 0 0 1 0 1 1 
0 1 1 0 0 0 0 0 0 1 0 0 0 0 0 1 0 0 0 0 0 1 0 0 0 1 0 0 0 1 0 0 
0 0 0 0 0 0 0 1 0 1 1 1 0 0 0 0 0 0 0 0 0 0 0 1 0 0 1 0 0 0 0 0 

----------------------

Fourier transform:
205.000	0.000		-23.828	-1.059		-1.881	-7.588		7.413	4.554		17.314	2.071		-7.241	3.078		-2.111	-8.518		-2.242	13.318		-3.000	4.000		15.924	9.607		-0.132	2.210		4.418	-3.879		-5.314	12.071		5.551	0.425		8.123	7.140		-7.996	-1.941		-23.000	0.000		
3.769	-0.475		0.913	-14.596		6.902	-0.746		-1.361	-0.690		2.118	8.181		2.643	6.610		-11.398	2.963		11.905	-16.718		10.560	-6.842		-11.159	0.970		-8.603	-11.905		-1.792	-3.796		-8.819	19.808		-7.275	-14.253		2.625	6.917		0.513	5.115		2.363	0.778		
9.350	4.729		11.260	-9.029		-5.447	10.381		1.312	-11.672		-19.502	-9.058		-2.343	13.634		-15.776	-9.429		15.309	14.840		-0.319	3.171		-1.258	3.815		-1.475	1.166		-3.643	-0.662		8.875	-5.417		-5.868	-0.867		3.709	-8.675		-14.756	-23.814		2.892	17.733		
0.576	15.534		-8.446	1.267		6.648	-1.106		4.103	-4.237		9.514	19.277		-4.711	-12.456		-1.695	8.031		2.681	-6.269		1.351	1.277		-15.339	2.856		9.529	1.182		3.068	-6.449		-12.615	0.149		-15.374	-11.162		8.960	-2.874		-1.396	6.648		1.516	7.077		
3.828	1.172		29.336	0.787		-12.430	-6.953		-0.105	4.252		3.757	3.828		25.062	13.882		-7.645	-0.992		7.776	11.453		-1.243	14.728		4.014	-10.136		3.442	3.500		-0.458	-8.058		-1.757	-2.657		-10.332	-6.077		-6.741	5.798		0.306	0.736		12.657	2.000		
6.714	12.135		-11.721	3.686		10.867	9.997		-5.849	0.994		-7.725	-13.305		6.274	0.171		-24.317	4.347		18.397	0.538		-9.014	0.626		4.447	7.248		-3.947	-7.403		-8.997	3.033		-13.061	3.313		6.847	-3.785		-7.083	9.118		-12.186	-1.390		-5.987	3.166		
-0.116	-10.057		-4.272	0.998		13.354	2.650		-1.400	-21.424		1.269	8.257		3.420	-6.788		-3.931	14.863		8.953	-3.033		-1.077	-12.636		-12.580	-24.080		-1.718	7.177		3.060	-5.825		-17.588	1.678		8.645	-12.473		9.322	20.531		-5.408	10.557		3.873	6.067		
3.851	-7.107		8.565	2.169		1.982	-0.041		5.497	0.340		-14.825	-0.836		11.336	-4.538		2.846	-0.801		-5.029	1.809		-3.663	-7.779		1.618	3.686		-3.363	-9.428		1.986	1.888		14.772	2.012		-11.985	1.154		-1.718	-16.304		3.187	13.326		-10.167	8.118		
19.000	-2.000		-7.164	-3.059		17.112	-10.158		6.096	-4.858		-3.071	-7.000		3.651	17.943		12.618	-14.772		-8.652	-1.391		-1.000	2.000		1.198	-11.066		-3.569	-8.612		-13.543	21.041		11.899	-1.828		8.713	-3.128		-4.343	14.801		-13.440	4.011		-5.000	6.000		
-1.995	5.696		11.032	-6.806		4.689	7.496		17.451	1.184		3.117	-2.051		-11.264	20.953		4.032	-12.242		1.781	-8.475		3.354	-8.804		-3.205	2.117		-10.102	-2.531		-8.012	-4.993		-16.253	8.973		5.819	-3.642		-9.165	-3.793		-7.564	-1.860		-11.063	-0.331		
-1.198	3.114		-2.323	-20.145		-5.908	-6.197		-3.551	-12.184		11.813	-15.207		-2.507	-3.525		-3.697	7.420		7.245	0.600		-6.113	-5.632		-2.501	-3.543		-3.483	-2.694		-4.066	12.236		7.228	7.731		-0.140	-7.953		-13.597	-9.593		-3.207	7.618		4.955	-5.247		
4.064	-3.992		2.427	1.503		1.418	3.323		-0.304	6.957		-11.966	3.661		18.071	0.226		15.872	-1.342		-8.863	-7.768		-6.591	-1.852		14.037	-1.488		11.255	10.118		3.981	-7.970		-7.296	-0.050		0.595	12.627		-17.551	1.686		27.072	9.097		0.173	4.857		
-1.828	-6.828		0.761	-3.441		7.480	1.761		-9.834	-0.412		-10.243	-8.657		8.007	1.188		-2.327	2.722		9.146	6.332		2.414	-9.414		17.510	0.845		-1.398	5.184		13.157	-6.425		12.243	1.828		-7.177	3.263		-0.998	1.191		-10.919	5.382		1.343	-2.000		
0.646	-0.593		-1.447	-13.827		-2.568	10.260		10.300	-1.969		2.202	1.240		15.492	19.332		-2.994	12.395		11.441	6.720		11.941	-4.814		11.140	-6.717		5.265	0.506		-5.356	8.325		-13.339	-21.504		-1.873	9.764		5.549	2.322		-6.102	5.406		-7.702	-7.231		
11.963	-14.099		24.422	3.746		-6.295	-0.432		-7.425	21.825		-6.902	-0.125		12.600	4.018		10.060	-2.248		10.508	11.939		20.151	-16.911		-10.373	-2.704		12.705	0.956		-19.633	-1.897		-8.871	9.102		9.788	18.535		0.861	-3.176		-14.390	14.306		0.279	6.419		
6.374	12.328		0.088	-19.045		-3.444	-2.905		22.842	12.505		1.697	18.937		10.953	15.548		-1.461	8.862		-6.647	7.598		19.708	-11.215		10.449	-4.207		-12.689	1.941		-5.475	-7.514		15.802	4.265		-3.189	12.865		-1.126	8.886		2.836	-8.146		6.867	8.330		
17.000	0.000		2.844	4.503		-9.041	11.953		-8.509	0.881		-2.828	-8.414		5.901	-10.747		0.745	3.699		-7.966	-1.539		13.000	-12.000		-4.632	-1.728		-2.502	15.598		-23.307	10.155		2.828	5.586		3.087	7.641		-1.202	19.853		-7.418	-9.828		-3.000	0.000		
6.374	-12.328		-5.431	-9.396		-5.417	9.060		4.116	-12.746		11.008	-2.369		-1.343	7.790		-7.375	-10.516		0.288	-2.321		20.018	-4.097		-3.004	-0.032		10.164	5.573		6.895	6.920		1.823	1.080		-10.437	-6.157		-9.898	1.890		-0.588	-6.812		6.867	-8.330		
11.963	14.099		0.576	-9.074		2.409	5.985		-24.022	-1.742		-4.983	15.543		-13.407	-5.589		10.785	2.806		3.327	13.751		-28.166	7.315		-0.821	8.667		0.200	-6.852		-8.793	1.387		-0.047	8.731		-7.957	-1.037		-19.056	-10.510		8.695	2.555		0.279	-6.419		
0.646	0.593		8.307	-2.568		-2.788	13.998		0.024	-14.339		-3.431	16.409		10.946	3.256		7.313	-14.820		-6.079	13.237		15.367	9.897		9.994	-8.473		10.428	7.651		-20.307	0.115		-1.449	-1.398		13.100	18.152		-1.509	-0.827		1.169	6.546		-7.702	7.231		
-1.828	6.828		-2.881	10.385		0.270	-7.051		-13.393	5.259		-0.243	-3.000		-8.294	-2.463		-14.016	-6.715		-2.048	4.439		7.243	-10.728		2.027	-16.328		-1.430	-5.521		1.250	-1.779		13.071	-6.657		2.343	-14.031		4.419	2.832		3.090	-1.378		1.343	2.000		
4.064	3.992		4.649	-14.864		-2.519	12.444		7.452	3.459		11.677	-6.702		19.705	-14.704		-5.298	6.828		-1.012	-2.642		19.991	-7.235		7.926	-0.880		-2.156	2.471		3.570	2.029		3.004	-9.991		19.066	-4.530		-0.778	1.431		-6.123	6.455		0.173	-4.857		
-1.198	-3.114		7.265	12.868		10.352	-16.030		4.583	-18.269		1.903	11.056		-1.031	4.894		12.847	-1.838		1.452	4.783		-9.550	-1.364		-2.990	3.511		4.185	5.951		0.026	-7.854		10.074	8.807		-0.526	-21.865		4.849	-1.599		-5.069	5.558		4.955	5.247		
-1.995	-5.696		14.346	21.424		6.948	-4.809		7.881	20.628		-2.163	-2.443		-10.665	9.600		5.735	9.297		15.851	6.667		-1.385	-2.777		6.423	2.807		1.166	-17.438		14.439	3.219		1.564	21.660		-8.940	-11.261		16.718	-5.524		-9.690	4.693		-11.063	0.331		
19.000	2.000		3.908	13.133		6.929	-8.755		5.035	-3.573		-7.899	-3.828		22.297	12.105		-6.816	-2.026		-8.332	0.915		-1.000	-6.000		8.042	-7.685		-7.204	-7.216		6.401	4.247		11.071	7.000		3.292	1.251		9.273	-0.743		-1.501	-0.897		-5.000	-6.000		
3.851	7.107		-0.989	0.492		-1.774	2.206		-14.962	6.856		-0.443	-2.589		4.823	-4.165		0.725	-8.101		1.873	-8.737		9.382	-8.258		16.971	-2.472		4.511	8.402		12.872	-9.815		2.764	0.566		1.600	-5.880		-17.393	11.733		8.271	8.278		-10.167	-8.118		
-0.116	10.057		2.457	1.225		6.565	-1.014		-14.377	6.327		-4.500	-8.450		3.810	12.144		-1.599	-1.807		-7.963	-8.688		-5.402	-0.854		-18.247	-6.301		3.739	19.233		4.858	-7.297		4.429	7.097		3.882	-0.783		0.719	10.355		0.503	-2.919		3.873	-6.067		
6.714	-12.135		16.186	-9.205		-4.488	8.524		-1.141	-12.205		2.370	15.078		-3.113	10.325		-4.006	12.312		-13.568	-3.212		17.186	1.305		-15.067	-1.817		-4.959	3.074		-0.088	11.429		-2.439	-5.529		0.959	-12.730		-5.219	5.513		12.181	17.605		-5.987	-3.166		
3.828	-1.172		0.704	-6.062		-5.845	-2.102		19.980	4.354		-1.071	-4.657		-20.441	-3.382		21.286	3.257		6.082	-0.829		-0.414	-6.586		2.527	-14.719		-0.254	12.079		7.918	9.793		8.243	3.000		17.691	5.233		0.187	-7.195		3.196	-10.177		12.657	-2.000		
0.576	-15.534		-13.239	15.329		7.197	-12.233		-1.557	14.448		3.018	-12.062		2.249	5.686		-11.987	-2.517		1.599	12.151		-2.232	-16.577		17.048	-24.721		-14.303	7.636		5.338	0.545		2.910	-2.646		-2.471	-9.377		10.492	6.211		-2.114	0.092		1.516	-7.077		
9.350	-4.729		16.631	-5.216		24.470	5.732		-0.406	-9.529		7.246	-9.047		1.392	-19.768		0.386	-5.580		3.758	8.719		14.476	2.911		-4.627	-1.179		-2.543	6.564		13.726	-2.886		-6.443	3.241		-4.633	3.839		17.005	-0.944		-20.947	-3.330		2.892	-17.733		
3.769	0.475		4.292	-6.355		-1.312	-8.468		7.916	-1.518		11.776	9.513		10.379	-2.276		-16.747	-0.848		8.300	-2.707		-9.974	-12.856		8.368	-9.379		3.932	-8.626		-7.653	-2.920		-17.310	-2.765		2.904	7.083		-4.618	-2.012		-4.562	8.294		2.363	-0.778		

----------------------

Coordinates:
1 0 0 1 0 1 1 0 0 0 0 0 0 0 0 0 0 0 0 0 0 0 0 0 0 0 0 0 0 0 1 0 
0 0 1 0 0 1 1 0 0 0 1 0 0 0 0 0 1 1 0 0 0 0 0 0 1 0 0 0 1 1 0 0 
0 0 0 0 0 0 1 0 1 0 1 0 0 0 0 0 0 0 1 0 0 0 0 0 0 0 0 0 0 0 0 0 
0 0 0 0 0 1 0 0 0 0 0 1 1 0 0 0 0 1 0 0 1 1 1 0 0 1 0 0 1 0 0 0 
0 0 0 0 0 0 0 0 0 0 0 1 0 0 0 0 0 0 1 0 1 0 0 0 0 0 0 0 0 0 0 0 
1 0 0 0 0 0 0 1 0 1 0 0 0 0 0 0 0 0 1 0 0 1 0 0 0 0 0 0 1 0 0 0 
0 0 0 1 0 0 0 0 0 0 0 0 0 1 0 1 1 1 0 0 0 0 0 0 0 1 0 0 0 0 0 1 
0 0 0 0 0 0 0 0 0 1 0 1 0 0 0 0 0 1 0 0 0 0 1 0 0 0 0 0 0 0 0 0 
0 0 0 0 1 1 0 0 0 0 0 0 0 0 0 0 0 0 0 0 0 0 0 0 0 0 1 0 1 0 0 1 
0 1 0 0 0 0 0 0 1 0 0 0 0 1 1 0 0 0 0 0 0 0 0 0 1 0 0 0 0 1 0 1 
0 0 0 0 0 1 0 0 0 0 0 0 0 0 0 0 1 1 0 0 0 1 0 0 1 0 0 1 0 0 0 0 
0 0 0 0 0 1 0 1 1 0 0 0 1 0 1 0 0 0 0 1 0 1 0 0 0 0 0 0 0 0 1 0 
0 0 0 1 0 0 1 0 1 0 0 0 0 0 0 0 0 0 0 0 0 0 0 0 0 0 0 1 0 1 0 1 
0 0 0 0 0 0 1 1 1 0 0 0 0 0 0 0 0 0 0 1 0 0 0 0 0 0 0 0 0 0 0 0 
0 1 0 1 0 0 0 0 0 0 0 0 0 1 0 1 0 1 0 0 0 1 0 0 1 0 1 0 0 1 0 0 
1 0 0 0 0 0 0 0 0 0 0 1 0 0 1 0 1 0 0 0 0 0 0 1 0 0 1 0 0 0 0 0 
0 1 0 0 0 0 0 0 0 0 0 0 0 0 0 0 0 1 0 0 0 0 0 0 0 0 0 0 0 1 0 1 
1 0 1 1 0 0 0 0 0 0 0 0 1 1 0 0 0 0 0 0 0 0 0 0 1 1 0 0 0 0 0 1 
0 0 0 0 0 0 0 0 0 0 1 1 0 1 0 1 1 0 0 0 0 0 0 1 0 0 0 0 0 1 0 1 
0 1 1 1 0 0 0 0 0 0 0 0 0 0 0 0 1 0 0 1 0 0 1 0 1 0 0 1 1 1 0 0 
0 1 0 0 1 1 0 0 0 0 0 0 0 0 0 0 1 1 1 0 0 0 1 0 1 0 0 1 0 0 1 0 
1 0 0 0 0 0 0 1 1 0 0 0 1 0 0 0 0 1 0 0 0 1 0 1 0 0 0 0 0 0 1 0 
0 0 0 0 1 0 0 0 0 0 1 0 0 0 0 1 0 0 0 0 0 0 0 0 0 1 0 0 0 0 0 0 
0 0 0 0 0 0 0 0 1 0 1 1 0 0 1 0 1 0 0 1 1 0 1 0 0 1 0 0 0 0 0 0 
0 0 0 0 0 0 1 0 1 0 0 0 0 0 0 1 0 0 0 0 0 0 1 0 0 0 0 0 0 0 0 0 
0 0 0 0 0 1 0 0 0 0 0 0 0 1 1 0 0 0 0 0 1 0 0 0 0 0 0 0 0 0 1 0 
0 1 0 0 1 0 1 1 0 0 0 0 0 1 0 1 1 1 0 0 0 1 0 0 0 0 0 0 0 0 0 0 
0 0 0 0 0 0 1 0 0 0 1 1 0 0 0 0 0 0 0 1 0 0 0 0 1 0 0 0 1 0 0 0 
0 0 0 1 0 0 0 0 1 0 0 0 0 1 0 0 0 1 0 1 1 0 1 0 0 0 1 0 0 0 0 0 
0 0 1 0 0 1 1 0 0 0 0 0 0 0 0 0 0 1 0 0 1 0 0 0 0 0 0 0 0 0 0 0 
0 0 0 0 0 0 1 0 0 0 0 0 0 0 0 0 0 0 1 0 0 0 0 0 0 0 0 0 0 0 1 1 
0 1 0 0 0 1 0 0 0 0 0 0 0 1 0 0 0 0 0 0 0 0 0 0 0 0 0 1 0 1 0 1 

----------------------

Fourier transform:
206.000	0.000		-4.048	-4.753		9.987	-6.373		-10.345	8.266		3.929	13.243		0.165	11.654		8.297	-7.772		-8.845	0.854		4.000	-12.000		0.080	12.219		-4.397	-0.701		-6.317	11.788		18.071	-4.757		0.498	-6.914		-25.886	0.698		-3.187	-0.701		-10.000	0.000		
-11.161	8.840		-1.597	-13.965		0.452	-9.133		0.769	15.047		-14.681	-0.344		5.479	4.503		7.012	0.085		11.339	-8.874		-12.743	-13.898		3.213	3.986		4.947	15.871		5.336	-3.390		-1.523	-3.776		11.657	-4.127		-3.138	0.480		-0.061	-1.476		12.891	13.928		
2.988	-6.999		25.622	7.994		14.590	0.448		-2.041	-10.806		-11.927	-9.892		7.989	25.946		-3.957	-19.625		-2.808	-8.119		-6.555	-6.538		-10.061	-2.560		14.332	2.505		9.895	6.333		10.066	17.656		-4.716	-7.385		3.960	-14.302		-9.562	4.556		-3.663	-6.487		
4.192	5.352		4.539	11.021		-10.695	9.843		-1.081	9.583		3.070	11.222		-11.864	-1.855		2.184	-1.737		-4.193	6.311		-1.303	-0.053		-14.407	-18.997		-14.705	-1.884		-4.912	-13.299		8.087	-3.044		2.540	-0.088		-2.614	-12.914		-1.729	11.070		11.124	-10.913		
-10.414	-12.899		7.533	-4.459		10.533	15.823		-2.388	-12.794		12.728	15.899		1.021	7.999		-4.265	11.654		-5.325	-4.561		-8.071	-12.071		5.145	6.726		6.613	5.718		-1.066	18.459		2.828	-4.343		0.414	1.965		-6.878	9.865		-2.672	4.862		-2.414	-7.243		
7.478	-7.062		15.054	-4.188		3.785	4.865		-16.460	8.237		-7.767	4.083		-3.982	5.180		-8.259	-12.639		0.433	-3.915		-10.303	0.595		-7.662	-0.734		-4.181	-0.433		-3.864	-17.490		6.765	-1.032		1.414	4.667		-11.837	12.546		-0.265	-17.367		-11.873	-10.404		
2.238	0.819		-8.019	0.747		7.182	13.974		3.539	-2.601		-2.231	-0.162		4.082	10.471		9.393	6.309		-2.658	11.741		18.930	-0.212		10.819	4.191		14.974	-21.726		17.950	-10.411		-0.526	2.420		0.935	-5.154		16.461	-3.577		19.517	-0.340		-9.867	-6.043		
7.218	-8.976		5.411	14.517		-12.628	1.643		1.528	3.854		-5.480	-15.871		-10.420	3.534		-9.905	3.128		-0.279	-15.907		0.213	10.876		7.456	8.882		10.595	0.636		-0.959	-1.732		6.582	-8.537		-3.200	-5.161		-14.775	1.358		-6.845	-4.177		-2.225	-12.515		
-6.000	6.000		6.433	-7.137		-10.041	-12.994		5.320	13.071		-1.343	-11.142		5.428	-9.967		-4.663	9.041		13.144	7.356		-8.000	2.000		9.532	-6.575		-3.502	1.611		-1.112	3.546		15.971	-9.000		2.697	-2.711		-1.185	-0.745		-2.515	-15.655		14.000	-6.000		
-0.251	2.518		-14.766	-5.805		-0.579	-5.240		10.079	-5.952		-10.667	11.042		-1.804	8.981		9.201	1.647		-21.968	7.768		6.435	-0.407		-6.694	-5.269		-7.099	-10.660		16.653	5.372		6.012	8.938		18.339	7.269		11.237	-22.879		16.041	-9.640		-9.485	-12.898		
-0.824	-4.252		-1.245	9.710		-5.975	-8.406		-5.614	-3.068		-10.441	-6.313		6.711	1.408		-3.318	-6.756		-15.614	4.941		-2.528	-7.935		-0.988	4.134		5.435	6.309		-14.653	11.593		-9.293	-13.961		18.509	0.502		-4.353	4.318		-12.089	-8.396		-12.032	-11.800		
19.568	9.513		-3.266	0.797		14.387	3.575		6.282	-16.482		9.146	-0.885		12.846	12.811		-3.544	-2.518		-17.414	12.074		17.456	-0.067		7.086	2.995		2.716	-1.183		11.589	-5.721		-3.699	-4.070		-1.439	-0.733		11.016	-1.300		8.403	0.250		-2.109	-3.253		
-7.586	-6.899		16.733	-14.317		-0.657	-15.843		-15.046	12.143		-2.828	15.657		6.991	-3.359		13.944	9.091		-7.927	0.160		-2.414	2.414		10.490	-4.686		9.982	12.186		1.483	-1.668		-12.728	3.899		0.252	-1.991		-1.552	-5.368		9.191	6.687		0.414	-1.243		
-13.095	-7.528		12.644	11.656		-8.695	-0.058		4.277	0.071		2.009	-2.086		9.864	7.677		18.217	-3.772		13.937	-5.803		-1.257	4.522		0.251	8.892		-7.790	10.513		17.812	3.808		3.421	-2.814		-0.868	-1.318		4.158	-13.293		-0.052	-6.944		20.029	-8.247		
-4.403	-16.070		5.983	-8.560		-3.617	4.669		17.468	11.802		-1.325	5.126		-8.726	7.786		-21.989	1.191		16.661	6.640		-16.646	-7.504		10.061	-8.419		2.986	-14.454		4.051	-8.568		-0.506	-9.679		2.754	-7.567		-5.418	0.448		-7.596	-5.791		1.563	7.755		
-5.947	-1.123		-9.225	-0.733		-5.324	-3.230		10.096	-2.756		13.795	-6.854		11.099	-3.496		-18.044	4.028		2.318	8.526		-7.017	21.267		-9.439	-13.747		8.379	2.611		-6.517	1.088		3.874	-0.950		0.926	-5.933		14.184	-5.489		2.913	-3.327		21.647	1.059		
-14.000	0.000		2.846	0.691		14.103	-6.671		-20.511	-2.250		8.071	-0.757		-11.211	8.251		10.016	13.198		-0.462	15.794		-8.000	4.000		0.816	-2.028		4.712	-2.560		5.495	-21.173		-6.071	9.243		-6.744	-18.703		-24.831	17.572		-2.229	3.839		-14.000	0.000		
-5.947	1.123		4.740	-12.377		0.478	-9.403		3.851	1.746		-0.597	8.164		20.972	-5.358		-8.377	3.703		-6.892	14.013		1.983	14.547		13.941	0.764		7.637	3.850		12.164	-2.891		7.892	-15.816		-5.567	-10.050		9.274	-9.410		5.555	9.461		21.647	-1.059		
-4.403	16.070		-18.000	1.228		3.412	4.658		17.407	17.496		2.856	3.993		13.762	-4.157		-2.272	4.617		-11.941	-6.958		-2.859	7.610		-1.465	0.103		-9.420	-3.598		9.189	6.529		7.005	-5.414		-7.197	-3.653		5.784	-5.915		-0.197	1.395		1.563	-7.755		
-13.095	7.528		5.406	-8.883		-10.915	-3.239		-6.433	-6.412		-8.061	-12.260		-12.328	11.214		-0.806	14.431		6.657	-4.258		-6.539	7.853		5.854	3.789		1.914	11.262		-6.078	-16.798		2.743	-10.218		4.384	-3.884		25.674	17.015		8.881	-4.338		20.029	8.247		
-7.586	6.899		-0.449	5.933		-12.004	-1.126		10.950	9.200		-0.586	-0.929		-2.943	-1.614		-1.739	-21.370		0.766	-9.856		6.071	2.071		0.356	-1.228		-12.187	10.020		3.949	-9.378		-7.657	0.000		0.706	7.604		8.899	-29.400		19.124	1.681		0.414	1.243		
19.568	-9.513		-0.144	-8.967		-3.531	-3.106		-5.368	-8.968		0.251	18.764		-4.820	-7.075		13.050	10.018		1.316	0.948		-8.027	-3.857		-1.991	0.669		-1.197	2.783		-3.266	12.424		3.307	1.339		1.496	-13.544		-5.181	-1.941		-7.360	6.318		-2.109	3.253		
-0.824	4.252		-2.708	-3.024		21.170	-13.550		-8.448	-11.092		5.160	-3.595		-13.800	-6.193		11.066	8.396		-0.539	-10.626		9.112	-10.031		-9.038	4.024		-1.936	-12.706		1.949	2.101		5.597	-16.320		-0.333	3.673		-1.364	11.422		0.802	5.055		-12.032	11.800		
-0.251	-2.518		-5.071	5.342		-1.508	1.426		1.117	-17.548		-9.658	1.869		2.142	-4.902		1.321	10.937		6.651	11.085		-2.637	-9.618		-4.759	-1.394		3.456	-4.162		11.290	8.181		-10.617	-2.316		9.373	-15.339		9.845	1.762		12.856	-10.538		-9.485	12.898		
-6.000	-6.000		23.449	13.009		1.428	-2.502		0.609	4.645		-17.971	9.000		3.754	7.998		-0.255	-15.945		3.347	5.332		8.000	6.000		-18.078	-11.650		-3.580	-1.202		12.922	21.990		-12.657	-17.142		8.038	6.962		-2.202	0.562		-8.969	-2.358		14.000	6.000		
7.218	8.976		-10.387	-4.626		4.840	9.790		3.133	-16.784		2.146	-1.691		3.443	-20.590		-0.344	5.448		4.748	-16.359		10.467	2.587		5.289	-7.404		16.495	0.453		-7.838	3.089		20.103	19.140		-10.223	5.062		-1.617	3.800		6.971	-6.360		-2.225	12.515		
2.238	-0.819		14.010	-8.758		5.021	-9.891		-2.624	1.546		17.855	3.242		1.930	-0.347		-4.549	-6.220		1.149	-3.609		-4.058	-5.136		-0.212	8.743		-15.066	12.881		-14.621	-15.273		4.221	1.718		4.487	11.749		11.800	-24.379		-6.443	9.688		-9.867	6.043		
7.478	7.062		8.798	-7.276		10.792	-6.688		-8.790	-6.224		11.360	10.408		-12.419	-10.888		5.634	-1.380		4.247	0.083		4.529	5.439		-5.117	6.296		21.956	3.763		-4.372	-13.581		8.668	-5.497		-9.064	-5.447		6.084	-10.522		5.663	6.422		-11.873	10.404		
-10.414	12.899		10.370	-5.648		6.636	12.308		4.214	-15.567		3.657	0.000		-2.926	0.774		10.943	9.961		17.076	-5.060		0.414	-0.414		-8.516	-4.881		4.023	-5.902		1.179	-0.611		-3.414	15.071		-8.733	-0.281		-0.291	0.752		-5.955	-5.158		-2.414	7.243		
4.192	-5.352		21.367	-17.672		-4.404	-17.421		-14.842	8.604		-3.664	7.724		6.383	8.680		-4.261	2.351		10.365	-9.119		-2.554	-4.089		-2.034	5.959		-12.927	-0.754		-5.572	1.072		14.305	-3.635		20.311	4.053		5.977	-5.134		-17.896	18.998		11.124	10.913		
2.988	6.999		9.584	-1.497		4.701	4.570		6.217	6.682		10.396	-1.368		-6.944	-6.747		2.935	-4.427		-2.284	-5.884		-3.395	5.747		-2.493	17.351		-0.556	2.960		13.740	-7.166		5.092	-1.392		4.406	6.764		-7.412	17.143		-1.505	-0.885		-3.663	6.487		
-11.161	-8.840		-3.401	-1.705		-10.924	-11.848		-9.813	11.492		-10.456	-1.287		4.301	8.634		9.335	-0.578		-5.987	-3.207		-4.700	-3.696		-6.075	15.997		-10.609	0.484		-1.038	15.110		-14.666	0.288		-3.741	-19.729		8.183	7.696		10.633	-13.895		12.891	-13.928		

----------------------

ISF along <11-2> azimuth:
time_factor: 1, time_steps: 10, repeats: 1000000

Real
Timestep 1	Timestep 2	0.00000	0.13073	0.26146	0.39220	0.52293	0.65366	0.78439	0.91513	1.04586	1.17659	1.30732	1.43806	1.56879	1.69952	1.83025	1.96099	
0	0	205.81958	0.75674	0.76699	0.78632	0.80147	0.81491	0.82160	0.82358	0.82018	0.81119	0.80404	0.80119	0.80088	0.80431	0.81050	0.81495	
0	1	205.81958	0.68742	0.54063	0.39774	0.29448	0.23818	0.21199	0.21174	0.22620	0.25359	0.28346	0.30428	0.30394	0.28315	0.25485	0.23390	
0	2	205.81958	0.62491	0.38162	0.20232	0.10939	0.07055	0.05513	0.05489	0.06366	0.08058	0.09965	0.11797	0.11638	0.10086	0.08192	0.06793	
0	3	205.81959	0.56879	0.27042	0.10355	0.04174	0.02201	0.01548	0.01552	0.01812	0.02605	0.03574	0.04579	0.04535	0.03664	0.02705	0.02007	
0	4	205.81959	0.51702	0.19121	0.05365	0.01662	0.00723	0.00531	0.00517	0.00504	0.00896	0.01347	0.01936	0.01781	0.01396	0.00917	0.00712	
0	5	205.81959	0.47035	0.13498	0.02833	0.00637	0.00324	0.00232	0.00272	0.00262	0.00339	0.00484	0.00763	0.00719	0.00465	0.00443	0.00409	
0	6	205.81959	0.42750	0.09603	0.01572	0.00340	0.00173	0.00081	0.00093	0.00142	0.00353	0.00242	0.00395	0.00314	0.00235	0.00179	0.00187	
0	7	205.81959	0.38886	0.06869	0.00911	0.00275	0.00136	0.00116	0.00093	0.00114	0.00134	0.00156	0.00246	0.00289	0.00205	0.00211	0.00153	
0	8	205.81959	0.35387	0.04875	0.00639	0.00196	0.00136	0.00081	0.00145	0.00114	0.00113	0.00062	0.00147	0.00164	0.00105	0.00180	0.00141	
0	9	205.81959	0.32241	0.03402	0.00364	0.00159	0.00161	0.00017	0.00117	0.00175	0.00003	0.00087	0.00176	0.00168	0.00107	0.00038	0.00149	
0	10	205.81959	0.29321	0.02457	0.00325	0.00204	0.00063	0.00074	0.00102	0.00132	0.00110	0.00092	0.00173	0.00153	0.00129	0.00085	0.00116	

Imaginary
Timestep 1	Timestep 2	0.00000	0.13073	0.26146	0.39220	0.52293	0.65366	0.78439	0.91513	1.04586	1.17659	1.30732	1.43806	1.56879	1.69952	1.83025	1.96099	
0	0	0.00000	0.00000	0.00000	0.00000	0.00000	0.00000	0.00000	0.00000	0.00000	0.00000	0.00000	0.00000	0.00000	0.00000	0.00000	0.00000	
0	1	0.00000	-0.00015	0.00015	0.00036	-0.00007	-0.00019	0.00018	-0.00065	-0.00060	0.00020	-0.00035	0.00046	0.00033	0.00054	0.00012	-0.00066	
0	2	0.00000	-0.00032	0.00006	0.00024	-0.00006	-0.00087	0.00075	-0.00069	-0.00019	-0.00023	0.00012	0.00123	0.00112	0.00156	0.00048	0.00033	
0	3	0.00000	-0.00019	-0.00021	0.00013	0.00014	-0.00004	-0.00043	-0.00074	-0.00134	0.00081	0.00086	0.00034	-0.00035	0.00089	0.00022	-0.00047	
0	4	0.00000	-0.00053	-0.00009	0.00101	-0.00145	0.00040	-0.00002	-0.00002	0.00033	-0.00007	0.00084	-0.00016	0.00023	0.00075	0.00138	0.00033	
0	5	0.00000	-0.00005	-0.00072	-0.00049	-0.00113	0.00038	-0.00005	0.00042	-0.00078	-0.00013	0.00007	-0.00091	-0.00023	-0.00003	0.00036	-0.00023	
0	6	0.00000	-0.00028	-0.00101	-0.00017	-0.00055	-0.00083	0.00110	0.00003	-0.00089	-0.00010	-0.00056	-0.00004	0.00002	-0.00047	-0.00034	-0.00093	
0	7	0.00000	-0.00043	-0.00122	-0.00076	-0.00090	-0.00004	0.00084	0.00000	-0.00084	0.00108	-0.00031	-0.00072	0.00039	0.00032	0.00000	0.00026	
0	8	0.00000	0.00019	-0.00099	-0.00107	-0.00081	0.00040	0.00008	-0.00013	-0.00029	0.00042	-0.00040	-0.00082	-0.00036	0.00085	0.00010	0.00052	
0	9	0.00000	0.00038	-0.00084	-0.00036	-0.00002	0.00030	0.00018	0.00017	-0.00028	0.00015	0.00039	-0.00045	-0.00008	0.00046	0.00065	0.00062	
0	10	0.00000	0.00051	-0.00113	-0.00115	0.00035	0.00018	-0.00065	0.00104	-0.00013	0.00025	-0.00119	-0.00020	-0.00032	0.00065	-0.00017	0.00024	

Real variance
Timestep 1	Timestep 2	0.00000	0.13073	0.26146	0.39220	0.52293	0.65366	0.78439	0.91513	1.04586	1.17659	1.30732	1.43806	1.56879	1.69952	1.83025	1.96099	
0	0	0.00000	0.00000	0.00000	0.00000	0.00000	0.00000	0.00000	0.00000	0.00000	0.00000	0.00000	0.00000	0.00000	0.00000	0.00000	0.00000	
0	1	0.00000	0.00000	0.00000	0.00000	0.00000	0.00000	0.00000	0.00000	0.00000	0.00000	0.00000	0.00000	0.00000	0.00000	0.00000	0.00000	
0	2	0.00000	0.00000	0.00000	0.00000	0.00000	0.00000	0.00000	0.00000	0.00000	0.00000	0.00000	0.00000	0.00000	0.00000	0.00000	0.00000	
0	3	0.00000	0.00000	0.00000	0.00000	0.00000	0.00000	0.00000	0.00000	0.00000	0.00000	0.00000	0.00000	0.00000	0.00000	0.00000	0.00000	
0	4	0.00000	0.00000	0.00000	0.00000	0.00000	0.00000	0.00000	0.00000	0.00000	0.00000	0.00000	0.00000	0.00000	0.00000	0.00000	0.00000	
0	5	0.00000	0.00000	0.00000	0.00000	0.00000	0.00000	0.00000	0.00000	0.00000	0.00000	0.00000	0.00000	0.00000	0.00000	0.00000	0.00000	
0	6	0.00000	0.00000	0.00000	0.00000	0.00000	0.00000	0.00000	0.00000	0.00000	0.00000	0.00000	0.00000	0.00000	0.00000	0.00000	0.00000	
0	7	0.00000	0.00000	0.00000	0.00000	0.00000	0.00000	0.00000	0.00000	0.00000	0.00000	0.00000	0.00000	0.00000	0.00000	0.00000	0.00000	
0	8	0.00000	0.00000	0.00000	0.00000	0.00000	0.00000	0.00000	0.00000	0.00000	0.00000	0.00000	0.00000	0.00000	0.00000	0.00000	0.00000	
0	9	0.00000	0.00000	0.00000	0.00000	0.00000	0.00000	0.00000	0.00000	0.00000	0.00000	0.00000	0.00000	0.00000	0.00000	0.00000	0.00000	
0	10	0.00000	0.00000	0.00000	0.00000	0.00000	0.00000	0.00000	0.00000	0.00000	0.00000	0.00000	0.00000	0.00000	0.00000	0.00000	0.00000	

Imaginary variance
Timestep 1	Timestep 2	0.00000	0.13073	0.26146	0.39220	0.52293	0.65366	0.78439	0.91513	1.04586	1.17659	1.30732	1.43806	1.56879	1.69952	1.83025	1.96099	
0	0	0.00000	0.00000	0.00000	0.00000	0.00000	0.00000	0.00000	0.00000	0.00000	0.00000	0.00000	0.00000	0.00000	0.00000	0.00000	0.00000	
0	1	0.00000	0.00000	0.00000	0.00000	0.00000	0.00000	0.00000	0.00000	0.00000	0.00000	0.00000	0.00000	0.00000	0.00000	0.00000	0.00000	
0	2	0.00000	0.00000	0.00000	0.00000	0.00000	0.00000	0.00000	0.00000	0.00000	0.00000	0.00000	0.00000	0.00000	0.00000	0.00000	0.00000	
0	3	0.00000	0.00000	0.00000	0.00000	0.00000	0.00000	0.00000	0.00000	0.00000	0.00000	0.00000	0.00000	0.00000	0.00000	0.00000	0.00000	
0	4	0.00000	0.00000	0.00000	0.00000	0.00000	0.00000	0.00000	0.00000	0.00000	0.00000	0.00000	0.00000	0.00000	0.00000	0.00000	0.00000	
0	5	0.00000	0.00000	0.00000	0.00000	0.00000	0.00000	0.00000	0.00000	0.00000	0.00000	0.00000	0.00000	0.00000	0.00000	0.00000	0.00000	
0	6	0.00000	0.00000	0.00000	0.00000	0.00000	0.00000	0.00000	0.00000	0.00000	0.00000	0.00000	0.00000	0.00000	0.00000	0.00000	0.00000	
0	7	0.00000	0.00000	0.00000	0.00000	0.00000	0.00000	0.00000	0.00000	0.00000	0.00000	0.00000	0.00000	0.00000	0.00000	0.00000	0.00000	
0	8	0.00000	0.00000	0.00000	0.00000	0.00000	0.00000	0.00000	0.00000	0.00000	0.00000	0.00000	0.00000	0.00000	0.00000	0.00000	0.00000	
0	9	0.00000	0.00000	0.00000	0.00000	0.00000	0.00000	0.00000	0.00000	0.00000	0.00000	0.00000	0.00000	0.00000	0.00000	0.00000	0.00000	
0	10	0.00000	0.00000	0.00000	0.00000	0.00000	0.00000	0.00000	0.00000	0.00000	0.00000	0.00000	0.00000	0.00000	0.00000	0.00000	0.00000	

----------------------


