CO/Pt111 System Monte-Carlo Simulation.		Started: Thu Jan  7 20:09:47 2010


name=./montecarlo-1.3.1
dim=32, n_co=102, rep=10000
skip_sweeps=100000, time_factor=1, time_steps=10, repeats=1000
options: sp
Interaction mode: Nearest neighbour

----------------------

Coordinates:
0 0 1 1 0 0 0 0 0 0 0 0 0 0 0 0 0 0 1 0 0 0 0 0 0 0 0 0 0 0 0 0 
0 0 0 0 0 0 0 0 0 0 0 0 0 0 0 0 0 0 0 0 0 0 0 0 0 0 0 0 0 0 1 0 
0 0 1 0 0 0 0 0 0 0 0 1 0 0 0 0 0 0 0 0 0 0 0 0 0 0 0 1 0 1 0 0 
0 0 0 0 0 0 0 0 0 0 0 0 0 0 0 0 0 0 0 0 0 0 0 1 0 0 0 0 0 1 0 0 
0 0 0 0 0 0 0 0 0 0 0 0 0 0 0 0 0 0 1 0 0 0 1 0 0 0 0 0 0 0 0 0 
0 0 0 0 0 1 0 0 0 1 0 0 0 0 0 0 0 0 1 1 0 0 0 0 0 0 1 0 0 0 0 0 
0 1 0 0 0 0 0 0 0 0 0 0 0 0 0 0 0 0 0 0 0 0 0 0 0 0 0 0 0 0 0 0 
0 1 0 0 0 0 0 0 0 0 0 0 0 0 0 0 0 1 0 0 0 0 0 0 0 0 1 0 0 0 0 0 
0 0 0 0 0 0 0 0 0 1 0 1 0 0 0 0 0 0 0 0 0 0 0 0 0 0 0 0 0 0 0 0 
0 0 0 0 0 0 0 0 0 0 0 0 0 0 0 0 0 0 0 0 0 0 0 0 0 0 0 0 0 0 0 0 
0 0 0 0 0 0 0 1 1 0 0 0 0 0 0 0 0 0 0 1 0 0 0 0 0 0 0 0 0 0 0 0 
0 0 0 0 0 0 0 0 0 0 0 0 0 1 0 0 0 1 0 0 0 0 0 0 0 0 0 0 0 0 0 0 
0 0 0 0 0 0 0 0 0 0 0 0 0 0 0 0 1 0 0 0 0 1 0 1 0 1 0 0 0 1 0 0 
0 0 0 1 0 0 0 0 0 0 0 1 0 0 0 1 0 0 1 0 0 0 0 0 0 0 0 0 0 1 0 0 
1 0 0 0 0 0 0 0 0 0 0 0 0 0 0 0 0 0 0 0 1 0 0 0 0 0 0 0 0 0 0 0 
0 0 0 0 0 0 0 1 0 1 0 0 0 1 0 0 0 0 1 0 0 0 0 0 0 0 0 0 0 0 1 1 
0 0 0 0 1 0 0 0 0 0 0 0 0 0 0 0 0 0 0 0 0 0 0 0 0 1 1 1 0 0 0 0 
1 0 0 0 0 0 0 0 1 0 0 0 0 0 0 0 0 0 0 0 0 0 0 0 0 0 0 0 0 0 1 1 
0 0 1 0 0 0 0 0 1 0 0 1 0 1 0 0 1 0 0 0 0 1 0 0 1 0 0 0 0 0 0 0 
0 0 0 0 0 0 0 1 0 0 0 0 0 0 0 0 0 0 0 0 0 0 0 0 0 0 0 0 0 1 0 0 
1 0 0 1 0 1 0 0 0 0 0 0 0 1 0 0 0 0 0 0 0 0 0 0 0 0 0 0 0 0 0 0 
1 1 0 0 0 0 0 0 0 0 0 0 0 0 0 0 0 1 0 0 0 0 0 0 0 0 0 0 0 0 0 0 
0 0 0 0 0 0 0 0 0 0 0 0 0 0 0 0 0 0 0 0 0 0 0 0 0 0 0 0 0 0 0 1 
0 0 0 0 0 0 0 0 0 0 0 0 0 0 0 0 1 0 1 0 0 0 0 0 0 0 0 0 0 0 0 0 
0 0 1 0 1 0 0 0 0 0 0 0 0 0 0 1 0 1 0 1 0 0 0 0 0 1 0 0 0 0 0 0 
1 0 0 0 0 0 1 0 1 0 0 0 0 0 0 0 0 0 0 0 0 0 0 0 0 0 0 0 0 0 0 0 
0 0 0 1 0 0 0 0 0 0 0 0 1 1 1 0 0 0 1 0 0 0 0 0 0 0 0 0 0 0 0 0 
0 0 0 0 0 0 0 0 0 0 0 0 0 0 0 0 0 0 0 1 0 0 0 0 0 0 0 0 1 0 0 0 
1 0 0 0 0 0 0 0 0 0 0 0 0 0 0 0 0 1 0 0 0 0 0 0 0 1 0 0 0 0 0 0 
0 0 0 1 0 0 0 0 0 0 0 0 0 0 0 0 0 0 0 1 0 0 0 0 0 0 1 0 0 0 0 0 
0 0 0 0 0 0 0 0 0 0 0 0 0 0 1 0 0 0 0 0 0 0 0 1 1 0 0 0 0 0 0 0 
0 0 0 0 1 0 0 0 0 0 0 0 0 0 0 0 1 0 0 0 1 0 0 0 0 0 0 1 0 0 0 0 

----------------------

Fourier transform:
102.000	0.000		10.515	-3.327		-3.767	3.549		-3.187	0.366		7.657	1.172		-5.491	2.502		2.858	6.784		5.598	12.978		-8.000	-6.000		-1.383	7.770		1.142	-5.701		7.745	3.154		-3.657	-6.828		3.276	12.331		7.767	-0.936		-1.074	2.778		-14.000	0.000		
1.599	-2.766		1.623	2.500		12.006	3.076		0.652	4.920		-8.269	-4.655		0.281	4.855		-2.160	6.082		-1.189	2.294		0.839	8.591		-1.002	7.232		-4.163	-6.289		5.945	4.850		11.833	-2.742		9.341	7.464		15.214	3.458		4.234	-1.842		6.745	3.553		
-0.137	1.427		5.285	-1.375		3.169	-13.885		-2.511	-5.794		0.754	4.504		1.292	3.777		4.326	-5.664		0.337	-1.644		13.979	-5.568		0.007	2.987		-7.959	-1.172		-8.740	-2.379		5.381	-6.713		1.515	3.829		-12.621	8.975		-1.949	-0.026		-3.989	-7.084		
1.069	-3.676		8.228	2.954		-1.581	-0.925		-2.012	-9.745		7.273	6.294		-5.569	3.401		-9.976	5.057		-1.474	-13.174		7.632	1.860		7.693	-0.098		-0.767	0.061		1.844	6.264		-7.470	2.658		-6.769	-8.551		5.435	-9.104		6.954	12.009		8.349	-4.001		
-0.879	1.879		-6.216	3.589		-3.863	-15.227		-1.710	0.840		8.607	-2.636		2.962	-6.724		-2.858	0.156		-2.114	6.877		4.707	-3.950		-0.748	-2.195		3.566	-5.178		5.456	-4.910		-9.607	-6.464		-5.353	-1.339		10.084	3.256		5.982	-1.766		15.021	-17.192		
2.550	3.381		-8.528	0.938		-1.679	-0.673		2.592	10.527		2.622	3.497		-2.397	15.554		-10.856	-4.987		3.295	17.604		-3.816	4.552		0.246	-11.061		-12.200	-12.823		4.006	-4.003		-11.846	-9.877		6.015	-12.022		-16.951	-3.733		1.010	-3.974		6.931	1.142		
-1.647	-2.184		-4.509	-15.333		-8.473	-11.456		-6.089	-0.671		-0.366	6.289		4.369	5.644		-3.690	-1.986		2.248	0.859		-2.913	8.812		12.619	-3.184		-5.903	-19.562		-5.222	-6.818		-1.004	1.045		-4.519	-0.257		1.043	-2.197		7.912	-9.092		3.608	-3.473		
-6.876	-13.251		-6.431	-6.450		6.347	-15.463		-3.763	-10.197		9.035	-6.011		4.307	-15.238		2.450	-5.743		12.407	7.889		5.419	8.401		7.659	4.608		5.432	10.786		10.758	5.878		-0.248	-7.359		-10.297	-1.863		-3.177	-13.567		2.124	-5.149		-0.598	7.774		
-3.000	-5.000		8.221	-2.924		-0.849	-7.414		6.224	1.907		2.586	12.485		-8.763	19.376		0.622	0.628		13.470	-7.488		11.000	11.000		-2.606	8.003		12.833	-4.586		5.183	-7.193		-9.657	5.414		4.642	3.534		6.930	-11.571		1.237	8.254		-9.000	-11.000		
11.910	-5.490		10.723	3.128		-6.536	-9.691		10.485	5.441		-8.439	4.122		-3.221	-4.826		5.990	-7.813		4.112	7.196		-9.477	12.992		6.821	0.611		10.186	-6.109		-3.526	-11.785		3.958	11.601		5.816	0.058		-15.322	5.629		2.287	7.874		1.399	15.692		
-0.696	6.645		-15.626	11.970		9.200	4.045		0.700	-5.676		-7.855	1.831		-2.933	1.925		-0.097	3.752		-9.280	-3.812		3.954	18.689		17.207	-4.665		-9.867	-3.743		6.760	4.322		-7.404	2.226		6.572	-2.542		-4.012	0.686		5.886	6.115		10.048	-0.988		
-1.444	-4.840		5.935	9.191		-9.149	5.252		-1.670	-0.744		-7.335	0.144		4.536	1.063		-0.720	5.118		0.492	2.830		-1.247	-3.663		-4.046	-16.482		-11.730	-10.129		0.539	-3.276		3.931	13.224		-13.924	4.616		-5.658	9.208		5.685	-0.269		-5.263	15.858		
-5.121	-6.121		5.484	5.231		3.767	14.291		8.087	6.257		11.607	13.536		11.044	0.047		5.723	-5.857		14.656	1.910		3.536	5.950		-4.027	11.918		7.603	-6.431		-4.869	-2.304		-12.607	15.364		-12.045	10.859		3.351	14.501		-7.379	-0.355		-9.021	-1.192		
12.654	0.588		6.832	3.775		-3.297	-4.058		-3.430	12.515		2.709	3.478		-0.992	-11.974		7.156	2.120		-3.810	4.581		-5.472	-0.692		-4.168	-5.209		-11.837	13.581		0.791	-3.837		-16.983	-2.309		-2.273	3.224		5.938	4.641		-7.807	6.102		-8.846	-1.770		
-13.520	-1.744		-8.037	1.654		6.621	8.289		-0.126	2.145		1.637	-9.390		2.460	6.863		10.202	-1.758		0.610	-11.865		3.619	2.643		-7.343	-2.259		10.503	-2.492		-7.222	-11.156		-8.065	10.660		14.262	-9.471		14.387	-3.642		-1.470	5.477		6.332	7.401		
2.538	9.481		-6.348	-15.254		1.528	-13.696		1.976	-2.881		7.288	-3.436		4.695	3.669		8.797	-5.355		2.967	-7.598		0.921	-5.578		15.319	0.510		13.656	0.139		-2.819	2.625		-5.750	-0.382		-1.762	0.044		-4.587	-2.842		1.292	3.021		-0.717	6.985		
-4.000	0.000		14.440	0.220		-4.862	1.067		7.115	-12.746		-5.071	-12.243		-3.588	-1.825		-1.747	16.471		9.750	-4.350		4.000	-4.000		-1.104	-20.519		13.747	3.986		6.350	9.380		9.071	3.757		-10.848	-9.541		16.862	-3.418		9.884	-7.949		4.000	0.000		
2.538	-9.481		-4.307	-5.543		8.869	-4.726		0.959	-10.147		-0.649	7.394		3.164	9.902		6.477	9.232		4.985	4.403		6.415	1.867		-6.816	-1.474		5.846	2.423		-3.630	5.873		-5.453	7.122		4.805	-5.496		14.819	-7.234		9.715	-1.760		-0.717	-6.985		
-13.520	1.744		-1.143	0.340		-1.923	-12.381		4.245	1.824		0.175	3.739		-0.494	-6.238		2.401	-8.005		7.812	8.429		1.678	9.083		-3.964	0.430		0.272	-1.504		-9.343	1.206		3.347	-2.701		4.685	3.726		-0.258	8.987		-9.713	-6.207		6.332	-7.401		
12.654	-0.588		4.242	6.731		-9.530	-5.353		2.226	-4.054		0.207	-11.774		-6.732	7.440		2.142	-5.362		1.545	1.141		15.317	-15.075		8.784	-3.711		2.557	-4.328		-1.945	4.472		0.084	4.386		9.963	7.380		15.245	5.531		10.347	-1.605		-8.846	1.770		
-5.121	6.121		-0.625	5.252		1.820	7.672		1.947	-2.168		1.293	-10.778		-5.604	-7.277		0.397	-0.774		-4.210	5.140		3.293	5.950		-2.651	-2.039		-6.894	8.285		16.711	5.760		3.707	8.364		-1.613	9.573		-7.767	4.635		12.410	8.009		-9.021	1.192		
-1.444	4.840		12.262	1.575		-1.344	-1.243		1.756	-4.959		2.930	15.834		-8.738	1.035		4.096	-0.937		11.828	-9.303		3.649	-6.706		-4.705	2.045		16.720	-4.452		-7.890	-10.227		-0.783	-5.082		-6.673	7.022		19.091	16.768		-4.006	5.537		-5.263	-15.858		
-0.696	-6.645		5.935	0.458		10.195	3.807		-5.490	-8.923		-16.362	0.297		-1.065	-1.607		-6.623	-4.787		-3.296	4.003		0.913	-9.983		-0.042	0.142		-12.448	-5.402		-6.305	0.681		16.075	-0.803		-3.237	3.081		-1.525	-3.396		-1.909	8.583		10.048	0.988		
11.910	5.490		-0.910	5.182		-7.409	2.030		4.874	-2.291		-5.328	-10.149		6.207	-1.908		-0.133	-5.437		1.255	-4.519		1.450	1.448		-1.353	2.659		-1.749	-1.129		2.600	-2.631		-0.061	-3.457		3.461	-7.919		1.616	-5.053		-6.626	-5.067		1.399	-15.692		
-3.000	5.000		2.619	2.178		1.070	-4.742		1.972	9.771		1.657	-2.586		-1.961	3.474		-7.176	4.586		5.524	1.420		1.000	-5.000		-1.326	-7.069		7.378	1.799		10.150	-0.518		5.414	4.485		6.553	-3.104		-4.808	7.414		-3.139	1.317		-9.000	11.000		
-6.876	13.251		1.833	3.902		4.802	12.740		0.351	1.106		-2.643	-3.548		-5.431	1.853		1.586	9.086		-1.988	-0.767		1.052	2.692		0.620	-5.219		-4.270	-10.571		0.075	1.701		3.318	-6.324		1.306	5.596		-8.187	-2.069		-1.907	1.741		-0.598	-7.774		
-1.647	2.184		3.834	-2.081		-4.718	0.018		2.823	-7.842		-5.559	2.411		4.140	0.459		-3.209	0.941		-5.127	2.473		0.389	1.796		3.287	9.472		7.208	4.284		-8.175	10.401		-2.495	-5.297		-9.643	-21.229		-1.023	-5.021		8.175	10.277		3.608	3.473		
2.550	-3.381		-6.330	-4.236		8.688	9.242		-2.664	-6.731		2.198	6.993		3.856	6.043		8.153	4.265		7.404	-1.704		1.126	-1.264		-7.077	2.331		8.642	-10.192		3.007	-3.503		-16.545	-0.954		3.022	8.774		12.119	6.157		10.535	-0.985		6.931	-1.142		
-0.879	-1.879		-1.465	-2.480		-2.084	8.913		5.374	-0.655		2.293	4.364		-0.872	1.234		7.262	-4.006		4.423	-2.245		-3.536	-3.950		3.941	-7.722		-1.142	-1.501		1.017	2.249		2.707	-4.778		-4.530	-1.304		-2.966	-1.085		-1.459	-6.017		15.021	17.192		
1.069	3.676		-5.913	-3.513		0.836	4.109		0.414	-3.664		3.740	4.505		0.429	-0.049		-4.755	-2.441		-1.277	3.000		-1.189	0.703		-5.513	3.067		2.061	3.802		6.749	11.186		12.641	4.297		-7.323	-4.107		2.523	4.197		-0.663	5.130		8.349	4.001		
-0.137	-1.427		5.480	1.006		-4.085	-8.670		-5.798	-3.253		8.263	-1.682		-4.111	-1.428		1.486	0.739		2.606	-4.494		-5.619	-9.471		-0.244	-5.504		2.084	8.137		8.492	-4.299		-2.521	-6.418		6.080	-0.137		5.337	-7.310		7.040	7.607		-3.989	7.084		
1.599	2.766		11.283	-0.500		-1.333	-2.744		0.830	-3.714		5.975	-1.375		-3.011	-0.616		-8.370	-1.669		2.454	-5.683		9.381	5.871		-0.841	5.757		3.739	4.448		1.485	-6.011		18.058	6.512		1.090	-6.209		-7.337	-2.109		-2.739	6.243		6.745	-3.553		

----------------------

Coordinates:
0 0 0 0 0 0 0 0 0 0 0 0 1 0 0 0 0 0 1 0 0 0 0 0 0 0 0 0 0 0 0 0 
0 0 1 0 0 0 0 1 0 0 0 0 0 0 0 0 0 0 0 0 0 0 0 0 0 0 0 0 0 0 0 0 
0 0 0 0 0 0 0 0 0 0 0 0 0 0 0 0 0 0 0 1 0 0 0 0 0 0 0 0 0 0 0 0 
0 1 0 0 0 1 0 0 0 0 0 0 0 0 0 0 0 0 1 0 0 0 0 0 0 0 0 0 0 0 0 0 
1 0 0 0 0 0 0 0 0 0 1 0 0 0 0 0 0 1 0 0 0 0 0 0 0 1 0 0 0 1 0 0 
0 0 0 0 0 0 0 0 0 0 0 0 0 0 0 1 0 0 0 0 0 0 0 0 0 0 0 0 1 0 0 0 
1 0 0 0 0 0 0 1 0 0 0 0 0 0 0 0 0 1 0 0 0 0 0 0 0 0 0 0 0 0 0 0 
0 0 1 0 0 1 0 0 0 0 0 0 0 0 1 0 0 0 0 0 0 0 1 0 0 0 0 0 0 0 0 0 
0 0 0 0 1 0 0 0 0 0 0 1 0 1 0 0 0 0 0 0 0 0 0 0 0 0 0 0 0 0 0 0 
1 0 0 0 0 0 0 0 0 1 0 0 0 0 0 0 0 0 0 0 0 1 0 0 0 0 0 0 0 0 0 0 
0 0 0 1 0 0 0 0 0 0 0 0 0 0 1 0 0 0 1 0 0 0 0 0 0 1 0 1 0 0 0 0 
0 0 0 0 0 0 0 0 1 0 0 0 1 0 0 0 1 0 0 0 1 0 0 0 0 0 0 0 0 0 0 0 
1 0 0 0 0 1 0 0 0 0 0 0 0 0 0 0 0 0 0 0 0 0 0 1 0 0 1 0 0 0 0 0 
0 0 0 0 0 0 0 0 0 0 0 0 1 0 0 0 0 0 0 0 0 0 0 0 0 0 0 0 1 0 0 0 
0 0 0 0 1 0 0 0 1 0 1 0 0 0 0 0 0 0 0 0 0 1 0 0 1 0 0 0 0 0 0 1 
0 0 0 0 0 0 0 0 0 0 0 0 1 0 0 0 0 1 0 0 0 0 0 0 0 0 0 0 0 0 0 0 
0 0 0 0 1 0 0 0 0 0 0 0 0 0 0 1 0 0 0 0 0 1 0 0 0 0 0 1 0 0 1 0 
0 0 1 0 0 0 0 0 0 0 1 0 1 0 0 0 0 0 0 0 0 0 0 0 0 0 0 0 0 1 0 0 
0 0 0 0 0 0 0 0 1 0 0 0 0 0 0 0 0 0 0 0 0 1 0 1 0 0 0 0 0 0 0 1 
0 0 0 0 0 0 1 0 0 0 0 0 0 0 1 0 0 0 0 1 0 0 0 0 0 0 0 0 0 0 0 0 
0 1 0 0 0 0 0 0 0 0 0 0 0 0 0 0 0 0 0 0 0 0 1 0 0 0 0 0 0 0 0 1 
0 0 0 0 1 0 1 0 0 0 0 1 0 0 0 0 0 1 0 1 0 0 0 0 1 0 0 0 0 0 0 0 
0 0 1 0 0 0 0 0 0 0 0 0 0 0 0 0 0 0 0 0 0 0 0 0 0 0 1 0 0 1 0 0 
0 1 0 0 0 0 0 0 0 0 0 0 0 1 0 0 0 0 0 0 1 0 0 0 0 0 0 0 0 0 0 0 
0 0 0 0 0 0 0 1 0 0 1 0 1 0 0 1 0 0 0 0 0 0 0 0 0 0 0 0 0 0 0 0 
1 0 0 0 0 0 0 0 0 0 0 0 0 0 0 0 0 0 0 0 0 0 0 0 1 0 0 0 0 0 0 0 
0 0 0 0 0 0 0 0 0 0 0 0 0 0 0 0 0 1 0 0 0 0 0 0 0 0 1 0 0 0 0 0 
0 0 0 0 0 0 0 0 0 0 0 1 0 0 0 0 0 0 0 0 1 0 0 0 0 0 0 0 0 0 1 0 
0 0 0 0 0 0 0 0 0 0 1 0 0 0 0 0 0 0 0 0 0 0 0 0 0 0 0 0 0 0 0 0 
0 0 0 0 1 0 0 0 0 0 0 0 0 1 0 0 0 0 0 1 0 0 0 0 0 0 0 0 0 0 0 0 
0 0 0 0 0 0 1 0 0 0 0 0 0 0 0 0 0 1 0 0 0 0 0 0 0 0 0 0 0 0 0 0 
0 0 0 0 0 0 0 0 0 0 0 0 0 1 0 0 0 0 0 0 0 1 0 0 0 0 0 0 0 0 1 0 

----------------------

Fourier transform:
102.000	0.000		-4.418	-4.869		6.084	-1.423		6.838	-0.195		-5.414	-1.172		7.442	6.371		3.603	-2.823		-0.774	2.923		2.000	-6.000		4.864	0.747		-3.603	-5.651		0.774	-2.563		-2.586	6.828		6.604	7.842		-6.084	-4.252		10.672	9.925		6.000	0.000		
-14.249	-4.016		-4.245	-3.309		4.845	-2.851		-6.158	7.663		0.198	-5.280		1.116	5.885		-3.285	-6.894		5.431	-11.729		-10.795	-9.751		1.561	-5.912		13.705	-0.423		-0.042	-2.550		1.951	-3.334		2.101	-11.006		2.401	-12.320		6.318	-6.932		-5.195	0.476		
-2.455	-3.167		0.357	-3.851		-5.280	-7.235		3.290	6.961		-3.437	-1.268		-5.221	3.870		-10.702	-0.555		-12.419	3.356		-2.646	9.387		-8.479	-5.179		-3.009	4.073		0.022	-3.725		-3.078	5.654		3.567	0.194		0.009	-0.703		1.120	15.089		-0.455	10.224		
1.677	0.584		1.038	-2.679		3.187	-5.228		0.216	-0.732		-10.336	-6.849		11.415	-3.565		-9.185	-6.037		-4.599	4.900		-2.284	-9.075		-9.837	-2.333		2.848	4.308		-2.698	-2.903		14.973	1.543		-12.225	-10.720		-4.329	6.175		-12.451	2.477		0.924	-5.223		
-1.121	2.707		0.571	-4.866		0.489	4.386		6.511	-9.105		-8.950	0.050		-5.617	-9.460		0.519	0.610		-7.387	7.124		3.464	1.636		-3.918	3.776		-3.688	3.121		0.715	-18.462		-1.636	2.879		0.331	4.165		4.480	-7.466		5.852	11.306		-1.121	1.050		
-4.898	3.396		-1.480	-1.596		-10.210	0.801		1.065	-4.014		2.581	14.956		10.610	3.061		5.542	-6.744		2.241	2.182		3.072	10.747		-1.199	0.242		-5.494	10.847		3.539	16.357		-9.309	-1.317		7.935	13.313		6.255	-5.091		-5.631	-11.502		9.392	-0.048		
3.313	3.822		-5.046	5.003		3.224	6.872		-9.241	0.712		0.393	0.981		-12.449	-0.242		-3.109	3.001		-17.855	7.336		5.415	4.038		-8.674	10.096		-8.255	-5.713		19.114	1.946		10.917	-1.653		7.992	-3.866		5.168	-3.595		-1.303	-0.142		5.313	-5.239		
-1.000	3.549		-5.664	7.682		-6.946	8.431		11.192	8.103		0.169	-7.913		-10.205	-10.376		-3.781	8.452		-2.869	-2.180		13.743	-5.759		10.211	1.883		3.966	1.521		-4.344	5.594		-9.136	13.604		-1.542	-15.043		-0.437	0.201		-2.603	12.122		-1.173	0.062		
1.000	1.000		-1.144	-11.693		5.478	11.327		5.271	-2.954		-11.000	0.414		0.264	9.787		5.237	1.823		-0.835	-8.673		7.000	-7.000		3.375	-16.971		10.370	-6.845		-10.166	-8.840		1.000	3.243		19.250	-4.476		3.837	3.252		2.877	-16.343		1.000	1.000		
8.816	4.787		0.169	-3.410		-6.961	-2.183		-0.894	3.819		2.468	-6.889		-4.476	6.879		-7.243	0.278		4.158	1.958		0.739	-4.863		2.190	5.683		-8.863	-4.531		8.358	-1.251		8.990	6.253		5.970	11.697		0.833	2.962		-9.585	-0.226		11.200	0.229		
-3.313	-7.835		2.668	6.729		8.732	-5.009		-11.439	-3.505		-5.835	0.132		3.680	-2.386		-3.160	1.701		10.874	8.442		-12.204	-2.055		3.817	-5.234		1.352	4.073		9.110	5.022		-0.913	5.086		3.014	-3.798		17.504	2.629		-3.145	9.492		-1.313	-4.896		
0.126	-6.124		-4.486	-3.586		-4.316	-3.841		10.895	8.065		4.748	-10.499		12.408	3.654		-1.788	-10.674		4.997	9.176		12.049	-0.291		-1.580	-8.841		0.997	-2.578		5.933	-11.368		-10.066	11.003		-1.119	-9.830		-10.219	-9.444		-2.203	-8.940		-5.889	7.206		
3.121	-1.293		-18.569	-13.514		-1.128	2.754		-4.531	-2.141		-14.364	-7.121		1.685	4.716		-4.633	-1.901		-8.176	5.736		5.364	11.778		1.224	-7.796		-10.645	0.843		-4.928	-15.674		0.950	-9.950		-2.552	-8.722		0.770	1.121		4.291	2.343		3.121	-10.950		
-6.077	9.207		4.372	1.496		3.517	1.059		-2.551	-6.938		-6.797	-6.280		0.049	-0.149		-15.563	-7.449		8.641	-4.760		-9.447	-3.621		0.282	-7.130		-0.147	16.831		4.874	6.347		-6.130	8.491		-8.274	2.982		7.655	1.591		-19.339	2.652		4.744	3.202		
2.455	-2.824		-3.690	7.474		-8.595	-5.289		0.708	16.121		1.458	7.002		1.115	-2.031		5.595	7.144		-1.035	-10.292		10.662	11.581		0.476	-1.059		-8.854	9.345		0.894	-4.101		4.824	-7.179		-6.401	-1.399		-4.963	5.836		0.111	1.828		4.455	-1.433		
-8.395	7.364		-13.859	-6.373		4.818	6.868		-1.640	5.132		1.212	-14.872		-9.522	17.970		-5.247	-18.877		-2.082	-2.059		0.678	1.049		-6.131	11.194		26.666	6.730		12.350	3.822		5.227	-0.329		12.132	6.639		-13.260	-1.686		-3.562	14.696		9.996	-6.186		
4.000	0.000		6.628	6.299		-5.881	3.549		-5.147	1.988		13.071	-5.172		-5.187	4.693		8.811	6.784		3.324	13.802		-8.000	6.000		12.641	0.001		2.503	-5.701		3.978	-1.742		-1.071	10.828		3.041	-1.133		-5.433	-0.936		-3.280	11.812		-12.000	0.000		
-8.395	-7.364		-10.187	-6.607		-0.536	5.105		-7.040	5.039		-4.420	-7.809		15.731	-0.083		4.478	-6.673		-7.422	-11.707		4.531	-9.159		6.720	-3.152		0.120	0.276		7.695	7.119		-16.168	-18.968		5.498	11.908		5.312	-6.817		-1.447	-2.208		9.996	6.186		
2.455	2.824		4.391	6.570		3.678	-13.039		12.999	-9.773		7.781	6.440		-4.030	-1.317		4.420	10.977		15.818	6.762		5.959	-11.387		-5.758	3.013		-9.100	-1.840		2.477	-0.084		5.078	-4.482		-6.595	-7.365		-0.479	-0.828		0.647	-0.042		4.455	1.433		
-6.077	-9.207		2.990	4.957		4.158	7.841		-0.015	-7.437		-4.377	-0.408		-0.111	3.259		7.633	-3.405		0.570	-5.486		-8.859	9.407		-4.971	-8.274		-0.134	3.312		4.791	6.823		1.274	-5.431		14.782	-4.948		-1.925	-1.669		-5.182	-14.019		4.744	-3.202		
3.121	1.293		-4.927	0.878		2.301	-1.121		-17.695	8.101		-12.364	9.607		1.158	3.042		-3.254	5.914		3.075	-8.206		10.536	14.364		-2.016	-5.285		-5.267	3.170		-1.924	-4.592		-12.364	-2.879		-16.185	-0.372		-5.458	6.168		4.128	-1.306		3.121	10.950		
0.126	6.124		-1.610	-4.069		6.120	-9.266		5.858	-2.938		5.611	3.582		-0.994	7.953		11.058	0.020		5.053	6.965		7.175	-10.923		-6.863	-0.221		3.046	-6.632		-3.276	10.903		0.851	3.329		-8.182	5.777		-1.600	7.704		-3.170	-1.598		-5.889	-7.206		
-3.313	7.835		8.948	8.192		6.161	0.118		-4.623	-4.426		1.607	-7.809		9.826	-8.240		-0.227	-5.762		12.075	-3.671		-7.071	-11.695		0.532	-2.570		2.559	2.018		-1.336	-12.903		4.740	-9.175		2.321	7.288		0.160	-8.624		-7.980	-15.907		-1.313	4.896		
8.816	-4.787		-4.581	-4.172		-4.081	-1.912		4.203	-11.934		3.984	-4.545		-2.298	12.515		-6.731	-1.286		-1.728	2.144		5.138	1.732		7.339	-4.444		1.185	9.882		-14.449	10.101		5.578	9.196		-1.820	0.334		-7.872	-0.290		-11.983	19.561		11.200	-0.229		
1.000	-1.000		-0.801	1.458		-1.837	2.423		6.576	-6.779		1.000	5.243		-4.502	-1.719		9.287	-0.360		6.174	-2.076		-5.000	7.000		-3.584	0.840		-3.237	6.651		1.224	-8.195		-11.000	2.414		-4.260	-5.389		2.865	0.842		-3.718	9.696		1.000	-1.000		
-1.000	-3.549		4.705	-6.728		1.050	10.404		9.016	2.418		-2.731	5.149		5.988	-1.074		-5.683	0.804		-2.926	2.155		-10.961	1.631		2.072	10.412		-4.579	5.012		7.638	-10.165		2.399	1.906		-6.284	-2.577		5.673	-1.715		-7.205	-3.391		-1.173	-0.062		
3.313	-3.822		5.211	9.906		5.255	2.447		-4.100	5.701		-1.822	-12.617		2.980	0.147		4.855	-5.396		-7.958	0.310		-7.109	0.055		6.682	-12.472		-0.359	0.481		-1.262	-4.278		-14.744	-4.601		5.725	2.679		5.395	10.017		4.468	-5.524		5.313	5.239		
-4.898	-3.396		2.405	2.774		3.140	-3.257		4.002	2.389		12.793	3.614		-2.549	-0.503		0.003	-6.924		0.314	4.456		-1.391	2.788		1.247	2.639		0.522	-3.261		-1.042	1.000		6.304	2.056		-12.004	-4.825		-6.643	-11.912		8.451	-2.944		9.392	0.048		
-1.121	-2.707		-5.630	-6.349		1.419	1.605		1.227	-2.222		0.364	7.121		1.413	-4.114		-7.383	-3.121		-5.514	7.693		-7.364	-3.778		3.651	0.294		-9.933	0.024		-1.113	-7.559		0.364	11.607		9.503	4.346		9.411	13.457		1.346	-12.298		-1.121	-1.050		
1.677	-0.584		-4.272	2.915		-5.968	-7.102		-2.129	-5.525		5.433	3.542		8.178	-0.284		-2.927	-2.390		5.736	-1.559		-0.315	9.939		-1.754	-2.018		3.588	4.200		4.649	3.586		-7.554	-8.644		-8.778	8.438		11.177	0.281		-2.964	-7.723		0.924	5.223		
-2.455	3.167		-0.242	5.738		5.065	3.758		0.054	5.807		-5.801	9.484		-1.448	4.386		3.200	-3.255		7.492	6.392		-1.005	-7.924		-1.710	5.012		-9.148	6.735		-8.691	-11.130		-1.167	2.694		-12.053	0.422		-7.092	-10.796		-0.393	13.939		-0.455	-10.224		
-14.249	4.016		-1.794	-0.781		5.647	-1.621		-2.335	-0.464		0.777	-2.812		8.423	-0.454		-2.968	-1.612		-5.458	3.458		-3.073	0.150		4.528	8.184		-1.740	-5.648		-7.993	1.275		-0.498	1.328		8.888	0.507		9.514	16.534		4.671	-15.510		-5.195	-0.476		

----------------------

ISF along <11-2> azimuth:
time_factor: 1, time_steps: 10, repeats: 1000

Real
Timestep 1	Timestep 2	0.00000	0.13073	0.26146	0.39220	0.52293	0.65366	0.78439	0.91513	1.04586	1.17659	1.30732	1.43806	1.56879	1.69952	1.83025	1.96099	
0	0	102.00000	0.46616	0.51558	0.65783	0.82034	0.98564	1.20606	1.29325	1.12990	1.02632	0.85856	0.82606	0.84915	0.87498	0.94404	1.01532	
0	1	102.00000	0.40838	0.34605	0.33823	0.37050	0.48661	0.61963	0.59404	0.52173	0.47639	0.39467	0.37225	0.36905	0.39941	0.46519	0.46509	
0	2	102.00000	0.35706	0.22824	0.20039	0.21481	0.23671	0.32999	0.33714	0.28527	0.24701	0.21995	0.23712	0.18353	0.21714	0.24542	0.22673	
0	3	102.00000	0.31132	0.15977	0.11514	0.10223	0.14237	0.16638	0.20966	0.18076	0.12589	0.11202	0.14107	0.10744	0.10381	0.16697	0.14768	
0	4	102.00000	0.27332	0.10245	0.08475	0.03733	0.08413	0.08407	0.07983	0.12073	0.07758	0.09210	0.11682	0.05602	0.05296	0.11385	0.07625	
0	5	102.00000	0.23682	0.05402	0.02142	0.03731	0.07095	0.05835	0.03560	0.06600	0.05648	0.03260	0.07498	0.01677	0.03386	0.07009	0.02715	
0	6	102.00000	0.21411	0.01859	0.00463	0.03032	0.03638	0.05404	-0.00732	0.07612	0.03688	-0.01747	0.03752	0.02699	0.04757	0.01818	0.01282	
0	7	102.00000	0.18877	0.00397	0.01564	0.00660	0.06028	0.05824	-0.02289	0.03429	0.01124	-0.00574	0.01885	0.01638	0.00878	-0.00549	0.04921	
0	8	102.00000	0.16005	-0.01044	-0.00274	0.00020	-0.00208	0.03483	0.00008	0.00718	-0.00040	-0.02526	0.01070	0.00582	-0.00580	0.01522	0.05447	
0	9	102.00000	0.13719	-0.01241	-0.02337	-0.01096	0.02424	0.02624	-0.03346	-0.01276	-0.00428	0.00842	0.01114	0.02179	0.03747	0.03936	0.01586	
0	10	102.00000	0.12003	-0.00588	-0.02165	0.00851	0.02076	0.00899	-0.01121	-0.01029	-0.00351	-0.02222	0.00907	0.01733	0.01260	0.01739	-0.00523	

Imaginary
Timestep 1	Timestep 2	0.00000	0.13073	0.26146	0.39220	0.52293	0.65366	0.78439	0.91513	1.04586	1.17659	1.30732	1.43806	1.56879	1.69952	1.83025	1.96099	
0	0	0.00000	0.00000	0.00000	0.00000	0.00000	0.00000	0.00000	0.00000	0.00000	0.00000	0.00000	0.00000	0.00000	0.00000	0.00000	0.00000	
0	1	0.00000	-0.00104	-0.01405	-0.00360	0.01742	0.03271	-0.01400	0.05376	0.02906	-0.00071	0.00005	-0.01603	-0.00154	-0.00705	0.01929	0.00635	
0	2	0.00000	0.00351	-0.00936	0.00834	-0.01471	-0.02423	-0.00573	0.05183	-0.01071	-0.05158	0.00325	-0.01313	0.00201	0.01134	0.00460	-0.01954	
0	3	0.00000	0.00936	-0.00277	-0.00073	-0.00846	0.03043	0.02238	0.04035	-0.02678	-0.02450	-0.00279	-0.01305	-0.00518	0.02691	0.01849	0.00271	
0	4	0.00000	0.01575	0.00685	-0.01171	0.00389	-0.00550	-0.02279	0.01765	-0.04506	0.00710	-0.01713	-0.01334	0.00426	-0.02640	-0.01286	0.01387	
0	5	0.00000	0.02059	0.01445	-0.00540	-0.00083	0.00651	-0.00061	-0.00708	-0.02459	-0.02543	0.00646	0.01551	-0.00707	-0.02636	-0.00781	0.01424	
0	6	0.00000	0.02584	0.00055	-0.01091	0.00171	0.00787	0.00274	-0.01474	-0.02586	-0.00872	0.03377	0.01401	-0.00803	-0.00765	0.01680	0.03401	
0	7	0.00000	0.02768	0.01309	-0.01128	-0.01772	0.01349	-0.01737	-0.03552	-0.04863	0.03379	0.01591	-0.00238	-0.02094	-0.02988	-0.00915	0.02775	
0	8	0.00000	0.02120	-0.00468	-0.00160	-0.01075	0.02412	0.02947	-0.00289	-0.00663	0.01346	0.00601	-0.00443	-0.00128	-0.04509	-0.00771	0.02073	
0	9	0.00000	0.01315	-0.00698	-0.02694	-0.02203	0.00784	0.01322	-0.00479	0.00651	0.01098	0.01158	-0.00023	-0.02744	-0.04040	-0.01548	-0.00690	
0	10	0.00000	0.01231	-0.02020	-0.01004	0.00772	-0.01833	0.01127	-0.02706	-0.00043	-0.00762	0.03789	0.00606	-0.02083	0.00036	0.00187	0.02035	

Real variance
Timestep 1	Timestep 2	0.00000	0.13073	0.26146	0.39220	0.52293	0.65366	0.78439	0.91513	1.04586	1.17659	1.30732	1.43806	1.56879	1.69952	1.83025	1.96099	
0	0	0.00000	0.00000	0.00000	0.00000	0.00000	0.00000	0.00000	0.00000	0.00000	0.00000	0.00000	0.00000	0.00000	0.00000	0.00000	0.00000	
0	1	0.00000	0.00000	0.00000	0.00000	0.00000	0.00000	0.00000	0.00000	0.00000	0.00000	0.00000	0.00000	0.00000	0.00000	0.00000	0.00000	
0	2	0.00000	0.00000	0.00000	0.00000	0.00000	0.00000	0.00000	0.00000	0.00000	0.00000	0.00000	0.00000	0.00000	0.00000	0.00000	0.00000	
0	3	0.00000	0.00000	0.00000	0.00000	0.00000	0.00000	0.00000	0.00000	0.00000	0.00000	0.00000	0.00000	0.00000	0.00000	0.00000	0.00000	
0	4	0.00000	0.00000	0.00000	0.00000	0.00000	0.00000	0.00000	0.00000	0.00000	0.00000	0.00000	0.00000	0.00000	0.00000	0.00000	0.00000	
0	5	0.00000	0.00000	0.00000	0.00000	0.00000	0.00000	0.00000	0.00000	0.00000	0.00000	0.00000	0.00000	0.00000	0.00000	0.00000	0.00000	
0	6	0.00000	0.00000	0.00000	0.00000	0.00000	0.00000	0.00000	0.00000	0.00000	0.00000	0.00000	0.00000	0.00000	0.00000	0.00000	0.00000	
0	7	0.00000	0.00000	0.00000	0.00000	0.00000	0.00000	0.00000	0.00000	0.00000	0.00000	0.00000	0.00000	0.00000	0.00000	0.00000	0.00000	
0	8	0.00000	0.00000	0.00000	0.00000	0.00000	0.00000	0.00000	0.00000	0.00000	0.00000	0.00000	0.00000	0.00000	0.00000	0.00000	0.00000	
0	9	0.00000	0.00000	0.00000	0.00000	0.00000	0.00000	0.00000	0.00000	0.00000	0.00000	0.00000	0.00000	0.00000	0.00000	0.00000	0.00000	
0	10	0.00000	0.00000	0.00000	0.00000	0.00000	0.00000	0.00000	0.00000	0.00000	0.00000	0.00000	0.00000	0.00000	0.00000	0.00000	0.00000	

Imaginary variance
Timestep 1	Timestep 2	0.00000	0.13073	0.26146	0.39220	0.52293	0.65366	0.78439	0.91513	1.04586	1.17659	1.30732	1.43806	1.56879	1.69952	1.83025	1.96099	
0	0	0.00000	0.00000	0.00000	0.00000	0.00000	0.00000	0.00000	0.00000	0.00000	0.00000	0.00000	0.00000	0.00000	0.00000	0.00000	0.00000	
0	1	0.00000	0.00000	0.00000	0.00000	0.00000	0.00000	0.00000	0.00000	0.00000	0.00000	0.00000	0.00000	0.00000	0.00000	0.00000	0.00000	
0	2	0.00000	0.00000	0.00000	0.00000	0.00000	0.00000	0.00000	0.00000	0.00000	0.00000	0.00000	0.00000	0.00000	0.00000	0.00000	0.00000	
0	3	0.00000	0.00000	0.00000	0.00000	0.00000	0.00000	0.00000	0.00000	0.00000	0.00000	0.00000	0.00000	0.00000	0.00000	0.00000	0.00000	
0	4	0.00000	0.00000	0.00000	0.00000	0.00000	0.00000	0.00000	0.00000	0.00000	0.00000	0.00000	0.00000	0.00000	0.00000	0.00000	0.00000	
0	5	0.00000	0.00000	0.00000	0.00000	0.00000	0.00000	0.00000	0.00000	0.00000	0.00000	0.00000	0.00000	0.00000	0.00000	0.00000	0.00000	
0	6	0.00000	0.00000	0.00000	0.00000	0.00000	0.00000	0.00000	0.00000	0.00000	0.00000	0.00000	0.00000	0.00000	0.00000	0.00000	0.00000	
0	7	0.00000	0.00000	0.00000	0.00000	0.00000	0.00000	0.00000	0.00000	0.00000	0.00000	0.00000	0.00000	0.00000	0.00000	0.00000	0.00000	
0	8	0.00000	0.00000	0.00000	0.00000	0.00000	0.00000	0.00000	0.00000	0.00000	0.00000	0.00000	0.00000	0.00000	0.00000	0.00000	0.00000	
0	9	0.00000	0.00000	0.00000	0.00000	0.00000	0.00000	0.00000	0.00000	0.00000	0.00000	0.00000	0.00000	0.00000	0.00000	0.00000	0.00000	
0	10	0.00000	0.00000	0.00000	0.00000	0.00000	0.00000	0.00000	0.00000	0.00000	0.00000	0.00000	0.00000	0.00000	0.00000	0.00000	0.00000	

----------------------

Pair correlation function.
Bin resolution: 0.007071068, normalisation factor: 103020000

Bin centre	Probability	Number in bin
1.7300	0.007370	759300
2.0000	0.006350	654160
2.6500	0.011321	1166338
3.0000	0.005884	606182
3.4600	0.005943	612290
3.6100	0.011862	1221990
4.0000	0.005913	609182
4.3600	0.011765	1211984
4.5800	0.011775	1213034
5.0000	0.005878	605538
5.2000	0.005902	608018
5.2900	0.011768	1212388
5.5700	0.011798	1215384
6.0000	0.005889	606712
6.0800	0.011769	1212486
6.2400	0.011786	1214232
6.5600	0.011807	1216352
6.9300	0.005892	606998
7.0000	0.017676	1820990
7.2100	0.011796	1215262
7.5500	0.011802	1215818
7.8100	0.011825	1218214
7.9400	0.011751	1210630
8.0000	0.005914	609260
8.1900	0.011795	1215124
8.5400	0.011764	1211878
8.6600	0.005897	607542
8.7200	0.011744	1209902
8.8900	0.011802	1215864
9.0000	0.005880	605804
9.1700	0.011787	1214318
9.5400	0.023549	2425968
9.6400	0.011791	1214674
9.8500	0.011767	1212254
10.0000	0.005886	606332
10.1500	0.011749	1210424
10.3900	0.005898	607642
10.4400	0.011754	1210902
10.5400	0.011775	1213026
10.5800	0.011785	1214074
10.8200	0.011773	1212896
11.0000	0.005887	606486
11.1400	0.011766	1212168
11.2700	0.011776	1213178
11.3600	0.011780	1213598
11.5300	0.023609	2432166
11.7900	0.011782	1213808
12.0000	0.005903	608150
12.1200	0.017662	1819578
12.1700	0.011739	1209344
12.2900	0.011789	1214520
12.4900	0.011771	1212652
12.5300	0.011777	1213260
12.7700	0.011808	1216412
13.0000	0.017690	1822384
13.0800	0.011795	1215112
13.1100	0.011782	1213750
13.2300	0.011761	1211596
13.4500	0.011770	1212522
13.5300	0.011800	1215586
13.7500	0.011777	1213280
13.8600	0.005895	607288
13.8900	0.011773	1212892
14.0000	0.017682	1821564
14.1100	0.011789	1214488
14.1800	0.011803	1215904
14.4200	0.011790	1214576
14.5300	0.011797	1215298
14.7300	0.023520	2423016
14.8000	0.011763	1211816
14.9300	0.011775	1213044
15.0000	0.005883	606082
15.1000	0.011806	1216238
15.1300	0.011774	1212918
15.3900	0.011794	1215062
15.5200	0.011800	1215612
15.5900	0.005866	604338
15.6200	0.011789	1214522
15.7200	0.023582	2429414
15.8700	0.011765	1212070
16.0000	0.002926	301396

----------------------


