CO/Pt111 System Monte-Carlo Simulation.		Started: Tue Dec 15 12:16:43 2009


name=./montecarlo-1.1.0, dim=32, n_co=205, n_sweeps=100000, skip_sweeps=100000, out_name=longISFnnreptheta0.2.csv
Interaction mode: Nearest neighbour

----------------------

Coordinates:
0 0 0 0 1 0 1 0 0 0 0 1 1 0 0 1 0 0 0 0 0 0 0 0 0 0 0 0 0 0 1 0 
0 0 0 0 1 0 0 0 1 1 0 0 0 0 0 0 0 1 0 1 1 1 0 0 1 0 0 0 0 0 0 0 
0 0 0 0 1 0 0 1 0 0 0 0 0 0 0 0 1 1 0 0 0 0 1 0 0 0 0 0 0 0 1 0 
0 0 0 0 1 0 0 1 0 1 0 0 0 1 0 0 0 0 0 0 0 0 0 0 1 0 1 0 0 0 1 0 
0 0 0 0 1 0 0 0 0 0 0 1 0 0 0 0 0 0 0 1 0 0 0 0 0 0 0 0 0 1 1 0 
0 1 0 0 0 0 0 0 0 1 1 0 1 0 0 0 0 1 0 0 1 0 0 1 1 0 0 0 0 0 0 1 
0 0 0 0 0 0 0 0 0 0 0 0 0 0 0 0 0 1 0 0 1 0 0 0 0 0 0 0 0 0 0 0 
0 0 0 0 0 1 0 0 0 0 0 1 1 0 0 0 1 0 0 0 0 0 0 1 0 0 0 0 1 1 0 0 
0 0 0 0 0 0 0 0 0 0 0 0 1 0 0 1 1 0 0 1 0 0 1 1 0 0 0 0 1 0 0 0 
0 1 1 0 0 0 0 0 0 1 0 0 0 0 0 1 0 0 0 0 0 0 0 0 0 0 0 0 0 0 0 0 
0 0 0 0 0 0 0 0 0 0 1 1 0 0 1 0 0 1 0 1 0 0 0 0 0 0 0 0 0 0 1 0 
0 0 0 0 0 0 0 0 0 1 0 1 0 0 1 0 0 0 0 0 1 0 0 1 0 0 1 0 0 0 0 0 
0 0 0 1 1 0 0 0 1 0 0 0 0 0 0 0 0 0 0 0 1 1 0 1 0 1 0 0 0 0 0 0 
0 0 0 0 0 0 0 0 0 0 0 0 0 0 0 0 1 1 1 0 1 1 0 0 0 1 0 0 0 0 1 0 
1 0 0 0 0 1 0 0 1 0 0 1 0 1 0 0 0 0 0 0 0 0 0 0 0 1 0 0 0 1 1 0 
0 0 0 0 0 0 0 0 0 0 0 0 0 1 1 1 0 0 0 0 0 0 0 0 0 0 0 0 1 0 0 0 
1 1 0 0 0 0 1 0 0 0 0 0 0 0 0 1 0 0 0 0 0 0 0 0 1 1 0 0 0 0 0 0 
0 0 0 0 0 0 0 0 0 0 1 0 0 0 0 1 1 0 0 0 1 1 0 0 1 1 0 0 0 1 0 0 
0 0 0 0 0 0 0 0 0 0 0 0 0 1 1 1 0 0 0 0 0 0 0 0 0 0 0 0 1 1 0 0 
0 0 0 0 0 0 0 0 0 0 1 0 0 1 0 0 0 0 0 0 0 0 0 1 0 0 0 1 0 1 0 0 
0 1 0 1 0 0 0 1 0 0 1 0 0 1 0 0 0 0 0 0 1 0 0 0 0 0 1 0 0 0 0 0 
1 0 0 0 0 0 0 0 1 0 0 0 0 1 0 0 0 0 0 0 0 0 0 1 0 0 1 0 0 0 0 0 
0 0 0 0 0 0 0 0 0 1 0 1 0 0 1 1 0 1 0 0 1 0 1 0 0 0 1 0 0 0 0 0 
0 0 0 1 1 0 0 0 0 0 0 0 0 0 0 1 0 0 0 0 0 0 0 0 0 1 1 0 0 0 0 0 
0 0 1 0 0 0 0 0 1 0 0 0 1 0 1 0 1 0 0 0 0 0 1 0 1 1 0 0 0 1 0 0 
0 1 1 0 0 0 1 1 0 0 1 1 0 1 0 1 0 0 0 1 0 0 0 0 0 1 0 0 0 0 0 1 
0 0 0 0 0 0 0 1 0 0 0 0 0 0 0 1 0 0 0 0 1 0 0 0 1 0 0 0 0 1 0 0 
0 1 0 0 0 0 1 1 0 0 0 1 0 0 0 0 0 0 0 0 0 0 0 0 0 0 0 1 0 1 0 0 
0 0 0 1 0 0 1 0 0 0 0 0 0 0 0 0 0 1 0 1 0 0 0 0 0 1 0 1 0 0 0 1 
0 0 0 0 0 1 0 0 0 0 0 0 0 0 0 0 1 0 0 1 0 0 0 1 0 0 0 0 0 0 0 0 
0 0 0 0 0 0 0 0 0 0 0 0 1 0 1 1 0 0 0 0 1 0 0 0 0 0 1 1 0 0 0 0 
0 0 0 1 0 0 0 0 0 1 0 0 0 1 0 0 0 1 0 0 1 0 1 0 1 1 0 1 0 0 0 0 

----------------------

Fourier transform:
205.000	0.000		7.141	-0.324		6.875	-2.793		-1.887	8.336		-9.828	17.657		10.801	1.150		-0.731	-6.344		-2.676	8.342		5.000	-4.000		0.338	-7.691		-0.097	0.484		9.727	-7.847		-4.172	-6.343		-4.984	-7.004		-2.047	-3.964		-2.460	1.299		-3.000	0.000		
0.320	2.763		8.804	2.667		1.633	-2.813		-2.701	4.721		-3.273	-0.873		0.210	-11.536		-6.091	1.708		3.196	0.276		-1.877	6.026		2.881	4.960		1.821	-3.622		9.572	3.270		7.148	2.319		1.521	-6.490		1.874	-7.158		8.459	-3.211		-12.153	5.409		
-0.041	4.816		-4.623	5.937		2.405	11.481		-8.535	-1.172		2.588	-4.266		-0.518	-11.434		6.658	-7.894		3.091	8.015		-5.721	-1.540		1.229	1.022		5.362	-1.007		-0.777	5.411		1.334	-0.145		2.729	-5.882		-0.877	11.464		-3.978	7.472		-17.095	-1.520		
-4.310	-1.244		4.130	4.369		7.637	3.478		-3.347	9.205		-1.095	1.676		-2.480	-8.559		9.641	2.267		-3.711	1.161		0.420	3.437		-10.545	5.501		8.166	0.736		-2.314	1.951		5.710	-0.637		3.354	10.410		3.956	3.508		4.780	17.712		-2.014	-11.962		
3.222	8.536		-6.845	-0.535		1.491	3.211		-1.716	4.846		3.707	-13.950		-2.934	2.588		-0.013	0.555		-0.466	2.213		5.121	4.778		10.248	-13.047		5.834	-1.092		6.592	-10.774		4.536	6.536		6.755	-0.301		8.702	-7.660		1.975	-10.404		-5.121	0.879		
6.017	-2.638		-1.076	-4.176		1.312	1.937		0.740	-6.958		-5.224	-0.332		-0.174	3.324		-2.388	-2.933		-3.838	6.430		0.450	2.133		3.101	-6.513		-2.565	4.595		5.528	3.101		-1.878	4.696		-4.673	-5.266		2.208	-1.525		5.141	-22.397		0.044	-7.845		
-3.282	0.925		-0.616	0.298		-2.485	-2.815		5.209	2.021		-11.612	-5.942		-3.371	6.226		7.840	-4.430		8.601	2.183		3.699	0.416		3.525	-3.076		3.895	-5.508		-7.223	8.451		5.978	-7.293		-5.144	-0.461		-0.555	-2.631		0.965	16.352		13.814	-5.123		
7.814	5.809		6.671	1.942		-0.152	6.050		3.691	5.354		-4.430	8.141		-2.117	1.644		0.238	9.018		1.886	8.093		-5.975	6.581		-0.081	-6.487		0.545	7.103		-8.131	-7.430		-8.868	3.624		-9.426	11.459		-7.893	7.958		-11.846	2.660		-11.683	-0.362		
2.000	5.000		3.140	-4.417		2.985	-3.277		8.411	4.555		4.728	-1.243		-0.966	4.297		-3.329	10.488		4.932	1.386		-2.000	1.000		1.618	4.360		-2.660	3.701		1.515	-0.572		-4.586	10.899		1.493	13.942		6.699	-0.814		7.488	-6.300		6.000	13.000		
-3.802	-0.651		-8.553	2.023		-1.593	2.749		0.453	-4.519		7.810	3.898		-9.888	-2.065		1.004	3.394		-0.829	-5.353		3.753	6.162		-2.933	-9.457		9.584	3.309		-7.135	8.837		-1.170	0.075		-6.399	-2.340		-1.599	10.811		-10.480	-1.457		-0.330	-12.151		
-6.475	2.825		-3.232	4.092		-9.345	0.783		-5.994	3.239		-2.244	-6.840		-9.210	-2.717		1.862	5.563		-8.816	-2.005		8.098	4.542		-5.540	-4.023		2.745	0.155		-6.349	7.272		-7.513	11.170		-1.652	-4.272		-5.415	-7.058		4.419	11.410		-5.429	7.605		
-0.026	-0.955		-1.454	3.550		15.903	6.396		-1.579	5.029		4.404	13.168		5.098	-10.691		0.167	10.589		6.198	3.617		-6.620	3.095		4.852	8.761		-5.814	-5.728		1.077	-0.881		-2.134	-10.130		-0.541	15.265		-10.252	6.366		4.757	2.011		-14.035	14.031		
18.778	-1.464		-12.950	8.268		-5.015	-1.605		0.325	-4.968		-2.536	0.536		-9.546	-7.427		4.311	8.327		1.217	-0.516		-1.121	-0.879		-6.852	5.104		0.680	10.467		2.804	2.071		2.293	4.050		0.685	17.244		-3.982	-2.182		-9.248	-2.468		-0.879	-5.121		
-1.681	-3.561		-1.640	-5.207		-0.252	4.345		-5.980	3.932		2.945	9.956		-0.229	2.402		-3.571	10.559		-5.142	-2.494		-2.329	6.879		-2.798	1.206		2.486	-6.555		7.372	-3.485		-6.685	-3.552		3.616	-4.171		12.945	-10.990		-0.898	16.465		0.006	-8.713		
-18.202	22.715		1.475	-7.495		15.119	14.536		8.679	7.181		-10.868	18.430		6.759	-6.349		2.880	2.407		-10.603	0.465		5.308	0.422		-0.721	5.694		-0.416	-1.793		-15.190	6.136		2.007	1.405		0.002	4.981		11.009	4.067		-2.107	9.172		-11.289	11.208		
-4.332	0.302		0.451	13.236		6.733	-4.614		8.498	1.048		0.196	7.590		14.714	-1.395		3.163	12.158		12.191	-4.945		-1.863	1.054		14.027	-11.663		-12.225	-3.452		-1.016	-5.373		-0.646	7.760		-5.781	13.116		15.976	-2.591		-0.928	-0.054		8.165	-33.008		
27.000	0.000		9.152	6.503		-7.278	7.569		3.159	6.467		-2.314	8.828		6.166	-5.165		-2.273	4.659		-5.606	7.033		-1.000	-12.000		2.967	-3.745		3.587	23.003		-9.067	4.979		20.314	-3.172		15.742	4.611		-14.035	-22.088		9.486	7.725		11.000	0.000		
-4.332	-0.302		0.592	-13.383		-7.465	6.422		-0.835	-0.639		10.729	-13.885		-8.036	-8.469		7.475	7.328		-3.736	0.918		-5.684	19.795		1.110	5.904		-16.220	10.978		-29.593	-11.530		-22.790	5.263		-6.945	13.134		-6.440	15.441		4.091	-19.799		8.165	33.008		
-18.202	-22.715		3.729	7.478		4.962	-15.867		-7.106	0.161		7.312	-4.320		21.065	-0.149		7.639	8.496		-9.905	-3.186		-0.178	-7.531		-1.787	2.896		10.017	0.676		2.354	6.746		-21.233	15.216		-1.274	-5.363		-18.850	2.411		2.093	11.706		-11.289	-11.208		
-1.681	3.561		-2.565	5.618		-10.563	13.469		0.845	-4.989		-11.737	14.684		-13.876	7.327		-6.743	-5.254		-15.009	-14.495		-20.597	14.985		-11.343	-20.334		10.117	4.011		6.510	-42.869		-16.109	-10.916		-4.391	30.567		2.393	11.196		10.222	5.300		0.006	8.713		
18.778	1.464		7.104	-6.480		-13.089	13.717		-9.302	0.056		18.778	3.950		17.129	1.461		-11.751	-33.089		-27.603	-7.624		0.879	-10.778		4.927	-21.475		29.731	13.398		26.163	-21.553		-6.536	17.607		-13.915	14.956		19.400	-13.363		11.121	14.652		-0.879	5.121		
-0.026	0.955		-3.968	10.470		6.196	-7.719		13.221	-8.561		4.106	4.040		5.475	-8.644		7.420	-11.633		-25.783	-1.145		-14.284	-31.117		-14.954	1.576		-2.190	-7.097		26.495	-10.176		29.109	18.852		-2.992	-12.354		-19.282	-6.500		-12.159	-20.930		-14.035	-14.031		
-6.475	-2.825		5.369	-5.195		-0.422	14.191		-11.521	8.951		11.512	5.013		-2.561	21.623		16.538	-8.590		0.113	26.376		17.715	-6.658		27.191	-12.846		-6.909	-16.912		-16.742	12.467		-15.878	18.707		-2.665	-1.400		-4.965	3.830		1.500	-13.135		-5.429	-7.605		
-3.802	0.651		3.658	2.407		5.404	-1.081		-5.085	4.895		-3.834	1.403		-6.391	-12.257		1.675	5.166		-6.157	2.056		-19.243	-2.086		20.308	-14.079		1.101	-9.381		-10.883	-23.785		13.825	21.167		-18.329	21.187		-16.417	12.136		-3.602	8.598		-0.330	12.151		
2.000	-5.000		-5.339	-9.487		4.272	-1.985		-1.693	-4.277		-7.414	8.899		8.049	5.390		11.488	7.014		0.789	-3.873		6.000	3.000		-4.052	1.260		-19.642	3.660		27.794	0.859		-20.728	-7.243		18.996	17.907		0.186	-22.591		-24.174	-6.527		6.000	-13.000		
7.814	-5.809		-6.298	0.551		-9.365	-2.608		15.606	-2.462		-2.782	0.718		3.693	5.895		-12.404	1.408		-0.270	-2.749		11.122	-1.355		-19.484	3.522		28.565	-4.749		2.873	30.079		-11.673	8.141		-13.888	-0.223		-23.860	-6.405		-28.880	1.095		-11.683	0.362		
-3.282	-0.925		1.633	2.266		4.722	3.244		6.053	0.233		4.830	-1.745		-0.090	-8.468		-0.020	-5.841		6.000	-3.681		5.802	0.529		-9.698	3.097		-23.610	3.309		22.374	6.273		-1.073	-16.098		19.571	-24.250		-1.821	-11.709		-12.104	3.113		13.814	5.123		
6.017	2.638		3.127	-6.769		-8.187	-3.670		-1.980	2.239		-3.088	-5.729		-0.520	7.167		-5.049	3.860		-8.671	20.799		-1.202	13.796		15.238	-0.362		-4.246	-6.948		13.899	-18.409		8.048	3.541		-6.798	0.513		13.708	-5.649		2.477	-0.301		0.044	7.845		
3.222	-8.536		2.922	-2.366		-5.631	4.784		0.023	-10.461		0.536	3.607		1.123	6.342		-8.763	2.808		2.462	8.170		3.121	-5.121		3.569	2.861		-22.372	20.798		0.156	3.778		3.222	5.950		14.286	5.387		-15.533	12.282		11.793	-18.438		-5.121	-0.879		
-4.310	1.244		-3.722	6.257		1.281	-4.800		-5.584	-2.717		-8.655	-2.552		10.570	-2.432		7.287	-1.578		-10.939	1.826		0.849	7.478		3.329	20.876		-2.775	-1.138		5.678	-5.077		-2.405	15.116		9.236	-10.269		16.310	2.403		-7.135	-4.738		-2.014	11.962		
-0.041	-4.816		6.603	0.936		-2.221	5.482		-5.776	-2.024		-0.547	0.641		2.224	-1.752		-0.118	0.090		-6.364	1.186		13.278	1.821		14.997	-0.099		4.261	4.253		-4.059	3.537		3.407	10.009		-3.891	-4.077		2.109	-7.968		10.185	-1.087		-17.095	1.520		
0.320	-2.763		-8.129	-3.096		1.068	-1.323		6.135	0.640		-2.074	9.979		1.002	0.135		0.830	-10.084		-5.197	-8.875		-0.919	7.137		-3.769	1.519		3.624	-0.716		3.211	1.241		-5.483	18.562		1.401	-1.446		-15.847	-3.410		3.593	0.568		-12.153	-5.409		

----------------------

ISF:
time_factor: 2, time_steps: 8, repeats: 1000000

Real
Timestep 1	Timestep 2	k0	k1	k2	k3	k4	k5	k6	k7	k8	k9	k10	k11	k12	k13	k14	k15	k16	
0	0	42366.91254	37.95274	38.45169	39.39781	40.97326	43.36998	46.82403	51.60856	58.09756	67.19736	79.40196	95.92187	117.99740	146.01107	177.73070	205.30097	216.64796	
0	1	42366.91254	36.63715	33.53949	29.56803	25.62654	22.62210	20.73169	20.05321	20.74526	23.31818	28.06995	36.43884	49.35391	68.18040	91.63258	113.48290	122.86478	
0	2	42366.91254	35.37544	29.37916	22.58294	16.89512	13.03042	10.72953	9.70123	9.58710	10.59781	12.80912	17.11389	24.62331	36.63560	52.78880	68.88979	76.00940	
0	3	42366.91254	32.98416	22.71543	13.62201	8.04013	5.17962	3.81928	3.17900	3.03503	3.15354	3.76387	5.17810	7.82143	12.54191	20.03249	28.64846	31.90976	
0	4	42366.91254	28.70832	13.77311	5.36639	2.32210	1.26708	0.87045	0.66587	0.54563	0.57753	0.61497	0.92135	1.47340	2.37051	4.06962	6.19862	7.24662	
0	5	42366.91275	21.82203	5.19453	1.07672	0.36167	0.21853	0.18460	0.16955	0.11497	0.08797	0.20936	0.19890	0.45208	0.34693	0.62062	1.06070	1.26227	
0	6	42366.91275	12.62934	0.89414	0.08664	0.00770	0.08279	0.05437	0.02677	0.06983	0.12148	0.21501	0.13398	0.24354	0.46719	0.51535	0.88559	1.08013	
0	7	42366.91275	4.29646	0.05382	0.01017	0.05292	0.02912	0.04250	0.04615	0.05372	0.13656	0.13655	0.16377	0.15761	0.35573	0.48299	0.77295	0.97745	
0	8	42366.91275	0.50643	0.07158	0.02122	0.07362	0.07590	0.03872	0.10726	0.02166	0.10240	0.16942	0.19199	0.33034	0.32255	0.46378	1.05023	1.11505	

Imaginary
Timestep 1	Timestep 2	k0	k1	k2	k3	k4	k5	k6	k7	k8	k9	k10	k11	k12	k13	k14	k15	k16	
0	0	0.00000	0.00000	0.00000	0.00000	0.00000	0.00000	0.00000	0.00000	0.00000	0.00000	0.00000	0.00000	0.00000	0.00000	0.00000	0.00000	0.00000	
0	1	0.00000	0.00480	0.00291	0.02374	0.00513	-0.04422	0.00948	-0.03269	0.05120	-0.00547	0.05975	0.01041	0.09487	-0.04339	0.14579	-0.13792	0.00000	
0	2	0.00000	0.00132	-0.01518	0.01113	-0.00700	-0.02309	0.02978	-0.02250	-0.03987	-0.02564	0.02225	0.00567	-0.17461	0.05740	-0.02414	0.16552	0.00000	
0	3	0.00000	-0.00473	0.00714	0.01888	-0.01609	0.00947	0.00433	0.01675	-0.01426	0.00670	-0.05551	0.08507	-0.04880	0.11702	0.09136	-0.10090	0.00000	
0	4	0.00000	-0.01787	-0.00874	-0.01973	-0.03864	-0.01556	-0.03735	0.00340	-0.06127	0.01664	0.01600	-0.09240	-0.00336	0.10624	0.13709	-0.02015	0.00000	
0	5	0.00000	-0.02319	-0.00719	-0.04769	-0.03835	0.01556	0.01698	0.03467	-0.01234	-0.04416	-0.00500	0.01213	-0.04505	-0.05893	0.18876	0.09471	0.00000	
0	6	0.00000	-0.01304	-0.02007	-0.01093	0.01215	0.00151	0.02677	-0.01027	-0.01428	0.05065	0.03169	-0.03338	-0.01930	-0.17227	-0.23210	0.07553	0.00000	
0	7	0.00000	0.00561	0.00071	0.00151	0.01646	-0.05383	-0.00225	-0.07306	-0.06874	0.05173	-0.07070	0.01406	-0.14820	-0.00276	-0.02282	-0.13805	0.00000	
0	8	0.00000	-0.02069	-0.02864	0.00408	0.01451	-0.03759	0.00365	0.05197	-0.01712	0.11008	0.08962	-0.03273	-0.15765	0.08184	-0.04098	-0.05849	0.00000	

Real variance
Timestep 1	Timestep 2	k0	k1	k2	k3	k4	k5	k6	k7	k8	k9	k10	k11	k12	k13	k14	k15	k16	
0	0	23621.79676	1444.67740	1483.05711	1554.90991	1676.87488	1881.69744	2184.60002	2664.26353	3351.52608	4476.54114	6278.22722	9205.56058	13787.39619	21203.65899	31419.74131	41957.75498	93859.49026	
0	1	23621.79676	1397.93707	1308.72667	1219.09683	1166.55327	1204.87736	1315.35410	1542.06939	1905.30172	2527.07552	3550.85790	5278.90446	8191.37154	12961.32405	19997.91023	27562.04486	61914.58882	
0	2	23621.79676	1353.07036	1179.67426	1038.43810	985.31985	1026.64712	1154.35753	1383.36848	1743.15564	2323.57472	3236.76501	4761.62302	7274.60591	11337.68901	17195.24994	23564.58796	52967.21084	
0	3	23621.79676	1270.04102	1007.75982	872.98074	874.41192	958.13032	1104.77300	1340.38729	1697.52421	2264.32719	3162.81269	4630.96871	7014.16575	10760.12395	16044.89624	21585.99945	48002.09255	
0	4	23621.79676	1139.87611	842.71467	793.88324	841.55896	941.19536	1100.10367	1336.65871	1693.52304	2256.99478	3159.27003	4612.06981	6982.59394	10631.95557	15776.09942	21114.01443	47092.97567	
0	5	23621.69860	969.56231	758.36414	777.56621	840.03002	941.54784	1098.01039	1331.90170	1691.87731	2254.85011	3140.07638	4604.08792	6982.80603	10654.16637	15772.06772	21035.07077	46942.50726	
0	6	23621.69860	808.20285	741.81935	775.69356	840.17502	942.37550	1094.85852	1330.45913	1688.39849	2252.91032	3153.88313	4611.65542	6933.71594	10648.02559	15768.73934	21054.71588	47103.46688	
0	7	23621.69860	730.42381	741.76134	776.03299	840.64044	941.73167	1092.68368	1329.58379	1687.97503	2265.54865	3160.37584	4572.45761	6967.58065	10673.24097	15752.49485	21039.41573	46979.86263	
0	8	23621.69860	722.11381	738.57496	778.21078	841.47445	941.99457	1096.41901	1329.94813	1692.17005	2258.98836	3149.83001	4591.02907	6961.68857	10671.79468	15760.47545	21085.89566	47077.36097	

Imaginary variance
Timestep 1	Timestep 2	k0	k1	k2	k3	k4	k5	k6	k7	k8	k9	k10	k11	k12	k13	k14	k15	k16	
0	0	0.00000	0.00000	0.00000	0.00000	0.00000	0.00000	0.00000	0.00000	0.00000	0.00000	0.00000	0.00000	0.00000	0.00000	0.00000	0.00000	0.00000	
0	1	0.00000	48.93620	175.66930	337.48727	507.14046	682.49007	879.40159	1125.75349	1463.80244	1981.95669	2759.16170	3961.05760	5760.97763	8342.65103	11581.30845	14644.39473	0.00000	
0	2	0.00000	93.88719	306.70271	518.33927	697.36798	852.55621	1040.78330	1287.63698	1634.22748	2202.84118	3074.94254	4441.35204	6684.75567	9994.05922	14444.00861	18711.95228	0.00000	
0	3	0.00000	175.11733	479.87110	684.15695	807.37041	926.96985	1087.09040	1326.22547	1683.20912	2249.13747	3143.01237	4584.24570	6950.66891	10586.23388	15589.78523	20621.74294	0.00000	
0	4	0.00000	305.74387	643.25208	762.93823	837.15629	942.86465	1093.20113	1333.09761	1695.60076	2257.95952	3155.33539	4610.08472	6967.16124	10650.51103	15780.85029	21063.18673	0.00000	
0	5	0.00000	479.75162	725.81685	776.68051	842.66504	943.63587	1093.94311	1331.79747	1685.85259	2259.91614	3157.07151	4597.87413	6977.84786	10663.56395	15842.58711	21137.81520	0.00000	
0	6	0.00000	637.44293	738.91297	776.31833	838.67611	943.69110	1095.52933	1334.46466	1693.61162	2261.32902	3154.73521	4588.05624	6964.73086	10682.32550	15800.31360	21079.68184	0.00000	
0	7	0.00000	712.09192	738.02748	775.22471	840.82001	940.55180	1094.74879	1331.31707	1686.78338	2252.76887	3143.83067	4606.60521	6985.13176	10662.43759	15820.85463	21078.01259	0.00000	
0	8	0.00000	719.08950	739.21106	773.51673	836.64462	942.02892	1093.53924	1336.20620	1685.60883	2256.77898	3151.21738	4597.58534	6970.90351	10651.82275	15744.04290	21106.74745	0.00000	

----------------------

Coordinates:
0 0 0 1 0 0 0 0 0 1 0 0 1 0 0 0 0 1 0 1 0 0 0 0 0 0 0 0 0 0 0 0 
1 0 0 0 1 0 0 1 0 0 1 0 0 1 0 1 0 0 0 0 1 0 0 0 1 0 0 1 0 1 0 0 
0 0 1 0 0 1 0 0 0 0 0 1 0 0 0 0 1 0 0 0 0 1 0 0 0 0 0 0 0 0 0 1 
0 0 0 1 0 0 0 0 0 1 0 0 1 0 1 0 0 1 0 1 0 0 1 0 0 0 0 1 0 1 0 0 
0 1 0 0 0 0 0 1 0 0 1 0 0 0 0 0 0 0 0 0 0 0 0 0 0 1 0 0 0 0 0 1 
0 0 1 0 0 1 0 0 1 0 0 0 0 0 0 1 0 1 0 0 0 0 0 1 0 0 0 0 1 0 0 0 
1 0 0 0 0 0 0 0 0 0 0 1 0 1 0 0 0 0 1 0 0 1 0 0 0 1 0 0 0 0 0 0 
0 0 0 1 0 0 0 1 0 0 0 0 0 0 0 0 1 0 0 0 0 0 0 0 0 0 0 0 0 1 0 0 
1 0 0 0 0 1 0 0 0 0 0 0 0 1 0 0 0 0 1 0 0 0 1 0 1 0 1 0 0 0 1 0 
0 1 0 0 0 0 0 0 1 0 0 1 0 0 0 0 0 0 0 1 0 0 0 0 0 0 0 0 1 0 0 0 
0 0 0 0 0 0 1 0 0 0 0 0 1 0 1 0 0 1 0 0 0 1 0 0 1 0 0 0 0 0 0 1 
0 1 0 0 0 0 0 0 0 1 0 0 0 0 0 0 0 0 1 0 0 0 0 0 0 0 1 0 0 0 0 0 
0 0 0 0 1 0 0 1 0 0 0 0 1 0 1 0 0 0 0 1 0 0 0 0 0 0 0 0 0 1 0 1 
0 0 1 0 0 0 0 0 1 0 0 0 0 0 0 0 1 0 0 0 0 0 0 1 0 0 0 0 0 0 0 0 
0 0 0 1 0 0 0 0 0 0 0 0 1 0 1 0 0 1 0 0 0 0 0 0 0 1 0 0 1 0 0 1 
0 1 0 0 1 0 1 0 1 0 1 0 0 0 0 0 0 0 1 0 0 0 0 1 0 0 1 0 0 1 0 0 
0 0 1 0 0 0 0 0 0 0 0 0 0 1 0 1 0 0 0 1 0 0 0 0 1 0 0 1 0 0 1 0 
0 0 0 1 0 0 0 0 0 0 0 0 0 0 0 0 0 1 0 0 0 1 0 0 0 0 0 0 0 0 0 0 
0 1 0 0 0 0 1 0 1 0 0 1 0 0 1 0 0 0 1 0 0 0 1 0 0 1 0 1 0 1 0 1 
0 0 1 0 0 0 0 0 0 1 0 0 0 0 0 0 1 0 0 0 0 0 0 1 0 0 0 0 0 0 0 0 
1 0 0 0 1 0 1 0 0 0 0 0 0 0 1 0 0 1 0 1 0 0 0 0 0 0 0 0 1 0 1 0 
0 1 0 0 0 0 0 0 0 1 0 0 0 0 0 1 0 0 0 0 1 0 0 0 0 0 1 0 0 0 0 0 
0 0 0 1 0 0 0 0 0 0 1 0 1 0 0 0 0 0 0 0 0 1 0 1 0 0 0 0 1 0 0 0 
1 0 0 0 0 1 0 1 0 0 0 0 0 1 0 0 1 0 1 0 0 0 0 0 1 0 0 0 0 0 1 0 
0 0 1 0 0 0 0 0 0 1 0 0 0 0 1 0 0 0 0 0 0 1 0 0 0 0 0 1 0 0 0 0 
0 0 0 0 1 0 0 0 0 0 0 0 1 0 0 1 0 0 1 0 0 0 1 0 0 1 0 0 1 0 0 1 
0 0 0 0 0 1 0 1 0 1 0 0 0 0 0 0 0 0 0 0 1 0 0 0 0 0 1 0 0 0 0 0 
1 0 1 0 0 0 0 0 0 0 1 0 0 1 0 0 1 0 0 0 0 1 0 0 1 0 0 0 0 1 0 0 
0 0 0 0 0 1 0 0 0 0 0 1 0 0 1 0 0 1 0 0 0 0 0 0 0 0 0 1 0 0 1 0 
1 0 1 0 0 0 0 0 1 0 0 0 1 0 0 1 0 0 0 0 0 1 0 1 0 1 0 0 0 0 0 0 
0 0 0 0 1 0 0 0 0 0 1 0 0 0 0 0 0 0 0 1 0 0 0 0 0 0 1 0 0 0 0 1 
0 0 0 0 0 1 0 1 0 0 0 1 0 0 1 0 0 0 0 0 0 0 0 1 0 0 0 0 1 0 0 0 

----------------------

Fourier transform:
206.000	0.000		-1.108	-3.000		7.905	4.967		-0.026	-2.237		2.414	-2.172		-0.293	0.389		-4.057	-3.655		5.335	3.926		0.000	-2.000		5.037	2.096		-6.671	4.103		1.760	3.971		-0.414	7.828		-3.099	12.658		6.823	-11.276		0.393	6.484		-10.000	0.000		
2.484	3.736		-4.356	-5.284		-4.532	-0.372		5.980	-1.691		-6.906	-2.368		4.711	-2.569		0.871	11.286		1.358	0.817		7.506	0.943		-1.582	-3.663		0.080	-2.032		1.320	5.965		2.314	5.128		15.940	10.444		6.914	8.766		4.483	-0.900		-13.467	7.914		
5.690	-3.311		2.054	-4.022		-2.768	-2.318		0.598	-1.197		-3.697	-5.053		-10.390	6.664		-6.703	-1.631		-3.698	-2.470		-2.842	12.022		0.773	0.171		3.200	-11.167		-0.893	7.561		-10.088	-6.982		-6.094	1.535		-3.927	1.151		-5.124	15.586		-10.861	9.764		
-3.762	-4.015		-6.830	-4.501		1.315	-1.296		2.351	5.664		-5.122	4.145		0.215	5.465		2.075	5.923		10.437	-2.004		7.792	2.404		1.989	3.034		9.486	-5.161		1.034	-0.582		-1.997	4.409		-0.414	5.299		-1.183	-12.242		0.669	6.611		5.642	3.120		
1.828	-5.000		0.178	4.818		-4.451	-2.939		2.704	-3.527		-6.657	2.657		-0.538	1.598		-2.409	-6.440		2.204	3.443		-5.000	6.657		6.957	4.825		3.806	7.440		-7.173	-12.016		-0.172	-1.000		19.168	-5.737		10.702	9.538		-4.562	-5.542		1.000	3.828		
-4.606	-7.460		0.892	-6.119		2.194	-6.306		-7.416	2.957		0.858	6.511		-0.807	3.872		-0.702	-1.104		-4.310	4.904		1.648	-5.248		7.047	3.319		1.994	-8.289		-3.617	4.166		-6.546	-8.885		-5.678	-2.727		11.798	13.519		-10.628	-11.494		2.930	-11.000		
-4.311	-0.381		-4.058	0.906		-2.170	-7.240		-4.535	-1.694		1.648	-2.834		3.180	1.711		-2.323	1.221		4.495	1.723		0.823	-8.432		4.450	5.259		-2.208	-7.475		-2.970	-12.891		3.709	-18.905		1.899	-13.611		-0.064	-18.417		8.179	-5.081		-6.517	8.711		
4.154	-8.345		-1.321	-2.774		-1.325	-1.512		-1.522	1.760		7.889	-4.335		-3.814	1.019		-1.696	-17.789		-1.609	-6.018		-1.130	-5.457		4.337	9.996		-5.156	9.604		-5.957	5.502		8.036	-5.302		0.529	-7.376		13.375	-11.048		9.634	-9.542		-2.019	-7.027		
-2.000	2.000		6.263	0.708		5.739	0.451		-10.131	0.022		-0.414	1.686		-8.554	-3.695		-5.706	-3.403		8.355	0.061		2.000	-10.000		-14.341	-7.247		9.623	3.067		1.415	-8.731		4.414	3.828		2.485	0.325		5.389	11.597		21.852	-19.315		2.000	2.000		
0.654	-10.117		-2.670	-7.550		-4.735	17.167		1.687	-3.167		-3.139	-14.004		2.720	-6.746		4.670	2.384		-6.068	6.590		-3.792	-5.446		-3.156	0.658		-1.073	-2.431		6.609	0.523		1.192	-8.292		-5.938	-7.900		-2.001	5.005		-26.000	8.653		-12.081	-10.838		
-4.760	6.690		-8.888	-4.613		-7.007	-7.003		3.359	1.941		-0.153	-10.022		-2.664	-3.726		-0.863	-4.060		-4.346	12.523		4.994	2.439		11.690	2.087		-0.606	-5.365		-11.034	-3.104		4.610	-12.661		12.493	-8.597		3.242	-5.826		-0.633	3.027		-6.069	-6.360		
7.925	-5.705		-4.611	-5.305		6.549	1.228		6.602	-0.575		-9.757	-8.843		0.570	-5.260		2.793	4.347		-3.480	10.179		2.422	-8.915		6.370	-16.085		-4.319	-11.819		-1.345	3.935		5.236	-17.818		12.124	6.341		18.421	9.575		18.662	9.527		-3.773	1.942		
-3.828	5.000		-0.844	11.429		5.643	-8.572		5.126	-19.709		-5.828	1.000		-5.396	-11.356		0.138	4.938		6.985	-1.654		-4.657	-12.657		-18.113	-11.100		2.680	1.546		1.677	2.756		4.657	8.657		6.286	-1.449		-1.650	7.572		14.070	-8.072		1.000	1.828		
3.756	-19.918		5.397	-0.202		8.072	-11.722		6.289	6.701		-2.715	5.582		-1.072	-0.569		-2.554	-5.833		1.250	-7.747		2.783	8.754		-4.134	5.157		1.574	9.018		-1.393	4.059		-8.661	-5.754		-8.199	4.071		2.702	-3.679		-2.261	22.521		9.829	-20.908		
-0.619	3.760		-0.646	4.949		14.998	0.565		-1.244	18.342		6.324	1.076		1.853	8.829		3.386	6.389		-0.056	-3.212		8.432	5.683		1.784	4.699		-5.883	12.269		-13.096	-6.100		-10.591	0.439		16.294	-11.491		-14.303	7.096		-15.926	0.154		-4.553	10.693		
-26.606	8.307		-5.580	-9.478		-6.308	-6.392		16.040	15.255		-2.414	-9.034		-18.850	16.801		6.398	9.671		-8.383	-0.429		-0.111	-3.175		-17.939	2.228		-8.049	-4.511		10.265	-7.057		-13.301	9.727		-15.807	-4.633		-5.970	0.565		1.122	-8.265		-3.061	7.133		
2.000	0.000		1.285	1.523		4.910	7.189		4.670	1.818		-16.071	4.515		22.253	16.774		6.025	14.592		0.399	11.080		-16.000	2.000		6.785	17.884		-12.267	5.864		-7.433	3.434		-1.929	-21.485		-1.833	15.791		-2.667	-9.539		-2.126	3.641		-6.000	0.000		
-26.606	-8.307		6.838	-1.848		-3.021	-19.816		-7.750	-2.722		18.078	-28.107		11.910	-10.621		15.032	4.549		-0.369	11.611		-14.326	-11.179		-9.209	-14.460		13.902	-8.064		-9.365	7.067		13.793	6.207		-17.362	-10.332		8.510	-4.957		-8.016	-9.077		-3.061	-7.133		
-0.619	-3.760		4.747	-6.687		13.508	6.343		-7.417	-8.606		-1.718	-14.160		0.673	2.301		-13.068	-3.413		-11.680	1.158		-0.229	7.878		-8.295	-19.147		8.221	12.805		-17.373	12.331		6.673	-16.089		-21.398	12.135		-3.138	-3.874		9.710	-8.098		-4.553	-10.693		
3.756	19.918		-8.576	-1.974		3.310	-6.442		-3.915	-9.669		-10.536	4.314		-33.217	15.136		-2.691	-7.227		-9.076	25.986		7.907	-9.334		12.379	10.631		15.572	11.584		16.434	2.472		5.132	9.573		0.468	18.248		-24.754	-28.017		7.208	27.877		9.829	20.908		
-3.828	-5.000		-15.035	4.302		-8.593	3.329		11.930	-2.331		21.000	-25.485		-10.076	-20.598		-9.751	-3.525		-6.215	11.333		-5.000	-4.657		-33.819	10.458		-7.067	29.666		22.978	-7.646		14.314	1.000		2.788	5.503		8.256	-2.329		6.343	3.139		1.000	-1.828		
7.925	5.705		-0.060	0.336		-4.056	-8.497		-3.346	19.234		1.688	-5.062		26.017	4.888		-12.356	-3.788		15.184	3.465		-0.832	-10.174		12.345	-7.022		16.764	13.813		25.718	-3.334		-3.831	-9.995		-11.360	-5.035		-20.424	-15.600		-15.680	-14.890		-3.773	-1.942		
-4.760	-6.690		-10.139	1.439		4.369	2.501		2.872	-5.434		-2.234	11.763		-3.239	7.672		-19.563	-9.204		-10.418	-3.672		15.420	14.189		-25.968	-0.169		13.620	22.612		15.200	-4.110		-6.295	-4.308		0.922	13.038		12.322	-8.850		10.392	12.896		-6.069	6.360		
0.654	10.117		-1.829	12.574		-2.100	-5.992		-2.625	-0.412		1.719	0.373		-4.572	2.254		-2.428	-4.106		0.779	17.476		-9.512	-1.921		28.528	-5.970		6.910	22.232		26.828	-7.872		-44.849	-28.725		12.465	2.362		-15.965	-10.312		-21.558	-1.207		-12.081	10.838		
-2.000	-2.000		-1.696	-2.905		10.167	1.840		-2.006	5.488		1.586	1.828		9.371	0.270		-16.694	4.138		7.207	-6.431		-10.000	14.000		-4.511	-2.006		-9.850	-21.646		-11.239	-10.515		2.414	-24.314		23.345	16.677		1.332	-12.620		4.184	9.549		2.000	-2.000		
4.154	8.345		-0.761	-5.972		-4.223	10.255		4.993	-3.659		8.452	6.337		-4.666	5.424		-1.761	-11.838		2.383	-0.633		8.955	-3.632		-3.033	12.306		-11.002	-14.047		2.398	16.283		8.157	-5.870		5.976	-11.218		-8.616	-1.859		-18.075	16.127		-2.019	7.027		
-4.311	0.381		-4.480	-5.183		-2.908	4.706		3.202	6.337		-9.261	-5.878		2.919	-4.071		1.451	1.541		-4.506	-20.814		6.077	-2.339		-6.686	7.918		6.492	-10.618		18.681	-10.020		-13.681	34.561		1.655	4.550		-19.783	8.400		12.230	-12.271		-6.517	-8.711		
-4.606	7.460		-1.144	-1.999		-1.978	1.492		-6.259	2.978		-0.041	-2.444		-3.885	-3.696		-5.675	3.260		6.075	-3.007		10.849	7.845		1.221	-8.141		21.574	10.186		3.534	12.504		-8.857	13.694		1.009	8.657		12.053	6.358		4.692	-0.714		2.930	11.000		
1.828	5.000		-1.798	1.415		-3.631	0.467		-7.911	1.276		-8.314	-1.000		5.234	6.010		-5.564	3.198		2.499	1.343		6.657	-1.343		0.357	-0.686		-3.491	-4.198		1.080	-12.929		21.000	8.515		-13.936	-7.411		-16.620	-2.211		6.851	-21.842		1.000	-3.828		
-3.762	4.015		0.054	-5.748		-0.404	-0.144		4.528	1.401		-4.032	-1.859		6.926	-3.376		-1.730	-1.456		2.788	-3.791		6.058	9.981		-8.728	-1.893		0.137	-1.209		8.995	-7.622		-16.761	-16.821		-17.636	15.603		-0.930	-9.602		-3.141	-17.306		5.642	-3.120		
5.690	3.311		0.191	-2.783		4.067	3.055		-4.797	-1.377		-1.253	-3.177		-1.842	-6.039		-1.150	4.219		3.093	-1.013		-0.675	8.559		-7.508	1.655		-0.003	-1.999		4.062	6.114		4.005	-4.339		9.751	9.820		-12.437	4.929		4.640	18.670		-10.861	-9.764		
2.484	-3.736		-1.723	-4.224		-4.046	3.881		1.770	-1.408		-3.394	3.541		-6.437	6.702		17.477	-0.693		-4.098	-4.469		5.782	2.554		7.204	8.209		1.140	0.714		-10.090	2.088		6.315	13.472		14.612	1.468		8.100	-12.942		3.416	-13.362		-13.467	-7.914		

----------------------


