CO/Pt111 System Monte-Carlo Simulation.		Started: Mon Dec 14 12:36:36 2009


name=./montecarlo-1.0.0, dim=32, n_co=102, n_sweeps=100000, skip_sweeps=100000, out_name=longISFtest.csv
Interaction mode: Nearest neighbour

----------------------

Coordinates:
0 0 0 0 0 0 0 0 1 1 0 0 0 0 0 0 0 0 0 0 0 0 0 0 0 1 1 0 0 0 0 0 
0 0 1 0 0 1 0 0 0 0 0 0 1 0 0 0 0 0 0 0 0 0 0 0 0 0 0 0 0 0 1 0 
0 0 1 0 0 0 0 0 0 0 0 0 0 0 0 0 0 1 0 0 0 0 0 0 0 0 1 0 0 0 0 0 
0 0 0 0 0 0 0 0 0 0 0 0 0 1 0 0 0 0 0 0 0 0 0 0 0 0 0 0 0 0 0 0 
0 0 0 0 0 0 0 0 0 0 0 0 0 1 0 0 0 0 0 0 0 0 0 0 0 0 0 0 0 0 0 0 
0 0 0 0 0 1 0 0 0 0 0 0 0 0 0 0 0 0 0 0 0 0 0 0 0 0 1 0 0 0 1 0 
0 0 0 0 0 0 0 0 0 0 0 1 0 0 0 0 0 0 0 0 0 0 1 0 0 1 0 0 0 0 0 0 
0 0 0 0 0 0 0 0 0 0 0 0 1 0 0 0 0 0 0 0 0 0 1 0 0 0 0 0 0 0 0 0 
1 0 0 0 0 0 0 0 0 0 0 0 0 0 0 0 0 0 0 0 0 0 0 0 0 1 0 0 0 0 0 0 
0 0 0 0 0 0 0 0 0 1 0 0 0 0 0 0 0 0 0 0 0 0 1 1 0 0 0 0 0 0 0 0 
0 0 0 0 0 1 0 0 0 0 0 0 0 0 0 0 0 0 0 0 0 0 0 0 0 0 0 0 0 0 0 0 
0 0 0 0 0 0 0 1 0 0 1 0 0 0 0 0 0 0 0 0 0 0 0 0 0 0 0 0 0 0 0 0 
0 0 0 0 0 0 0 0 0 1 0 0 0 0 0 0 1 0 0 0 0 0 0 0 0 1 0 0 0 0 0 0 
0 0 0 0 0 0 0 0 0 0 0 0 0 0 0 0 0 0 0 1 0 1 0 0 0 0 0 0 0 0 0 0 
0 0 1 0 0 0 0 0 0 0 0 0 0 0 0 0 0 0 0 0 0 0 0 0 0 0 0 0 0 0 0 0 
1 0 0 0 0 0 0 1 0 0 0 1 0 0 1 0 0 0 0 1 0 0 0 0 0 0 0 0 0 0 0 0 
0 1 0 0 0 0 0 0 0 0 0 0 0 0 0 0 0 0 0 0 0 0 0 0 1 1 0 0 0 1 0 0 
0 0 0 0 0 0 0 0 0 0 0 0 0 0 0 0 0 0 0 1 0 0 0 0 0 0 0 0 0 0 0 0 
0 0 0 0 0 0 0 0 0 0 0 0 0 0 0 0 0 0 1 0 0 0 0 0 0 0 0 0 0 0 0 1 
0 0 1 0 0 0 1 0 0 0 0 0 1 0 0 0 0 0 0 0 0 0 0 0 1 0 0 0 0 0 0 0 
0 0 0 0 0 0 0 0 0 0 1 0 1 0 0 0 0 0 0 0 0 0 1 0 0 1 0 0 0 0 0 0 
0 0 0 0 0 0 0 0 0 0 1 0 0 1 1 0 0 0 0 0 0 0 0 0 0 0 0 0 0 0 0 0 
0 0 0 0 0 1 0 0 0 1 0 0 0 0 0 0 0 0 0 0 0 0 0 0 0 0 0 0 0 0 0 0 
0 0 0 1 0 0 0 0 0 0 0 0 0 0 0 0 0 1 0 0 0 1 0 0 0 0 0 0 0 0 0 0 
0 0 0 0 0 1 0 0 0 1 0 0 0 0 0 0 0 0 0 0 0 0 0 1 0 0 0 0 0 0 0 0 
0 0 1 0 0 0 0 0 0 0 0 0 0 0 0 0 1 0 0 0 0 0 0 0 0 0 0 0 0 0 0 0 
1 1 0 0 0 0 1 0 0 0 0 0 1 0 0 0 0 0 1 0 0 0 0 0 0 1 0 0 0 0 0 0 
0 0 1 0 0 0 0 0 0 0 0 0 0 0 1 0 0 0 0 0 0 0 0 0 1 1 0 0 1 0 0 0 
1 1 0 0 0 0 0 0 0 0 0 1 0 0 0 1 1 0 0 0 0 0 1 0 0 1 0 0 1 1 0 0 
0 0 0 1 0 0 0 0 1 0 0 0 0 0 0 0 0 0 0 0 0 0 0 0 0 1 0 0 0 0 0 0 
0 0 0 1 1 1 0 0 0 0 1 0 0 0 1 0 0 0 0 0 0 0 0 0 1 0 0 0 0 0 0 0 
0 0 1 0 0 0 0 0 0 0 0 0 0 0 0 1 0 0 0 0 0 0 1 0 0 0 1 1 0 0 0 0 

----------------------

Full fourier transform:
-3.959	-10.303		0.716	-2.924		-1.843	7.026		-0.536	1.536		0.713	4.331		2.459	2.383		-1.368	-1.552		-1.000	3.000		8.738	2.922		-8.944	-1.617		-9.655	2.657		6.536	5.536		6.786	-2.648		9.769	1.076		-7.411	2.171		102.000	0.000		-7.411	-2.171		9.769	-1.076		6.786	2.648		6.536	-5.536		-9.655	-2.657		-8.944	1.617		8.738	-2.922		-1.000	-3.000		-1.368	1.552		2.459	-2.383		0.713	-4.331		-0.536	-1.536		-1.843	-7.026		0.716	2.924		-3.959	10.303		-8.000	0.000		
-0.510	-4.289		-6.458	-1.725		-1.886	-1.636		0.843	-1.677		-9.441	-0.457		7.791	-4.438		3.851	-3.233		5.785	9.324		3.121	-4.374		3.999	0.979		-4.486	7.660		-5.479	-0.568		-3.896	-2.027		-1.647	-2.344		3.949	5.119		8.175	5.623		3.949	-5.119		-1.647	2.344		-3.896	2.027		-5.479	0.568		-4.486	-7.660		3.999	-0.979		3.121	4.374		5.785	-9.324		3.851	3.233		7.791	4.438		-9.441	0.457		0.843	1.677		-1.886	1.636		-6.458	1.725		-0.510	4.289		12.985	-0.131		
17.103	11.665		-5.059	5.338		-13.978	-6.364		-6.906	10.595		8.301	1.016		-7.640	-4.476		-5.944	-0.440		-4.453	3.613		7.936	5.628		2.068	2.141		5.180	-7.509		-0.445	5.921		-2.399	-2.081		-1.330	2.797		-5.499	10.098		-2.636	4.918		-5.499	-10.098		-1.330	-2.797		-2.399	2.081		-0.445	-5.921		5.180	7.509		2.068	-2.141		7.936	-5.628		-4.453	-3.613		-5.944	0.440		-7.640	4.476		8.301	-1.016		-6.906	-10.595		-13.978	6.364		-5.059	-5.338		17.103	-11.665		-11.380	1.082		
-4.062	-6.187		-4.676	1.830		-9.528	3.213		8.030	-4.673		-0.477	2.340		2.984	5.855		-1.709	3.082		3.989	0.370		-4.795	2.381		-3.856	-5.101		10.748	9.769		-4.796	-0.830		-1.952	-2.723		4.036	8.076		-0.131	-2.472		0.707	5.878		-0.131	2.472		4.036	-8.076		-1.952	2.723		-4.796	0.830		10.748	-9.769		-3.856	5.101		-4.795	-2.381		3.989	-0.370		-1.709	-3.082		2.984	-5.855		-0.477	-2.340		8.030	4.673		-9.528	-3.213		-4.676	-1.830		-4.062	6.187		-4.254	-2.832		
-6.526	-3.455		-11.310	11.934		-13.439	15.839		-3.121	6.950		1.172	6.273		-4.304	2.972		1.536	-13.190		6.071	1.929		-9.910	-1.317		-6.569	-7.108		-7.019	-3.211		0.050	-2.121		2.243	-0.328		0.793	-10.357		-5.288	-9.906		10.586	-0.586		-5.288	9.906		0.793	10.357		2.243	0.328		0.050	2.121		-7.019	3.211		-6.569	7.108		-9.910	1.317		6.071	-1.929		1.536	13.190		-4.304	-2.972		1.172	-6.273		-3.121	-6.950		-13.439	-15.839		-11.310	-11.934		-6.526	3.455		-8.586	7.414		
12.155	-2.390		-14.606	-2.212		1.034	-0.583		10.392	11.581		-1.418	-2.596		13.337	1.406		1.917	6.342		-0.181	7.276		2.415	2.243		-12.760	-3.794		-7.108	5.639		-2.071	1.615		-1.134	1.083		-1.082	4.114		2.229	7.964		2.121	-4.176		2.229	-7.964		-1.082	-4.114		-1.134	-1.083		-2.071	-1.615		-7.108	-5.639		-12.760	3.794		2.415	-2.243		-0.181	-7.276		1.917	-6.342		13.337	-1.406		-1.418	2.596		10.392	-11.581		1.034	0.583		-14.606	2.212		12.155	2.390		-4.938	4.334		
7.843	4.751		-0.429	-8.575		11.191	-7.375		-2.942	4.864		-2.359	-0.084		2.987	-1.968		7.083	-1.734		-0.055	-1.879		6.640	-5.754		-9.059	1.338		2.771	3.577		-4.625	-3.553		8.559	-5.794		0.429	-16.494		5.660	12.150		-0.442	-3.387		5.660	-12.150		0.429	16.494		8.559	5.794		-4.625	3.553		2.771	-3.577		-9.059	-1.338		6.640	5.754		-0.055	1.879		7.083	1.734		2.987	1.968		-2.359	0.084		-2.942	-4.864		11.191	7.375		-0.429	8.575		7.843	-4.751		8.623	-2.613		
0.789	-2.931		0.379	6.677		1.998	3.830		-9.318	4.431		0.095	-1.528		10.783	16.232		-1.966	0.480		-2.862	9.415		-5.181	4.720		5.207	11.886		-1.504	-2.735		-2.681	0.696		11.791	3.024		-2.805	-4.066		7.810	1.620		-2.827	-4.080		7.810	-1.620		-2.805	4.066		11.791	-3.024		-2.681	-0.696		-1.504	2.735		5.207	-11.886		-5.181	-4.720		-2.862	-9.415		-1.966	-0.480		10.783	-16.232		0.095	1.528		-9.318	-4.431		1.998	-3.830		0.379	-6.677		0.789	2.931		-13.959	-2.913		
-0.485	5.315		8.078	7.873		-0.706	3.059		6.536	5.778		-0.875	13.531		9.717	8.878		-0.815	-3.452		-3.000	-3.000		-3.585	0.904		3.393	3.302		-3.461	-1.642		1.464	0.464		1.823	8.404		0.038	-1.135		3.106	-8.260		4.000	-2.000		3.106	8.260		0.038	1.135		1.823	-8.404		1.464	-0.464		-3.461	1.642		3.393	-3.302		-3.585	-0.904		-3.000	3.000		-0.815	3.452		9.717	-8.878		-0.875	-13.531		6.536	-5.778		-0.706	-3.059		8.078	-7.873		-0.485	-5.315		-6.000	-18.000		
-6.970	-2.945		-5.624	-10.525		6.932	-11.449		-0.418	-2.003		-5.578	-5.445		9.996	-7.381		5.982	-3.096		0.799	4.532		-4.713	-2.934		-0.216	10.780		-0.962	8.497		3.641	-0.425		-0.302	-7.687		0.902	0.884		1.492	-3.407		3.512	-8.389		1.492	3.407		0.902	-0.884		-0.302	7.687		3.641	0.425		-0.962	-8.497		-0.216	-10.780		-4.713	2.934		0.799	-4.532		5.982	3.096		9.996	7.381		-5.578	5.445		-0.418	2.003		6.932	11.449		-5.624	10.525		-6.970	2.945		0.424	1.341		
-1.658	3.731		-9.258	-1.666		-4.328	-9.296		-6.512	-5.675		-1.045	-8.265		-4.598	0.510		-4.040	-0.608		-7.712	2.082		5.433	-3.557		2.670	1.203		-3.625	0.067		0.092	-5.445		3.461	-1.010		-8.400	-1.746		-8.202	9.727		-8.730	8.613		-8.202	-9.727		-8.400	1.746		3.461	1.010		0.092	5.445		-3.625	-0.067		2.670	-1.203		5.433	3.557		-7.712	-2.082		-4.040	0.608		-4.598	-0.510		-1.045	8.265		-6.512	5.675		-4.328	9.296		-9.258	1.666		-1.658	-3.731		9.519	-2.613		
1.341	4.074		-0.157	-6.761		10.637	0.088		6.252	-5.909		8.776	0.868		9.489	8.008		2.701	-0.077		0.131	7.508		-11.359	4.431		3.789	1.201		-4.190	-2.010		4.195	-4.967		1.319	8.760		-7.459	-6.109		-0.079	-2.838		1.828	-5.728		-0.079	2.838		-7.459	6.109		1.319	-8.760		4.195	4.967		-4.190	2.010		3.789	-1.201		-11.359	-4.431		0.131	-7.508		2.701	0.077		9.489	-8.008		8.776	-0.868		6.252	5.909		10.637	-0.088		-0.157	6.761		1.341	-4.074		4.655	-7.108		
1.569	-11.589		3.442	10.719		-0.107	-2.993		9.950	-2.121		-7.525	-14.700		6.638	3.718		-9.320	4.376		3.243	-7.243		-8.071	13.416		-6.738	1.880		5.836	11.865		1.121	2.950		-5.271	2.511		-9.030	1.454		10.522	4.356		13.414	3.414		10.522	-4.356		-9.030	-1.454		-5.271	-2.511		1.121	-2.950		5.836	-11.865		-6.738	-1.880		-8.071	-13.416		3.243	7.243		-9.320	-4.376		6.638	-3.718		-7.525	14.700		9.950	2.121		-0.107	2.993		3.442	-10.719		1.569	11.589		-11.414	-4.586		
-3.400	9.942		-1.413	8.423		1.455	1.677		-8.371	0.255		-5.119	-5.649		-3.788	-3.519		-2.088	0.148		-3.308	-5.874		7.290	2.634		-11.845	4.120		0.360	0.363		3.599	-10.238		2.651	2.627		9.428	8.247		3.817	-6.513		-6.313	8.327		3.817	6.513		9.428	-8.247		2.651	-2.627		3.599	10.238		0.360	-0.363		-11.845	-4.120		7.290	-2.634		-3.308	5.874		-2.088	-0.148		-3.788	3.519		-5.119	5.649		-8.371	-0.255		1.455	-1.677		-1.413	-8.423		-3.400	-9.942		0.538	3.384		
1.801	4.182		-1.013	-2.032		-9.979	-1.711		11.278	9.472		-3.700	4.343		-8.068	4.484		-3.112	2.736		-8.110	8.801		1.667	-2.164		-9.674	3.524		8.388	2.353		8.183	11.221		6.203	11.937		-0.598	-3.490		10.922	18.805		-12.192	-7.082		10.922	-18.805		-0.598	3.490		6.203	-11.937		8.183	-11.221		8.388	-2.353		-9.674	-3.524		1.667	2.164		-8.110	-8.801		-3.112	-2.736		-8.068	-4.484		-3.700	-4.343		11.278	-9.472		-9.979	1.711		-1.013	2.032		1.801	-4.182		1.238	1.082		
2.078	-17.526		-16.886	10.416		14.907	4.282		5.890	-5.798		-2.922	5.186		4.693	12.658		7.680	7.708		12.840	-2.972		6.125	-3.679		1.768	3.055		3.746	-0.660		-0.692	-3.422		9.378	10.583		12.305	-6.445		11.674	-0.875		0.797	-2.686		11.674	0.875		12.305	6.445		9.378	-10.583		-0.692	3.422		3.746	0.660		1.768	-3.055		6.125	3.679		12.840	2.972		7.680	-7.708		4.693	-12.658		-2.922	-5.186		5.890	5.798		14.907	-4.282		-16.886	-10.416		2.078	17.526		-3.450	-2.220		
-17.964	-0.591		-8.122	-10.736		5.130	6.176		1.950	2.364		0.616	6.073		2.968	5.632		22.081	0.942		3.000	7.000		-5.789	-7.328		6.346	-9.196		-10.193	-0.666		-7.950	10.364		0.446	10.751		-5.192	-1.564		-2.327	2.452		2.000	0.000		-2.327	-2.452		-5.192	1.564		0.446	-10.751		-7.950	-10.364		-10.193	0.666		6.346	9.196		-5.789	7.328		3.000	-7.000		22.081	-0.942		2.968	-5.632		0.616	-6.073		1.950	-2.364		5.130	-6.176		-8.122	10.736		-17.964	0.591		-4.000	0.000		
-9.372	-4.762		-5.533	7.369		5.108	-4.499		0.192	-1.687		-8.055	-11.577		2.601	11.444		4.337	0.148		-6.039	-5.578		3.815	-7.258		-2.853	0.427		-9.423	9.053		-12.260	-10.507		-7.574	4.957		-11.054	5.384		8.808	1.876		0.797	2.686		8.808	-1.876		-11.054	-5.384		-7.574	-4.957		-12.260	10.507		-9.423	-9.053		-2.853	-0.427		3.815	7.258		-6.039	5.578		4.337	-0.148		2.601	-11.444		-8.055	11.577		0.192	1.687		5.108	4.499		-5.533	-7.369		-9.372	4.762		-3.450	2.220		
-2.679	6.663		-1.429	-1.822		6.575	-7.834		-1.680	-6.352		7.927	-4.807		-8.594	3.806		17.051	0.030		2.938	-1.613		12.830	-8.826		-2.827	6.182		8.131	-2.794		-4.141	3.493		8.887	-1.020		-5.971	-2.617		-5.762	4.846		-12.192	7.082		-5.762	-4.846		-5.971	2.617		8.887	1.020		-4.141	-3.493		8.131	2.794		-2.827	-6.182		12.830	8.826		2.938	1.613		17.051	-0.030		-8.594	-3.806		7.927	4.807		-1.680	6.352		6.575	7.834		-1.429	1.822		-2.679	-6.663		1.238	-1.082		
2.267	4.680		-2.553	-2.790		-11.491	13.892		5.116	-6.419		4.143	1.488		-4.972	1.794		-4.399	-22.402		-1.540	1.181		-3.251	-8.570		-6.064	-14.497		13.370	-6.687		1.901	6.388		-0.913	6.851		8.088	-0.464		-5.825	-2.141		-6.313	-8.327		-5.825	2.141		8.088	0.464		-0.913	-6.851		1.901	-6.388		13.370	6.687		-6.064	14.497		-3.251	8.570		-1.540	-1.181		-4.399	22.402		-4.972	-1.794		4.143	-1.488		5.116	6.419		-11.491	-13.892		-2.553	2.790		2.267	-4.680		0.538	-3.384		
-15.772	9.229		18.687	-14.203		-3.763	16.156		5.707	3.778		2.368	8.248		15.566	5.194		-3.128	-9.918		-8.071	16.071		-0.259	-7.326		-2.153	-2.767		-0.612	1.110		-8.293	19.192		15.702	5.110		6.558	7.890		-7.541	7.259		13.414	-3.414		-7.541	-7.259		6.558	-7.890		15.702	-5.110		-8.293	-19.192		-0.612	-1.110		-2.153	2.767		-0.259	7.326		-8.071	-16.071		-3.128	9.918		15.566	-5.194		2.368	-8.248		5.707	-3.778		-3.763	-16.156		18.687	14.203		-15.772	-9.229		-11.414	4.586		
-4.912	-12.895		-10.489	7.480		2.955	13.817		-21.717	-7.913		-7.919	9.699		2.240	-3.347		-8.357	-1.515		-2.034	-5.491		-1.825	4.351		2.747	8.128		-14.237	3.517		2.678	11.498		4.792	4.522		-0.659	-3.417		2.241	13.295		1.828	5.728		2.241	-13.295		-0.659	3.417		4.792	-4.522		2.678	-11.498		-14.237	-3.517		2.747	-8.128		-1.825	-4.351		-2.034	5.491		-8.357	1.515		2.240	3.347		-7.919	-9.699		-21.717	7.913		2.955	-13.817		-10.489	-7.480		-4.912	12.895		4.655	7.108		
-14.132	5.347		-5.341	-2.691		-3.704	12.692		-4.472	-11.449		0.577	11.817		1.827	-4.824		-4.366	10.994		-3.117	-11.435		16.183	15.934		-3.480	3.924		10.100	-16.478		-6.789	7.796		9.516	-1.241		1.395	9.283		-6.394	0.875		-8.730	-8.613		-6.394	-0.875		1.395	-9.283		9.516	1.241		-6.789	-7.796		10.100	16.478		-3.480	-3.924		16.183	-15.934		-3.117	11.435		-4.366	-10.994		1.827	4.824		0.577	-11.817		-4.472	11.449		-3.704	-12.692		-5.341	2.691		-14.132	-5.347		9.519	2.613		
-8.119	6.392		6.665	-9.979		-5.353	12.575		4.728	2.493		3.849	-4.768		-10.272	13.458		0.575	-10.821		-1.446	-1.106		4.352	-2.585		-1.943	-6.537		10.154	0.551		3.536	-3.497		-4.980	9.805		2.797	-9.603		9.188	0.696		3.512	8.389		9.188	-0.696		2.797	9.603		-4.980	-9.805		3.536	3.497		10.154	-0.551		-1.943	6.537		4.352	2.585		-1.446	1.106		0.575	10.821		-10.272	-13.458		3.849	4.768		4.728	-2.493		-5.353	-12.575		6.665	9.979		-8.119	-6.392		0.424	-1.341		
-10.802	1.232		5.133	-13.964		1.239	8.264		8.536	-7.536		0.992	3.927		4.607	-12.355		-3.806	1.661		5.000	-3.000		0.510	10.370		1.112	1.706		-2.186	1.670		-0.536	9.778		-4.825	-1.824		-0.078	3.530		7.876	-7.442		4.000	2.000		7.876	7.442		-0.078	-3.530		-4.825	1.824		-0.536	-9.778		-2.186	-1.670		1.112	-1.706		0.510	-10.370		5.000	3.000		-3.806	-1.661		4.607	12.355		0.992	-3.927		8.536	7.536		1.239	-8.264		5.133	13.964		-10.802	-1.232		-6.000	18.000		
6.839	4.293		-1.937	6.081		2.726	2.364		0.556	8.195		-14.822	6.860		14.341	-8.217		-16.084	5.403		1.112	1.379		7.224	7.016		7.585	-7.287		7.973	-2.206		-5.701	9.358		6.080	5.316		7.673	2.444		3.314	-4.883		-2.827	4.080		3.314	4.883		7.673	-2.444		6.080	-5.316		-5.701	-9.358		7.973	2.206		7.585	7.287		7.224	-7.016		1.112	-1.379		-16.084	-5.403		14.341	8.217		-14.822	-6.860		0.556	-8.195		2.726	-2.364		-1.937	-6.081		6.839	-4.293		-13.959	2.913		
15.416	10.216		-7.395	-4.374		3.175	0.299		8.270	-17.396		-3.013	6.451		-3.349	-2.076		-0.307	-0.478		-10.773	-0.082		6.141	-4.105		-0.655	-1.167		4.486	2.314		-2.335	-9.141		0.926	-4.759		10.655	-10.691		-3.987	6.949		-0.442	3.387		-3.987	-6.949		10.655	10.691		0.926	4.759		-2.335	9.141		4.486	-2.314		-0.655	1.167		6.141	4.105		-10.773	0.082		-0.307	0.478		-3.349	2.076		-3.013	-6.451		8.270	17.396		3.175	-0.299		-7.395	4.374		15.416	-10.216		8.623	2.613		
-6.601	-0.688		-10.971	22.807		6.064	-0.068		0.400	-9.141		-14.961	11.202		-10.969	-5.508		1.356	5.451		1.420	-5.060		-2.712	10.159		8.093	-3.243		5.964	-7.534		5.528	2.237		-0.010	1.012		-1.830	-3.758		-3.701	-2.962		2.121	4.176		-3.701	2.962		-1.830	3.758		-0.010	-1.012		5.528	-2.237		5.964	7.534		8.093	3.243		-2.712	-10.159		1.420	5.060		1.356	-5.451		-10.969	5.508		-14.961	-11.202		0.400	9.141		6.064	0.068		-10.971	-22.807		-6.601	0.688		-4.938	-4.334		
-12.435	-1.791		2.378	8.957		-1.602	9.813		-9.707	-0.808		-3.313	-2.882		4.912	-2.765		3.541	-1.831		-5.243	1.243		-6.641	0.151		14.304	0.144		-10.984	-2.697		4.293	11.778		0.943	3.026		-1.175	1.449		-2.904	9.544		10.586	0.586		-2.904	-9.544		-1.175	-1.449		0.943	-3.026		4.293	-11.778		-10.984	2.697		14.304	-0.144		-6.641	-0.151		-5.243	-1.243		3.541	1.831		4.912	2.765		-3.313	2.882		-9.707	0.808		-1.602	-9.813		2.378	-8.957		-12.435	1.791		-8.586	-7.414		
-5.634	4.509		1.046	9.994		3.969	4.393		-0.789	1.249		-1.702	0.803		-2.437	3.133		1.953	-18.553		-4.134	2.433		1.012	1.188		-1.990	9.693		4.333	5.659		0.965	-4.047		-7.040	11.487		4.044	-1.858		-6.483	4.426		0.707	-5.878		-6.483	-4.426		4.044	1.858		-7.040	-11.487		0.965	4.047		4.333	-5.659		-1.990	-9.693		1.012	-1.188		-4.134	-2.433		1.953	18.553		-2.437	-3.133		-1.702	-0.803		-0.789	-1.249		3.969	-4.393		1.046	-9.994		-5.634	-4.509		-4.254	2.832		
18.095	6.636		4.799	3.383		-3.088	7.244		-5.035	7.942		-1.958	-1.623		-0.345	-2.989		0.307	-1.342		-0.719	0.513		-5.409	-5.434		5.423	2.634		-13.352	1.222		2.060	-2.293		-6.454	-11.844		8.258	5.835		0.007	-5.069		-2.636	-4.918		0.007	5.069		8.258	-5.835		-6.454	11.844		2.060	2.293		-13.352	-1.222		5.423	-2.634		-5.409	5.434		-0.719	-0.513		0.307	1.342		-0.345	2.989		-1.958	1.623		-5.035	-7.942		-3.088	-7.244		4.799	-3.383		18.095	-6.636		-11.380	-1.082		
5.066	-8.278		2.654	2.569		2.656	-0.096		9.528	5.702		9.334	11.268		8.909	4.491		-5.140	-6.651		-4.531	-1.336		-9.447	-5.499		-1.135	-8.996		-10.329	6.134		-3.679	-4.606		1.416	1.526		2.570	13.316		-1.941	3.903		8.175	-5.623		-1.941	-3.903		2.570	-13.316		1.416	-1.526		-3.679	4.606		-10.329	-6.134		-1.135	8.996		-9.447	5.499		-4.531	1.336		-5.140	6.651		8.909	-4.491		9.334	-11.268		9.528	-5.702		2.656	0.096		2.654	-2.569		5.066	8.278		12.985	0.131		

----------------------

Coordinates:
0 0 0 0 0 0 0 0 0 0 0 1 0 1 0 0 0 0 1 0 0 0 0 0 0 0 0 0 0 0 0 0 
0 0 0 0 0 0 0 0 0 1 0 0 0 0 0 0 0 0 0 0 0 0 0 0 1 0 0 0 0 0 0 1 
0 0 0 0 0 0 1 0 0 0 0 1 0 0 0 0 1 0 0 0 0 0 0 0 0 0 0 0 0 0 0 0 
1 0 0 0 0 0 0 0 0 1 0 0 0 0 0 0 0 0 0 0 0 0 0 0 1 0 0 1 0 0 0 0 
0 0 0 0 0 0 1 0 0 0 1 0 0 0 1 0 0 0 0 0 0 0 0 0 0 0 0 0 0 1 0 0 
0 1 0 1 0 0 0 0 0 0 0 0 0 0 0 0 0 1 0 0 0 0 0 0 0 0 0 0 0 0 0 0 
0 0 0 0 0 0 0 1 0 0 0 0 0 0 1 0 0 0 0 0 0 0 0 0 0 0 0 0 0 0 0 0 
0 1 0 1 0 0 0 0 1 0 0 1 0 0 0 0 0 0 0 0 0 0 0 0 0 0 0 1 0 0 0 0 
0 0 0 0 0 0 0 0 0 0 0 0 0 0 0 0 0 0 0 1 0 0 0 0 0 0 0 0 0 0 0 0 
1 0 0 0 0 0 0 0 0 0 0 1 0 0 1 0 1 0 0 0 0 0 0 0 0 0 0 0 0 0 0 0 
0 0 0 0 0 1 0 0 0 0 0 0 1 0 0 0 0 1 0 0 0 0 0 0 0 0 0 0 1 0 0 0 
0 0 0 0 0 0 1 0 0 0 0 0 0 0 0 0 0 0 1 0 0 1 0 0 0 0 0 0 0 1 0 1 
0 0 1 0 0 0 0 0 0 0 1 0 1 0 0 0 0 0 0 0 0 0 0 0 0 0 0 0 0 0 0 0 
1 0 0 0 0 0 0 0 1 0 0 0 0 0 0 0 0 0 0 0 0 0 1 0 0 0 1 0 0 0 0 0 
0 0 0 0 1 0 0 0 0 0 0 0 1 0 0 0 0 0 0 0 0 0 0 1 0 0 0 0 0 0 1 0 
0 0 1 0 0 0 0 0 0 1 0 0 0 0 0 1 0 0 0 0 0 1 0 0 0 0 0 0 0 0 0 0 
0 0 0 0 0 0 0 0 0 0 0 0 0 0 0 0 0 0 0 0 0 0 0 0 0 0 0 0 0 1 0 0 
0 0 0 0 0 0 0 1 0 0 0 0 0 0 1 0 0 0 0 0 0 0 0 0 0 0 0 0 0 0 0 0 
0 0 0 0 1 0 0 0 1 0 0 0 1 0 0 0 0 0 0 0 0 0 0 0 0 0 0 0 1 0 0 0 
0 0 0 0 0 0 1 0 0 0 0 0 0 0 1 0 0 0 0 0 0 0 0 0 0 1 0 0 0 0 0 0 
0 0 0 0 0 0 0 0 0 0 0 0 0 0 0 0 0 0 0 0 0 0 0 0 0 0 0 0 1 0 1 0 
0 0 0 0 0 0 0 0 0 0 0 0 1 0 1 0 0 0 0 0 0 0 0 0 0 0 0 0 0 0 0 0 
0 0 0 1 0 0 0 0 0 0 1 0 0 0 0 0 0 0 0 0 0 0 1 0 0 0 0 0 0 0 0 0 
0 0 0 0 0 0 0 0 1 0 0 0 0 0 1 0 1 0 1 0 0 0 0 0 0 0 0 0 0 0 0 0 
0 0 1 0 0 0 0 0 0 0 1 0 0 0 0 0 0 0 0 0 0 0 0 0 0 0 0 0 0 0 0 1 
0 0 0 0 0 0 1 0 0 0 0 0 1 0 0 0 0 0 0 0 0 0 0 0 0 1 0 1 0 0 0 0 
0 1 0 1 0 0 0 0 0 0 1 0 0 0 0 0 1 0 0 0 0 0 0 1 0 0 0 0 0 1 0 0 
0 0 0 0 0 0 0 0 0 0 0 0 0 0 1 0 0 0 1 0 0 0 0 0 0 0 0 0 0 0 1 0 
0 0 0 0 0 0 0 0 0 0 0 0 0 0 0 0 0 0 0 0 0 0 0 0 0 0 0 0 0 0 0 0 
0 0 0 0 0 0 0 0 0 0 0 0 0 0 0 1 0 0 0 0 0 0 0 0 0 1 0 1 0 0 0 0 
0 0 0 0 1 0 0 0 1 0 0 0 0 0 0 0 0 0 0 0 0 0 0 0 0 0 0 0 0 0 0 0 
0 0 1 0 0 0 1 0 0 1 0 0 0 0 0 0 0 0 0 0 0 0 1 0 0 0 0 0 1 0 0 0 

----------------------

Full fourier transform:
-11.495	-14.767		4.135	1.233		-4.725	-3.503		1.000	11.657		5.083	0.131		-3.370	-7.858		7.503	-2.596		-7.000	-2.000		1.915	1.094		-2.287	6.142		-6.518	2.941		1.000	-0.343		-0.668	1.450		1.522	-12.767		0.905	15.065		103.000	0.000		0.905	-15.065		1.522	12.767		-0.668	-1.450		1.000	0.343		-6.518	-2.941		-2.287	-6.142		1.915	-1.094		-7.000	2.000		7.503	2.596		-3.370	7.858		5.083	-0.131		1.000	-11.657		-4.725	3.503		4.135	-1.233		-11.495	14.767		19.000	0.000		
-9.084	12.947		-3.050	-15.045		3.097	0.945		6.198	13.360		0.766	10.469		-3.031	-0.856		-2.737	-6.554		-2.523	3.695		3.337	5.945		-2.390	6.085		0.318	1.650		4.615	7.224		0.731	2.872		-4.295	2.177		-2.810	1.581		0.505	-3.733		-2.810	-1.581		-4.295	-2.177		0.731	-2.872		4.615	-7.224		0.318	-1.650		-2.390	-6.085		3.337	-5.945		-2.523	-3.695		-2.737	6.554		-3.031	0.856		0.766	-10.469		6.198	-13.360		3.097	-0.945		-3.050	15.045		-9.084	-12.947		-11.081	10.327		
10.634	1.780		-1.579	-13.019		-1.511	-8.489		-19.241	-0.939		3.811	3.998		-7.143	-5.900		6.035	7.925		5.462	5.455		-3.027	0.631		-2.871	-6.485		-4.552	3.551		1.810	-4.721		-0.851	-4.250		-6.307	-2.174		-3.619	-1.799		-3.803	3.748		-3.619	1.799		-6.307	2.174		-0.851	4.250		1.810	4.721		-4.552	-3.551		-2.871	6.485		-3.027	-0.631		5.462	-5.455		6.035	-7.925		-7.143	5.900		3.811	-3.998		-19.241	0.939		-1.511	8.489		-1.579	13.019		10.634	-1.780		2.682	0.091		
7.398	1.456		2.025	-5.614		0.694	0.792		11.310	1.721		-9.396	-1.218		0.826	-8.666		4.356	-12.466		-0.312	-4.556		3.698	-5.721		6.286	7.314		7.546	-12.867		-6.313	6.391		3.825	7.103		-2.109	-2.477		-4.642	1.801		2.723	-9.323		-4.642	-1.801		-2.109	2.477		3.825	-7.103		-6.313	-6.391		7.546	12.867		6.286	-7.314		3.698	5.721		-0.312	4.556		4.356	12.466		0.826	8.666		-9.396	1.218		11.310	-1.721		0.694	-0.792		2.025	5.614		7.398	-1.456		14.612	-5.920		
2.549	0.171		2.606	-2.497		-3.910	-9.486		4.172	-0.586		-5.370	-1.432		1.235	-1.296		5.639	0.014		-0.172	-0.243		-9.973	-1.700		-3.966	6.105		10.636	7.822		4.414	4.000		7.899	-4.579		6.434	5.036		-2.084	4.406		1.828	-4.586		-2.084	-4.406		6.434	-5.036		7.899	4.579		4.414	-4.000		10.636	-7.822		-3.966	-6.105		-9.973	1.700		-0.172	0.243		5.639	-0.014		1.235	1.296		-5.370	1.432		4.172	0.586		-3.910	9.486		2.606	2.497		2.549	-0.171		-9.000	0.586		
-9.589	3.498		-5.346	9.453		-7.499	4.561		-12.028	9.989		-8.247	2.415		-2.897	0.623		-9.118	-4.213		3.193	0.597		-4.019	-3.474		1.741	6.657		8.172	-3.863		-1.438	5.139		1.356	9.507		-1.315	3.291		12.572	-3.242		6.527	5.460		12.572	3.242		-1.315	-3.291		1.356	-9.507		-1.438	-5.139		8.172	3.863		1.741	-6.657		-4.019	3.474		3.193	-0.597		-9.118	4.213		-2.897	-0.623		-8.247	-2.415		-12.028	-9.989		-7.499	-4.561		-5.346	-9.453		-9.589	-3.498		2.888	5.045		
-14.290	1.061		0.389	2.384		-3.291	-1.971		1.260	0.045		6.081	-2.886		-1.812	-3.509		3.103	-0.807		-2.900	7.823		5.682	1.452		-4.459	3.818		-9.105	2.302		-9.816	-0.030		5.399	-1.242		7.461	1.376		-7.286	-3.755		-0.658	7.452		-7.286	3.755		7.461	-1.376		5.399	1.242		-9.816	0.030		-9.105	-2.302		-4.459	-3.818		5.682	-1.452		-2.900	-7.823		3.103	0.807		-1.812	3.509		6.081	2.886		1.260	-0.045		-3.291	1.971		0.389	-2.384		-14.290	-1.061		-11.143	-0.205		
2.708	11.056		4.882	7.284		-3.578	0.098		2.527	-8.242		-1.981	-7.371		8.360	-7.190		11.510	0.304		-5.171	4.228		7.937	-11.705		0.041	1.624		4.161	-0.044		4.932	-0.674		1.666	-4.535		7.115	6.226		-4.699	1.344		2.260	4.116		-4.699	-1.344		7.115	-6.226		1.666	4.535		4.932	0.674		4.161	0.044		0.041	-1.624		7.937	11.705		-5.171	-4.228		11.510	-0.304		8.360	7.190		-1.981	7.371		2.527	8.242		-3.578	-0.098		4.882	-7.284		2.708	-11.056		15.019	15.244		
2.437	-0.698		-6.666	-9.541		5.594	5.011		2.414	-10.243		2.481	-2.811		-8.143	1.357		-3.204	-5.135		-9.000	10.000		3.150	5.183		-2.408	1.689		11.000	7.445		-1.243	5.414		-2.957	-5.969		10.460	-5.513		0.459	-5.735		-11.000	8.000		0.459	5.735		10.460	5.513		-2.957	5.969		-1.243	-5.414		11.000	-7.445		-2.408	-1.689		3.150	-5.183		-9.000	-10.000		-3.204	5.135		-8.143	-1.357		2.481	2.811		2.414	10.243		5.594	-5.011		-6.666	9.541		2.437	0.698		-3.000	4.000		
13.289	-12.874		-0.215	-12.244		1.368	-1.734		-3.354	0.989		-3.978	11.186		-1.079	-0.636		-1.970	-0.987		1.297	-3.719		-3.410	-7.939		8.245	0.919		5.890	-9.473		-17.088	0.898		-1.648	3.730		-13.220	-4.600		3.634	-3.379		5.104	-3.733		3.634	3.379		-13.220	4.600		-1.648	-3.730		-17.088	-0.898		5.890	9.473		8.245	-0.919		-3.410	7.939		1.297	3.719		-1.970	0.987		-1.079	0.636		-3.978	-11.186		-3.354	-0.989		1.368	1.734		-0.215	12.244		13.289	12.874		-11.422	14.553		
-4.030	-3.526		-1.461	-8.767		3.071	1.888		13.519	6.952		1.955	-1.734		-5.541	-1.839		0.303	4.070		2.508	2.722		5.700	7.659		8.640	-6.681		7.408	2.089		9.353	6.518		3.162	1.653		-4.389	-4.101		2.636	-0.790		3.486	-4.205		2.636	0.790		-4.389	4.101		3.162	-1.653		9.353	-6.518		7.408	-2.089		8.640	6.681		5.700	-7.659		2.508	-2.722		0.303	-4.070		-5.541	1.839		1.955	1.734		13.519	-6.952		3.071	-1.888		-1.461	8.767		-4.030	3.526		-6.999	3.452		
1.764	2.913		13.226	-0.305		4.781	4.612		8.299	-9.218		-0.016	7.184		-4.920	-4.509		-0.107	1.917		3.678	-0.896		3.864	7.361		3.309	-5.286		-6.059	2.172		0.580	1.822		-1.652	8.113		16.719	-4.280		-15.971	-0.484		3.032	-1.467		-15.971	0.484		16.719	4.280		-1.652	-8.113		0.580	-1.822		-6.059	-2.172		3.309	5.286		3.864	-7.361		3.678	0.896		-0.107	-1.917		-4.920	4.509		-0.016	-7.184		8.299	9.218		4.781	-4.612		13.226	0.305		1.764	-2.913		-1.893	-9.507		
1.194	-1.163		0.152	4.543		9.582	3.180		1.586	-4.000		-5.192	0.527		-3.685	1.199		10.189	8.774		2.172	-6.586		4.657	-0.755		8.180	-8.516		14.871	2.831		9.828	3.414		1.078	2.103		4.723	-0.652		2.119	-7.245		-3.828	7.414		2.119	7.245		4.723	0.652		1.078	-2.103		9.828	-3.414		14.871	-2.831		8.180	8.516		4.657	0.755		2.172	6.586		10.189	-8.774		-3.685	-1.199		-5.192	-0.527		1.586	4.000		9.582	-3.180		0.152	-4.543		1.194	1.163		-9.000	-3.414		
2.477	14.128		-3.588	-0.332		12.990	10.837		0.605	5.154		-8.111	4.674		-3.374	-5.293		-7.206	-1.423		-6.188	13.081		9.204	2.865		3.469	-2.756		-1.868	4.583		-6.066	13.219		8.441	1.035		-2.255	-2.391		4.325	2.959		-1.453	5.892		4.325	-2.959		-2.255	2.391		8.441	-1.035		-6.066	-13.219		-1.868	-4.583		3.469	2.756		9.204	-2.865		-6.188	-13.081		-7.206	1.423		-3.374	5.293		-8.111	-4.674		0.605	-5.154		12.990	-10.837		-3.588	0.332		2.477	-14.128		-7.123	-3.986		
-3.740	-12.478		-3.693	-7.831		-6.065	16.391		7.272	2.954		3.674	2.618		-13.957	6.485		5.980	4.018		7.217	9.252		-1.648	-4.752		-2.999	1.756		9.865	-10.096		-16.403	2.305		-15.192	3.005		2.751	-4.191		-9.709	4.094		0.975	4.091		-9.709	-4.094		2.751	4.191		-15.192	-3.005		-16.403	-2.305		9.865	10.096		-2.999	-1.756		-1.648	4.752		7.217	-9.252		5.980	-4.018		-13.957	-6.485		3.674	-2.618		7.272	-2.954		-6.065	-16.391		-3.693	7.831		-3.740	12.478		7.460	7.748		
-12.128	-3.014		6.792	-15.471		-16.998	-3.945		14.943	5.681		1.819	-6.378		-1.293	11.497		12.386	4.082		-6.446	5.390		-0.087	3.755		4.700	3.028		4.460	-9.213		-4.801	-0.753		-1.145	13.851		-3.405	6.689		-9.844	21.190		-2.697	-5.440		-9.844	-21.190		-3.405	-6.689		-1.145	-13.851		-4.801	0.753		4.460	9.213		4.700	-3.028		-0.087	-3.755		-6.446	-5.390		12.386	-4.082		-1.293	-11.497		1.819	6.378		14.943	-5.681		-16.998	3.945		6.792	15.471		-12.128	3.014		-1.001	10.121		
3.660	-5.216		-8.611	10.376		2.488	4.351		-7.343	-16.485		-13.241	-4.779		12.175	13.023		-4.816	3.826		5.000	-2.000		-4.518	4.526		-3.690	6.537		-15.294	-16.392		-18.657	-0.485		5.561	-2.776		0.125	-0.109		2.159	7.969		-13.000	0.000		2.159	-7.969		0.125	0.109		5.561	2.776		-18.657	0.485		-15.294	16.392		-3.690	-6.537		-4.518	-4.526		5.000	2.000		-4.816	-3.826		12.175	-13.023		-13.241	4.779		-7.343	16.485		2.488	-4.351		-8.611	-10.376		3.660	5.216		7.000	0.000		
3.066	-3.152		-0.989	5.692		-3.757	5.341		6.497	-14.150		2.927	-7.022		7.877	2.171		9.385	-0.021		-12.193	-5.752		-9.115	2.340		1.756	-8.343		11.725	18.676		12.986	-12.101		-3.458	-13.607		7.542	1.730		-13.264	-7.038		-2.697	5.440		-13.264	7.038		7.542	-1.730		-3.458	13.607		12.986	12.101		11.725	-18.676		1.756	8.343		-9.115	-2.340		-12.193	5.752		9.385	0.021		7.877	-2.171		2.927	7.022		6.497	14.150		-3.757	-5.341		-0.989	-5.692		3.066	3.152		-1.001	-10.121		
-6.501	-3.766		10.892	-6.310		-13.034	9.286		9.241	10.596		5.326	0.213		0.072	11.010		3.223	19.588		11.508	-11.940		-5.245	-9.373		2.683	10.602		1.973	-7.968		1.362	-2.108		4.555	-3.091		7.721	-6.835		-0.490	4.035		0.975	-4.091		-0.490	-4.035		7.721	6.835		4.555	3.091		1.362	2.108		1.973	7.968		2.683	-10.602		-5.245	9.373		11.508	11.940		3.223	-19.588		0.072	-11.010		5.326	-0.213		9.241	-10.596		-13.034	-9.286		10.892	6.310		-6.501	3.766		7.460	-7.748		
15.454	-0.295		1.955	7.719		6.724	9.353		-4.336	2.959		-1.294	1.744		-14.014	4.540		4.399	0.801		4.504	-16.354		-13.875	-14.520		1.553	7.722		4.280	-4.755		-4.260	9.437		-10.090	7.003		5.242	5.577		-8.303	1.340		-1.453	-5.892		-8.303	-1.340		5.242	-5.577		-10.090	-7.003		-4.260	-9.437		4.280	4.755		1.553	-7.722		-13.875	14.520		4.504	16.354		4.399	-0.801		-14.014	-4.540		-1.294	-1.744		-4.336	-2.959		6.724	-9.353		1.955	-7.719		15.454	0.295		-7.123	3.986		
-1.308	1.821		-7.894	-11.965		-6.101	0.666		3.828	-2.586		8.214	1.444		6.649	2.656		-2.492	-2.785		-5.828	8.243		1.971	-8.292		-11.972	4.027		-1.099	-15.692		-10.071	-0.828		-0.382	-3.433		3.848	6.543		-3.359	-8.790		-3.828	-7.414		-3.359	8.790		3.848	-6.543		-0.382	3.433		-10.071	0.828		-1.099	15.692		-11.972	-4.027		1.971	8.292		-5.828	-8.243		-2.492	2.785		6.649	-2.656		8.214	-1.444		3.828	2.586		-6.101	-0.666		-7.894	11.965		-1.308	-1.821		-9.000	3.414		
-0.159	1.343		15.870	0.961		-10.305	-5.780		-6.269	-9.044		-6.420	7.087		-4.942	16.070		0.579	-0.943		4.724	-9.585		-0.645	-2.904		-11.868	0.530		2.765	2.180		7.689	-0.359		5.468	-4.080		1.336	-4.500		0.150	0.848		3.032	1.467		0.150	-0.848		1.336	4.500		5.468	4.080		7.689	0.359		2.765	-2.180		-11.868	-0.530		-0.645	2.904		4.724	9.585		0.579	0.943		-4.942	-16.070		-6.420	-7.087		-6.269	9.044		-10.305	5.780		15.870	-0.961		-0.159	-1.343		-1.893	9.507		
-4.613	12.624		6.682	0.561		16.769	10.410		7.569	1.127		2.425	-1.842		18.342	7.859		10.000	-0.449		1.244	-0.651		-0.035	-2.875		3.045	10.243		-2.977	7.328		-0.184	1.687		-12.988	8.870		-7.882	-10.485		-5.343	-7.974		3.486	4.205		-5.343	7.974		-7.882	10.485		-12.988	-8.870		-0.184	-1.687		-2.977	-7.328		3.045	-10.243		-0.035	2.875		1.244	0.651		10.000	0.449		18.342	-7.859		2.425	1.842		7.569	-1.127		16.769	-10.410		6.682	-0.561		-4.613	-12.624		-6.999	-3.452		
-11.451	0.133		-8.129	6.281		9.389	2.839		-9.963	-3.266		9.891	7.927		-7.726	-12.725		-2.947	-1.570		5.901	0.090		8.367	1.448		-6.544	5.348		4.448	3.516		-6.026	0.393		4.295	1.441		-3.763	-4.264		1.433	1.184		5.104	3.733		1.433	-1.184		-3.763	4.264		4.295	-1.441		-6.026	-0.393		4.448	-3.516		-6.544	-5.348		8.367	-1.448		5.901	-0.090		-2.947	1.570		-7.726	12.725		9.891	-7.927		-9.963	3.266		9.389	-2.839		-8.129	-6.281		-11.451	-0.133		-11.422	-14.553		
4.331	2.469		5.682	-3.857		-1.684	-12.720		7.243	-2.586		-4.686	1.077		6.065	-10.796		2.429	-7.457		-17.000	-6.000		-3.727	10.460		-3.999	-8.300		3.331	-5.232		-0.414	1.757		14.234	-4.419		-0.991	-5.056		-1.188	-2.886		-11.000	-8.000		-1.188	2.886		-0.991	5.056		14.234	4.419		-0.414	-1.757		3.331	5.232		-3.999	8.300		-3.727	-10.460		-17.000	6.000		2.429	7.457		6.065	10.796		-4.686	-1.077		7.243	2.586		-1.684	12.720		5.682	3.857		4.331	-2.469		-3.000	-4.000		
1.672	2.150		0.917	3.885		-2.128	6.867		-4.856	9.942		-0.182	-6.614		-6.925	16.601		-1.513	5.308		0.934	1.291		7.727	1.471		-8.604	-2.716		-6.671	-9.309		-0.998	-4.507		-0.037	7.900		5.739	-2.213		-11.381	2.442		2.260	-4.116		-11.381	-2.442		5.739	2.213		-0.037	-7.900		-0.998	4.507		-6.671	9.309		-8.604	2.716		7.727	-1.471		0.934	-1.291		-1.513	-5.308		-6.925	-16.601		-0.182	6.614		-4.856	-9.942		-2.128	-6.867		0.917	-3.885		1.672	-2.150		15.019	-15.244		
-4.413	18.764		-3.290	10.485		-2.060	-0.001		-8.206	-12.608		3.802	7.059		4.127	7.415		7.124	-11.962		-19.479	7.763		-9.043	2.745		-8.686	11.516		-4.649	-7.704		-2.182	-9.346		1.000	-4.909		11.460	4.217		-1.493	4.944		-0.658	-7.452		-1.493	-4.944		11.460	-4.217		1.000	4.909		-2.182	9.346		-4.649	7.704		-8.686	-11.516		-9.043	-2.745		-19.479	-7.763		7.124	11.962		4.127	-7.415		3.802	-7.059		-8.206	12.608		-2.060	0.001		-3.290	-10.485		-4.413	-18.764		-11.143	0.205		
10.114	-4.637		0.076	-7.301		-2.075	10.633		1.211	-3.946		2.390	-2.577		6.053	1.985		2.810	8.736		-9.041	-4.335		-1.474	-4.611		-10.586	5.797		0.084	1.182		-2.493	0.492		8.598	-3.293		-7.797	-3.483		0.568	5.529		6.527	-5.460		0.568	-5.529		-7.797	3.483		8.598	3.293		-2.493	-0.492		0.084	-1.182		-10.586	-5.797		-1.474	4.611		-9.041	4.335		2.810	-8.736		6.053	-1.985		2.390	2.577		1.211	3.946		-2.075	-10.633		0.076	7.301		10.114	4.637		2.888	-5.045		
-1.180	10.639		2.738	-11.793		-9.911	4.833		4.071	-4.828		-5.409	-7.155		-4.863	-5.209		-11.539	1.218		7.828	-9.414		8.940	0.124		2.765	-3.296		-13.588	-2.844		-1.828	5.414		-1.316	3.833		-6.949	0.332		-5.321	5.253		1.828	4.586		-5.321	-5.253		-6.949	-0.332		-1.316	-3.833		-1.828	-5.414		-13.588	2.844		2.765	3.296		8.940	-0.124		7.828	9.414		-11.539	-1.218		-4.863	5.209		-5.409	7.155		4.071	4.828		-9.911	-4.833		2.738	11.793		-1.180	-10.639		-9.000	-0.586		
1.115	10.731		-5.333	-1.088		-8.722	-1.754		-8.450	-7.271		2.754	-12.478		-3.006	-20.824		-7.218	4.480		2.756	8.392		2.505	-3.013		5.055	-2.111		-3.899	-2.704		-0.671	-7.171		4.784	-13.037		-1.390	0.442		-5.029	-0.520		2.723	9.323		-5.029	0.520		-1.390	-0.442		4.784	13.037		-0.671	7.171		-3.899	2.704		5.055	2.111		2.505	3.013		2.756	-8.392		-7.218	-4.480		-3.006	20.824		2.754	12.478		-8.450	7.271		-8.722	1.754		-5.333	1.088		1.115	-10.731		14.612	5.920		
20.872	11.713		5.108	-9.663		-7.027	-1.941		5.556	-5.782		0.292	4.661		3.317	-7.540		-11.390	-3.230		2.439	3.577		6.681	-3.362		-4.072	0.525		1.699	-0.857		-0.910	-7.962		1.035	2.096		-12.549	1.347		7.944	0.389		-3.803	-3.748		7.944	-0.389		-12.549	-1.347		1.035	-2.096		-0.910	7.962		1.699	0.857		-4.072	-0.525		6.681	3.362		2.439	-3.577		-11.390	3.230		3.317	7.540		0.292	-4.661		5.556	5.782		-7.027	1.941		5.108	9.663		20.872	-11.713		2.682	-0.091		
4.067	0.822		-1.655	-9.970		-12.039	5.623		8.978	0.655		-3.064	-3.697		3.995	2.020		-2.303	-9.048		-1.112	-7.566		5.244	4.858		7.305	-6.376		-0.966	-5.961		8.036	7.863		-5.323	-4.277		1.046	-1.391		2.982	-0.596		0.505	3.733		2.982	0.596		1.046	1.391		-5.323	4.277		8.036	-7.863		-0.966	5.961		7.305	6.376		5.244	-4.858		-1.112	7.566		-2.303	9.048		3.995	-2.020		-3.064	3.697		8.978	-0.655		-12.039	-5.623		-1.655	9.970		4.067	-0.822		-11.081	-10.327		

----------------------

ISF:
time_factor: 2, time_steps: 8, repeats: 1000000

Real
Timestep 1	Timestep 2	k0	k1	k2	k3	k4	k5	k6	k7	k8	k9	k10	k11	k12	k13	k14	k15	k16	k17	k18	k19	k20	k21	k22	k23	k24	k25	k26	k27	k28	k29	k30	k31	
0	0	113.09374	108.91269	102.14715	94.80096	87.01768	79.46075	72.76410	66.78755	61.87677	57.61784	54.26344	51.53230	49.55928	48.12668	47.43180	10571.96409	47.43180	48.12668	49.55928	51.53230	54.26344	57.61784	61.87677	66.78755	72.76410	79.46075	87.01768	94.80096	102.14715	108.91269	113.09374	114.65968	
0	1	29.09774	27.64122	25.24201	22.92643	20.87825	19.60994	18.97185	19.15274	20.56115	22.97070	26.56171	31.31847	36.66368	41.81165	45.74982	10571.96409	45.74982	41.81165	36.66368	31.31847	26.56171	22.97070	20.56115	19.15274	18.97185	19.60994	20.87825	22.92643	25.24201	27.64122	29.09774	29.67597	
0	2	10.09671	9.31387	8.34211	7.46360	6.56763	6.11513	6.07499	6.42663	7.47717	9.75410	13.38964	19.17722	27.25982	36.35898	44.12986	10571.96409	44.12986	36.35898	27.25982	19.17722	13.38964	9.75410	7.47717	6.42663	6.07499	6.11513	6.56763	7.46360	8.34211	9.31387	10.09671	10.28312	
0	3	2.31862	2.11579	1.67351	1.47044	1.29372	1.14582	1.12982	1.10024	1.33321	2.03322	3.63787	7.40584	15.17183	27.49083	41.05618	10571.96409	41.05618	27.49083	15.17183	7.40584	3.63787	2.03322	1.33321	1.10024	1.12982	1.14582	1.29372	1.47044	1.67351	2.11579	2.31862	2.25739	
0	4	1.04303	0.92168	0.93487	0.75408	0.52978	0.61687	0.41466	0.37799	0.33373	0.36825	0.52753	1.25635	4.76802	15.77227	35.54461	10571.96409	35.54461	15.77227	4.76802	1.25635	0.52753	0.36825	0.33373	0.37799	0.41466	0.61687	0.52978	0.75408	0.93487	0.92168	1.04303	0.99086	
0	5	0.99982	0.99259	0.84199	0.76947	0.56719	0.46527	0.37318	0.31583	0.27345	0.24065	0.21088	0.23386	0.70282	5.27364	26.67511	10571.96409	26.67511	5.27364	0.70282	0.23386	0.21088	0.24065	0.27345	0.31583	0.37318	0.46527	0.56719	0.76947	0.84199	0.99259	0.99982	0.67431	
0	6	1.12585	0.96400	0.73077	0.65508	0.66341	0.51779	0.50168	0.38358	0.30228	0.22089	0.23519	0.20057	0.24157	0.68087	15.02310	10571.96419	15.02310	0.68087	0.24157	0.20057	0.23519	0.22089	0.30228	0.38358	0.50168	0.51779	0.66341	0.65508	0.73077	0.96400	1.12585	0.88270	
0	7	0.94060	0.93881	0.80828	0.77530	0.67446	0.44201	0.36043	0.33351	0.31796	0.19055	0.27653	0.23119	0.17887	0.10296	4.86512	10571.96419	4.86512	0.10296	0.17887	0.23119	0.27653	0.19055	0.31796	0.33351	0.36043	0.44201	0.67446	0.77530	0.80828	0.93881	0.94060	0.84644	
0	8	1.07984	0.83386	0.87921	0.67188	0.63805	0.48325	0.36206	0.34968	0.34000	0.27206	0.21665	0.24579	0.14492	0.23619	0.63751	10571.96419	0.63751	0.23619	0.14492	0.24579	0.21665	0.27206	0.34000	0.34968	0.36206	0.48325	0.63805	0.67188	0.87921	0.83386	1.07984	1.03237	

Imaginary
Timestep 1	Timestep 2	k0	k1	k2	k3	k4	k5	k6	k7	k8	k9	k10	k11	k12	k13	k14	k15	k16	k17	k18	k19	k20	k21	k22	k23	k24	k25	k26	k27	k28	k29	k30	k31	
0	0	0.00000	0.00000	0.00000	0.00000	0.00000	0.00000	0.00000	0.00000	0.00000	0.00000	0.00000	0.00000	0.00000	0.00000	0.00000	0.00000	0.00000	0.00000	0.00000	0.00000	0.00000	0.00000	0.00000	0.00000	0.00000	0.00000	0.00000	0.00000	0.00000	0.00000	0.00000	0.00000	
0	1	-0.10741	-0.01588	0.02256	-0.06352	-0.00008	0.00701	-0.00889	0.03234	0.03720	0.01024	-0.05814	-0.00987	-0.00846	-0.01240	0.00046	0.00000	-0.00046	0.01240	0.00846	0.00987	0.05814	-0.01024	-0.03720	-0.03234	0.00889	-0.00701	0.00008	0.06352	-0.02256	0.01588	0.10741	0.00000	
0	2	-0.01458	0.05584	0.01273	-0.14587	-0.03369	-0.12226	-0.01585	-0.05055	0.03011	0.01674	-0.07310	-0.06393	-0.00684	-0.03394	0.00139	0.00000	-0.00139	0.03394	0.00684	0.06393	0.07310	-0.01674	-0.03011	0.05055	0.01585	0.12226	0.03369	0.14587	-0.01273	-0.05584	0.01458	0.00000	
0	3	0.03762	-0.11347	-0.06970	-0.09880	-0.02846	-0.05067	-0.06026	0.02714	-0.01900	0.02896	0.01009	-0.01603	0.00757	-0.00930	0.00120	0.00000	-0.00120	0.00930	-0.00757	0.01603	-0.01009	-0.02896	0.01900	-0.02714	0.06026	0.05067	0.02846	0.09880	0.06970	0.11347	-0.03762	0.00000	
0	4	-0.10488	-0.18096	-0.11081	-0.09040	-0.01355	-0.01559	0.02117	0.06020	-0.00394	-0.00400	0.02641	-0.03378	0.04344	-0.05682	0.02000	0.00000	-0.02000	0.05682	-0.04344	0.03378	-0.02641	0.00400	0.00394	-0.06020	-0.02117	0.01559	0.01355	0.09040	0.11081	0.18096	0.10488	0.00000	
0	5	0.00294	-0.06270	0.06430	0.05688	0.10819	0.02863	-0.04006	-0.02526	-0.00910	0.02645	-0.00748	-0.01261	0.00160	-0.01181	0.02333	0.00000	-0.02333	0.01181	-0.00160	0.01261	0.00748	-0.02645	0.00910	0.02526	0.04006	-0.02863	-0.10819	-0.05688	-0.06430	0.06270	-0.00294	0.00000	
0	6	-0.03143	-0.13719	0.05686	0.00981	0.00045	-0.03889	0.01930	0.04303	0.00729	-0.07573	0.05745	0.03380	0.01310	-0.00106	0.01108	0.00000	-0.01108	0.00106	-0.01310	-0.03380	-0.05745	0.07573	-0.00729	-0.04303	-0.01930	0.03889	-0.00045	-0.00981	-0.05686	0.13719	0.03143	0.00000	
0	7	0.04262	-0.06873	-0.05703	-0.01400	-0.05317	-0.06681	-0.03359	-0.09905	-0.00044	-0.01112	0.06252	0.04359	-0.05014	-0.00611	0.06028	0.00000	-0.06028	0.00611	0.05014	-0.04359	-0.06252	0.01112	0.00044	0.09905	0.03359	0.06681	0.05317	0.01400	0.05703	0.06873	-0.04262	0.00000	
0	8	-0.02524	0.06706	-0.04562	0.05323	-0.03880	-0.02883	-0.00192	0.00205	0.03188	0.00460	0.02512	0.00593	0.03356	0.00595	0.04317	0.00000	-0.04317	-0.00595	-0.03356	-0.00593	-0.02512	-0.00460	-0.03188	-0.00205	0.00192	0.02883	0.03880	-0.05323	0.04562	-0.06706	0.02524	0.00000	

Real variance
Timestep 1	Timestep 2	k0	k1	k2	k3	k4	k5	k6	k7	k8	k9	k10	k11	k12	k13	k14	k15	k16	k17	k18	k19	k20	k21	k22	k23	k24	k25	k26	k27	k28	k29	k30	k31	
0	0	12513.51067	11680.70092	10302.77424	8908.26683	7516.67914	6287.06877	5276.13606	4445.29847	3819.35468	3304.92319	2932.92171	2639.16484	2439.38847	2303.96373	2230.57995	6220.69898	2230.57995	2303.96373	2439.38847	2639.16484	2932.92171	3304.92319	3819.35468	4445.29847	5276.13606	6287.06877	7516.67914	8908.26683	10302.77424	11680.70092	12513.51067	25920.54586	
0	1	6801.77817	6303.79346	5529.68099	4753.98493	3987.85877	3351.60929	2826.86827	2412.53830	2124.88164	1927.38114	1822.07864	1821.22862	1895.63676	2027.16746	2153.23665	6220.69898	2153.23665	2027.16746	1895.63676	1821.22862	1822.07864	1927.38114	2124.88164	2412.53830	2826.86827	3351.60929	3987.85877	4753.98493	5529.68099	6303.79346	6801.77817	13992.56504	
0	2	6473.29230	5966.71247	5252.42541	4528.85473	3798.83535	3183.86209	2663.99630	2258.85194	1939.33730	1708.04772	1560.14684	1508.96802	1599.73860	1814.83863	2084.14062	6220.69898	2084.14062	1814.83863	1599.73860	1508.96802	1560.14684	1708.04772	1939.33730	2258.85194	2663.99630	3183.86209	3798.83535	4528.85473	5252.42541	5966.71247	6473.29230	13252.50977	
0	3	6396.53621	5935.19657	5219.14058	4485.72106	3790.27996	3162.07588	2645.54906	2239.43781	1914.08744	1663.11170	1477.46757	1352.71269	1347.39867	1531.76703	1953.80037	6220.69898	1953.80037	1531.76703	1347.39867	1352.71269	1477.46757	1663.11170	1914.08744	2239.43781	2645.54906	3162.07588	3790.27996	4485.72106	5219.14058	5935.19657	6396.53621	13176.89124	
0	4	6415.66033	5934.45024	5232.93919	4486.06988	3783.20661	3158.14138	2648.55079	2227.33273	1911.30784	1658.57150	1464.89306	1331.16354	1238.90309	1282.57012	1745.14457	6220.69898	1745.14457	1282.57012	1238.90309	1331.16354	1464.89306	1658.57150	1911.30784	2227.33273	2648.55079	3158.14138	3783.20661	4486.06988	5232.93919	5934.45024	6415.66033	13083.98054	
0	5	6408.59153	5929.23746	5216.49185	4500.70673	3779.37148	3170.76470	2641.91146	2222.68958	1917.62506	1656.82104	1467.70040	1324.44583	1230.15840	1170.78259	1473.29675	6220.69898	1473.29675	1170.78259	1230.15840	1324.44583	1467.70040	1656.82104	1917.62506	2222.68958	2641.91146	3170.76470	3779.37148	4500.70673	5216.49185	5929.23746	6408.59153	13149.22775	
0	6	6411.74212	5927.60704	5235.63411	4496.95967	3783.28365	3164.60073	2654.57578	2229.83278	1916.86359	1659.22534	1462.58188	1331.48518	1230.05211	1161.45435	1233.51037	6220.67512	1233.51037	1161.45435	1230.05211	1331.48518	1462.58188	1659.22534	1916.86359	2229.83278	2654.57578	3164.60073	3783.28365	4496.95967	5235.63411	5927.60704	6411.74212	13144.45167	
0	7	6381.95802	5935.05192	5224.74821	4492.06317	3780.18656	3158.09503	2639.64324	2225.13148	1907.02203	1661.68315	1472.68190	1325.73538	1226.40035	1158.92794	1136.98444	6220.67512	1136.98444	1158.92794	1226.40035	1325.73538	1472.68190	1661.68315	1907.02203	2225.13148	2639.64324	3158.09503	3780.18656	4492.06317	5224.74821	5935.05192	6381.95802	13163.45082	
0	8	6407.01966	5947.19045	5214.92108	4495.18389	3779.66219	3157.02804	2651.24627	2233.18523	1916.28061	1661.42092	1472.32274	1330.06981	1230.23842	1160.06710	1123.41800	6220.67512	1123.41800	1160.06710	1230.23842	1330.06981	1472.32274	1661.42092	1916.28061	2233.18523	2651.24627	3157.02804	3779.66219	4495.18389	5214.92108	5947.19045	6407.01966	13159.67509	

Imaginary variance
Timestep 1	Timestep 2	k0	k1	k2	k3	k4	k5	k6	k7	k8	k9	k10	k11	k12	k13	k14	k15	k16	k17	k18	k19	k20	k21	k22	k23	k24	k25	k26	k27	k28	k29	k30	k31	
0	0	0.00000	0.00000	0.00000	0.00000	0.00000	0.00000	0.00000	0.00000	0.00000	0.00000	0.00000	0.00000	0.00000	0.00000	0.00000	0.00000	0.00000	0.00000	0.00000	0.00000	0.00000	0.00000	0.00000	0.00000	0.00000	0.00000	0.00000	0.00000	0.00000	0.00000	0.00000	0.00000	
0	1	5939.80999	5515.78272	4930.77382	4235.39267	3568.64404	2975.01162	2470.38424	2047.97148	1705.76911	1395.69820	1118.62975	837.21790	552.50092	281.80984	77.97814	0.00000	77.97814	281.80984	552.50092	837.21790	1118.62975	1395.69820	1705.76911	2047.97148	2470.38424	2975.01162	3568.64404	4235.39267	4930.77382	5515.78272	5939.80999	0.00000	
0	2	6325.82273	5857.40319	5207.77004	4479.26425	3756.36524	3139.57999	2628.53584	2210.10137	1883.66219	1612.23791	1383.82297	1140.57939	855.93622	493.97717	150.02201	0.00000	150.02201	493.97717	855.93622	1140.57939	1383.82297	1612.23791	1883.66219	2210.10137	2628.53584	3139.57999	3756.36524	4479.26425	5207.77004	5857.40319	6325.82273	0.00000	
0	3	6369.38208	5904.33073	5220.30954	4500.47351	3789.55327	3152.00769	2652.05633	2222.53302	1910.90304	1661.26124	1462.16384	1298.59633	1113.03437	778.43983	279.20696	0.00000	279.20696	778.43983	1113.03437	1298.59633	1462.16384	1661.26124	1910.90304	2222.53302	2652.05633	3152.00769	3789.55327	4500.47351	5220.30954	5904.33073	6369.38208	0.00000	
0	4	6399.28658	5922.66724	5229.04150	4491.30043	3776.85491	3159.91625	2652.78257	2232.28838	1908.29526	1656.41032	1475.97892	1328.45234	1217.87612	1031.65477	489.52976	0.00000	489.52976	1031.65477	1217.87612	1328.45234	1475.97892	1656.41032	1908.29526	2232.28838	2652.78257	3159.91625	3776.85491	4491.30043	5229.04150	5922.66724	6399.28658	0.00000	
0	5	6383.28714	5941.40738	5227.56445	4499.22201	3777.58015	3165.26559	2649.44666	2232.39570	1908.62823	1659.19716	1470.64911	1326.27988	1228.59729	1143.87963	765.69770	0.00000	765.69770	1143.87963	1228.59729	1326.27988	1470.64911	1659.19716	1908.62823	2232.39570	2649.44666	3165.26559	3777.58015	4499.22201	5227.56445	5941.40738	6383.28714	0.00000	
0	6	6388.77646	5916.74481	5230.67189	4497.34561	3787.80067	3151.64232	2639.43402	2234.11449	1911.25483	1663.60963	1468.71148	1324.24370	1227.34147	1155.36358	1010.30244	0.00000	1010.30244	1155.36358	1227.34147	1324.24370	1468.71148	1663.60963	1911.25483	2234.11449	2639.43402	3151.64232	3787.80067	4497.34561	5230.67189	5916.74481	6388.77646	0.00000	
0	7	6383.50462	5896.33770	5223.85623	4488.60868	3779.80455	3157.31377	2641.91436	2240.53184	1906.90834	1659.49056	1472.98583	1329.28160	1231.08160	1154.07996	1111.57773	0.00000	1111.57773	1154.07996	1231.08160	1329.28160	1472.98583	1659.49056	1906.90834	2240.53184	2641.91436	3157.31377	3779.80455	4488.60868	5223.85623	5896.33770	6383.50462	0.00000	
0	8	6381.68046	5925.50559	5212.10557	4483.06433	3795.19226	3160.04176	2638.60999	2228.38832	1909.88458	1659.20637	1472.93408	1329.78003	1224.81559	1157.42244	1122.26722	0.00000	1122.26722	1157.42244	1224.81559	1329.78003	1472.93408	1659.20637	1909.88458	2228.38832	2638.60999	3160.04176	3795.19226	4483.06433	5212.10557	5925.50559	6381.68046	0.00000	

----------------------


