CO/Pt111 System Monte-Carlo Simulation.		Started: Tue Jan  5 02:52:16 2010


name=./montecarlo-1.3.0
dim=32, n_co=102
skip_sweeps=100000, time_factor=2, time_steps=10, repeats=10
options:  p
Interaction mode: Nearest neighbour

----------------------

Coordinates:
1 0 0 0 0 0 0 1 0 0 0 0 0 0 0 0 1 1 0 0 0 0 0 0 0 0 0 0 0 0 0 0 
0 0 0 0 0 1 0 0 0 0 0 0 0 0 0 0 0 0 0 0 1 0 1 0 0 0 0 0 0 0 0 0 
0 0 0 0 0 1 0 0 0 0 0 0 0 0 0 0 0 0 0 0 0 0 0 0 0 1 0 0 0 0 0 0 
0 0 0 0 0 0 0 1 0 1 0 0 1 0 0 0 0 0 1 1 0 0 0 1 0 0 0 0 0 0 0 0 
0 0 0 0 0 0 0 0 0 0 1 0 0 0 0 1 0 0 0 0 0 0 0 0 0 0 0 0 0 1 0 0 
0 0 0 0 0 0 0 0 0 0 0 0 0 0 1 0 0 0 0 0 1 0 0 0 0 0 0 0 0 0 0 0 
0 0 0 0 0 0 0 0 0 0 0 0 0 0 0 0 0 0 0 0 0 0 1 0 0 0 1 0 0 0 0 0 
0 0 0 0 0 0 0 0 0 0 0 0 0 0 0 0 0 0 0 0 0 0 1 0 0 0 0 0 0 0 0 0 
0 0 0 0 0 0 0 0 0 0 0 0 0 0 0 0 1 1 0 0 0 1 0 0 0 1 0 0 0 0 0 1 
0 0 0 1 0 0 0 0 0 1 0 0 0 0 0 0 0 1 0 0 0 0 0 0 0 0 0 0 0 0 1 0 
0 0 0 0 0 0 0 0 0 0 0 0 0 0 0 0 0 0 0 0 0 0 0 0 0 0 0 1 0 0 0 0 
0 0 0 0 0 1 0 0 0 0 0 0 0 0 0 0 0 0 0 0 0 0 0 0 0 0 0 0 0 0 0 0 
0 0 0 0 0 0 0 0 0 0 0 1 0 1 0 0 1 0 0 0 0 0 1 1 0 0 0 0 0 0 0 1 
1 0 0 0 0 0 0 0 0 1 0 0 0 0 0 0 0 0 0 1 0 0 0 0 0 0 0 0 0 0 0 1 
0 0 0 0 0 0 0 1 0 0 0 0 0 0 0 0 0 0 1 0 0 0 1 0 0 0 0 0 1 0 0 0 
0 0 0 0 0 1 0 0 0 0 0 0 0 0 0 0 0 0 0 0 0 1 1 0 0 0 0 0 0 0 1 0 
0 0 0 1 0 0 0 0 0 0 0 0 1 0 1 0 0 0 0 0 0 0 1 0 0 0 0 0 1 0 0 1 
0 0 0 0 0 0 0 0 1 0 0 0 0 0 0 1 0 0 0 0 0 0 0 0 1 0 0 0 0 0 0 0 
0 0 0 0 0 0 0 0 0 0 0 0 0 0 0 0 0 0 0 1 0 0 0 0 0 0 0 0 0 0 0 0 
0 0 0 1 1 0 0 0 0 0 0 0 0 0 0 0 0 1 0 0 0 1 0 0 0 0 0 0 0 0 0 0 
0 1 1 1 0 0 1 0 0 0 0 0 0 0 0 0 1 0 0 0 0 0 0 0 0 0 0 0 0 1 0 0 
0 0 0 0 0 0 0 0 0 0 0 0 0 0 0 0 0 0 0 0 0 0 0 0 0 0 0 0 0 0 1 0 
0 0 0 0 0 0 0 1 0 0 0 0 0 0 0 0 0 0 0 0 0 0 0 0 0 0 0 0 0 0 0 0 
0 0 0 0 0 1 0 0 0 0 0 0 0 0 0 0 0 0 0 0 0 1 0 0 0 0 0 0 0 1 0 0 
0 0 0 0 0 0 0 0 0 0 0 0 0 1 0 0 0 0 0 0 0 0 0 0 0 0 0 0 0 0 0 0 
0 0 0 0 0 1 0 0 0 0 0 0 0 1 0 0 0 0 0 0 0 0 0 0 0 0 0 0 0 0 0 0 
0 0 0 0 0 0 0 0 0 0 0 0 0 0 0 0 0 0 0 0 0 0 0 0 0 0 0 0 0 0 0 0 
0 1 0 0 0 0 0 1 0 0 0 1 0 0 0 0 0 0 0 0 0 0 0 0 0 0 0 1 0 1 0 0 
0 0 1 0 0 0 0 0 0 0 0 0 0 0 0 1 0 1 0 0 0 0 0 0 1 0 0 0 0 0 0 0 
0 0 0 0 0 0 0 0 0 0 0 0 0 0 0 1 0 0 0 1 0 0 0 0 0 0 0 1 0 0 1 0 
0 1 0 1 0 0 0 0 0 0 0 0 0 0 0 1 0 1 0 0 0 0 0 0 0 0 0 0 1 0 0 1 
0 0 0 0 0 1 0 0 0 0 0 0 0 0 0 0 0 0 0 1 0 0 0 0 0 0 0 0 1 0 0 0 

----------------------

Fourier transform:
H102.000	0.000		-6.304	2.530		-15.967	-1.092		-11.939	-4.359		-1.343	-6.414		2.796	0.061		-9.703	-13.717		-2.140	5.557		-2.000	0.000		-5.406	0.092		1.460	2.182		3.388	13.826		-12.657	3.586		-3.417	-3.079		16.210	2.808		-0.979	-7.421		-6.000	0.000		
2.566	11.180		4.330	-13.020		1.179	-2.107		0.731	0.984		-2.227	3.018		-3.392	2.524		-0.457	6.087		6.426	6.722		0.393	-1.450		-6.466	-4.226		1.474	-0.175		13.512	-1.190		11.972	0.913		-11.696	2.216		6.205	2.118		3.178	3.932		1.769	-16.617		
-13.949	3.135		H1.308	4.418		12.052	-4.356		3.716	11.922		-9.607	-3.205		1.401	11.061		0.616	-5.823		12.718	11.125		6.097	0.047		-4.873	-19.726		-6.237	1.839		7.523	2.572		1.157	-9.258		8.957	2.177		-7.691	2.204		3.424	6.187		3.460	-12.182		
0.557	-13.522		9.768	6.233		-5.036	-1.558		-16.634	5.857		11.337	-1.140		-2.839	4.103		-11.660	-3.790		2.778	-4.176		0.189	5.813		2.156	-11.728		-13.997	-5.508		9.424	6.492		-3.791	-3.070		3.819	5.221		6.190	-6.460		1.658	14.862		-1.266	10.609		
-5.657	4.000		0.165	-4.750		H-1.776	-3.905		-0.816	-10.790		-4.586	9.657		-1.556	-6.229		5.547	-0.336		-10.651	3.337		2.172	-8.414		-3.918	4.042		-13.831	-3.232		11.986	-8.036		0.172	-1.000		10.593	7.841		-0.710	2.809		-4.926	-1.632		-4.243	-5.071		
-6.625	5.346		2.066	8.000		-6.741	-6.224		-2.387	-3.550		2.477	4.631		4.731	-4.206		8.179	0.735		9.595	-1.936		-11.975	5.150		-2.255	-4.983		-1.028	1.315		-6.635	-13.073		5.842	4.737		1.758	-4.281		-3.883	2.623		-1.529	-5.171		-1.853	-4.142		
-9.290	4.370		7.272	8.022		4.389	3.745		H-4.887	1.168		0.395	-6.501		4.195	-6.825		9.487	17.648		-9.396	-3.671		2.226	-2.226		1.855	-4.082		-7.371	0.508		-0.754	8.924		1.924	10.174		3.567	-4.915		-5.651	-0.475		13.135	-2.819		10.104	2.728		
4.086	-2.249		3.796	-0.472		-9.111	-3.514		-8.226	4.377		0.624	-1.653		-3.640	-6.161		-7.834	3.109		11.666	-2.930		10.970	7.424		-0.988	6.570		-6.295	-6.352		-11.343	14.390		14.319	4.885		11.725	-6.275		-8.665	1.533		-6.639	4.786		0.225	1.397		
-12.000	-6.000		2.073	-7.685		-11.844	2.305		1.040	-9.024		H8.000	3.172		-5.565	-3.544		3.141	-4.977		-2.649	0.838		16.000	8.000		-4.860	1.567		1.984	-6.285		-2.775	-0.840		7.414	5.071		-5.922	7.567		3.472	-9.657		-10.954	9.550		-2.000	4.000		
2.554	-1.126		-4.029	7.166		12.119	-1.690		-2.042	-2.753		-2.866	-5.772		2.350	3.740		-6.329	-2.248		7.921	-8.172		-2.797	-6.599		13.546	2.820		10.913	5.693		-2.943	-2.331		-6.281	4.855		-2.481	-6.148		-9.645	0.184		3.491	-16.800		-5.568	-5.455		
3.775	-3.287		-9.411	4.855		2.823	12.010		14.964	-10.399		9.248	-0.580		H-1.008	-0.551		-11.700	-5.734		-4.517	-4.266		8.047	-1.269		0.110	0.044		-12.315	-5.665		5.705	-0.588		-3.094	-0.196		4.406	10.074		9.167	-0.498		-6.914	7.677		-5.761	-4.444		
3.046	4.025		0.459	5.763		-0.740	-1.733		6.004	6.762		-10.628	-18.182		3.533	-2.445		-2.772	13.647		-6.054	4.193		-6.207	-2.558		0.992	-7.024		-4.366	5.358		7.900	5.256		8.755	7.477		-11.847	5.369		1.535	-0.596		12.944	-9.174		6.300	-1.446		
5.657	-4.000		-13.214	0.477		2.288	-1.398		-8.014	2.048		5.828	1.000		4.805	9.972		H-5.154	6.865		0.066	6.953		-2.414	4.172		1.874	-12.060		9.957	7.422		6.909	-9.548		-7.414	1.657		-15.873	1.239		-2.182	-1.241		-6.369	4.629		4.243	-9.071		
0.194	5.643		-8.203	-13.699		6.939	-3.514		12.454	-2.979		17.087	7.481		-9.842	-2.645		-8.873	-0.235		-9.086	3.206		6.321	12.759		4.840	1.278		3.538	-8.376		-15.324	0.870		-11.603	-6.393		12.690	-2.337		-0.724	4.905		4.693	9.941		-6.009	1.790		
-8.537	-0.522		12.750	-5.400		2.762	-0.039		-2.479	-3.094		-3.211	-0.340		7.736	-3.498		2.237	-3.818		H-4.859	10.813		-5.165	5.165		3.788	1.125		8.455	6.905		-8.333	-15.106		5.986	-1.815		2.187	-1.594		-9.224	-3.669		-1.015	5.040		12.196	0.647		
-6.378	8.788		8.718	2.362		-4.262	-0.881		1.913	6.773		14.807	-10.417		-3.195	10.332		17.280	-5.012		-15.157	-0.801		7.768	-4.107		-2.171	0.417		-8.118	-6.864		15.755	-2.629		-5.225	-1.143		-1.353	4.341		-13.727	-1.371		1.771	-0.926		6.402	5.017		
10.000	0.000		1.977	-2.070		-9.584	-5.191		-3.242	0.759		4.071	-1.828		-6.766	-1.496		3.449	6.970		-5.761	-0.959		H0.000	-6.000		-0.153	-4.564		4.794	14.384		-0.690	9.512		-10.071	-3.828		-1.787	-8.718		9.342	-9.777		8.422	-2.160		2.000	0.000		
-6.378	-8.788		-1.586	-5.000		-5.164	4.447		-8.869	9.769		-2.650	-9.189		2.917	-9.053		-0.358	18.124		-8.238	5.584		-0.168	-4.070		-2.430	3.931		-3.958	-8.080		0.420	0.003		4.080	-4.208		-4.415	2.545		2.095	4.977		13.493	-5.898		6.402	-5.017		
-8.537	0.522		8.313	-3.459		7.902	-1.343		1.840	12.488		-5.464	3.104		-6.284	-6.582		-10.850	-1.798		5.146	-1.300		6.731	-8.875		H-1.733	-1.640		-1.423	-1.384		-9.874	0.310		7.914	3.359		-4.514	3.210		-20.189	8.234		7.210	-13.523		12.196	-0.647		
0.194	-5.643		1.981	2.842		-0.432	-8.750		-4.951	-1.258		2.150	14.487		3.032	4.409		-0.828	-4.196		4.215	1.926		-0.880	-7.511		0.453	4.630		6.433	-5.097		3.010	4.901		-0.888	-6.205		-6.416	-4.942		-8.047	7.138		2.075	5.320		-6.009	-1.790		
5.657	4.000		-0.170	-0.469		-4.161	11.245		4.497	-2.095		-4.828	-2.243		2.877	6.450		-1.129	-5.891		6.459	11.527		7.828	-5.586		-2.012	1.221		H1.154	4.036		1.400	-3.180		2.414	1.586		6.713	-3.121		-0.773	-9.055		-1.261	4.690		4.243	9.071		
3.046	-4.025		-5.200	5.117		2.456	-1.583		9.410	4.400		-3.612	-2.443		1.110	-1.297		-8.615	-7.340		2.131	-4.703		-10.398	-2.387		5.913	-4.485		2.688	3.871		-3.749	0.079		5.116	7.455		4.109	-0.084		3.008	20.040		-13.220	-1.948		6.300	1.446		
3.775	3.287		-4.809	0.406		-4.159	-5.057		2.461	6.793		-5.466	-7.398		9.346	-6.421		-6.228	-8.446		-4.508	-8.425		-8.226	8.226		2.020	1.224		-4.877	-4.667		H10.094	-2.880		-2.853	9.726		6.329	2.119		0.837	7.831		6.515	4.153		-5.761	4.444		
2.554	1.126		-5.026	-11.612		-7.190	6.609		-5.596	10.406		-7.515	1.212		2.170	-5.312		-0.510	-2.878		10.613	-1.337		3.582	3.525		3.378	-8.502		-2.546	8.906		0.998	12.690		12.610	-7.306		-12.954	-26.026		7.479	-18.021		-7.406	3.014		-5.568	5.455		
-12.000	6.000		0.669	-17.334		1.942	0.101		5.797	7.835		4.586	9.071		-0.310	7.101		1.087	-5.699		-2.871	0.521		2.000	-2.000		-5.208	-9.733		-0.555	13.265		-3.482	-2.641		H8.000	-8.828		12.188	-3.510		0.773	5.720		-9.170	0.191		-2.000	-4.000		
4.086	2.249		-1.599	1.754		10.607	-0.219		5.919	-0.518		-0.743	13.115		-13.842	-5.381		3.044	-9.456		-2.513	-2.860		14.371	1.976		-4.684	1.889		-7.998	10.850		-9.548	2.046		1.057	-0.388		4.044	7.557		5.962	2.277		1.257	-3.776		0.225	-1.397		
-9.290	-4.370		-7.080	8.711		-4.837	2.174		7.525	-5.576		8.166	-1.663		0.230	-8.700		2.777	4.404		-0.960	11.476		-0.875	-1.903		8.293	-6.030		-3.429	-3.275		-5.973	14.179		-8.320	0.438		H-8.199	-5.161		-0.912	7.671		-7.603	9.026		10.104	-2.728		
-6.625	-5.346		9.477	-7.530		-4.424	-4.389		1.966	-3.565		2.313	-1.994		2.437	-2.752		1.374	-2.169		-9.025	17.581		6.413	-2.572		3.408	7.006		4.827	-3.041		-2.141	2.868		4.409	-5.031		-2.075	-1.661		-7.500	-9.639		-1.198	1.858		-1.853	4.142		
-5.657	-4.000		9.648	-8.501		3.882	-6.505		-0.807	5.966		-0.414	-4.414		8.138	0.345		-3.826	1.253		-2.621	-13.643		0.414	9.828		-4.899	9.720		12.938	-3.993		0.255	0.818		0.828	-6.243		2.834	-7.372		H-2.224	-6.733		-2.111	7.763		-4.243	5.071		
0.557	13.522		2.234	16.152		-6.146	1.765		-0.757	-16.258		5.219	5.160		3.855	-11.369		0.412	-1.448		-1.397	-8.265		-11.747	2.621		-0.160	15.637		8.688	-4.632		-5.283	-0.814		-13.497	9.030		15.639	-1.093		7.544	-0.684		2.745	2.441		-1.266	-10.609		
-13.949	-3.135		-14.499	-7.067		-1.711	13.305		1.660	1.044		-5.375	8.582		-8.722	4.168		4.252	3.101		15.232	-2.568		-0.835	0.835		3.809	11.486		-6.706	-6.041		-4.065	-2.634		8.599	-4.428		-6.750	-1.442		-6.246	-12.171		H1.284	-4.035		3.460	12.182		
2.566	-11.180		-5.872	-8.742		-0.055	7.342		-0.249	8.865		6.226	1.688		-0.698	-1.802		1.947	13.070		7.441	0.654		-5.834	-8.014		-4.220	-7.916		-6.254	-3.869		-5.365	-2.245		5.125	-5.607		-11.862	-1.715		-3.827	6.976		-6.000	2.226		1.769	16.617		

----------------------

Coordinates:
0 0 0 0 0 0 0 0 0 0 0 0 0 1 0 1 0 0 0 0 0 0 1 0 1 0 0 0 0 0 0 1 
0 0 0 1 0 1 0 0 0 0 0 1 0 0 0 0 0 0 1 0 0 0 0 0 0 0 0 0 0 1 0 0 
1 0 0 0 0 0 1 0 0 0 0 0 0 1 0 1 0 0 1 0 0 0 0 0 0 0 1 0 0 0 0 0 
0 0 0 0 0 1 0 1 1 0 0 0 0 0 0 0 1 0 0 0 0 0 0 0 0 0 0 0 1 0 0 1 
0 0 0 0 0 0 0 0 1 0 0 0 0 0 0 0 0 0 1 0 0 0 0 0 0 0 0 0 0 0 0 0 
0 0 0 0 0 0 0 0 0 1 1 0 0 0 0 0 0 0 0 0 0 0 0 0 0 0 0 0 0 0 0 0 
0 0 0 0 0 0 0 0 0 0 0 0 0 0 0 0 1 0 1 0 0 0 0 0 0 0 0 0 0 0 0 0 
1 0 0 0 0 1 0 0 0 0 0 1 0 0 0 0 0 0 0 0 0 0 0 0 0 1 0 0 0 0 0 0 
0 0 0 0 0 0 0 0 0 0 0 0 0 0 0 0 0 0 0 0 0 0 0 0 0 0 0 0 0 1 0 0 
0 0 0 0 0 0 0 0 0 0 0 0 0 0 0 0 0 1 0 0 0 0 0 0 0 1 0 0 0 0 1 0 
1 1 0 0 0 0 0 1 1 0 0 0 0 0 0 0 1 0 0 0 0 1 0 0 0 0 0 0 0 0 0 0 
0 1 0 0 0 0 0 1 0 0 0 0 0 0 0 0 1 1 0 0 0 0 0 0 0 0 0 0 0 0 0 0 
0 0 1 0 0 0 0 0 1 0 0 0 0 0 0 0 0 0 0 0 0 0 1 0 1 0 0 0 0 0 0 0 
0 0 0 0 0 0 0 0 0 0 1 0 0 0 0 0 0 0 0 0 0 1 0 0 0 0 0 0 0 0 0 0 
0 0 0 1 0 0 0 0 0 0 0 0 0 0 0 0 0 0 0 0 0 0 0 0 0 0 0 1 0 1 0 1 
0 0 0 0 0 1 0 0 0 1 0 1 0 0 0 0 0 0 0 0 0 0 1 0 0 0 0 0 0 0 1 1 
0 0 0 0 1 0 0 0 0 1 0 0 0 1 0 0 0 0 0 0 0 0 0 0 0 0 0 0 1 0 0 1 
0 0 0 0 0 0 0 0 0 0 0 0 0 0 0 0 0 0 0 0 0 0 0 0 0 1 0 0 0 1 0 0 
0 1 0 0 0 0 0 0 0 0 0 0 0 0 0 0 0 0 0 0 0 0 0 0 0 0 0 0 0 0 0 0 
0 0 0 0 0 0 0 0 0 0 0 0 0 0 0 0 0 0 0 0 0 0 1 0 0 1 0 0 0 0 0 0 
0 0 0 0 0 0 0 0 0 0 0 0 0 0 1 0 0 0 0 0 0 0 1 1 0 0 0 0 0 0 0 0 
0 0 0 0 0 0 0 0 0 1 0 0 0 0 0 0 1 0 1 0 0 0 0 0 0 1 0 0 0 0 0 0 
0 0 0 0 0 0 0 0 0 0 0 0 0 0 0 0 0 0 0 0 0 0 0 0 0 0 1 0 1 0 0 0 
0 1 0 0 0 0 0 0 0 0 0 0 0 0 0 0 0 0 0 0 0 0 0 0 0 0 0 0 0 0 0 0 
0 0 0 0 0 0 0 0 1 0 0 0 0 0 0 0 0 0 1 0 1 0 0 0 0 0 0 0 0 0 0 0 
0 1 0 1 0 0 0 0 0 0 1 0 0 0 0 1 0 0 0 0 0 0 0 0 0 0 0 0 0 0 0 0 
0 0 0 0 1 0 0 0 0 0 0 0 0 0 0 1 0 0 0 0 0 1 0 0 0 0 0 0 0 0 0 1 
0 0 0 0 0 0 0 0 0 0 0 0 0 0 0 0 0 1 0 0 0 0 0 0 0 0 0 0 0 0 0 0 
0 0 0 0 0 0 0 1 0 0 0 0 0 0 0 1 0 0 0 0 0 0 0 0 0 1 0 0 0 0 0 0 
0 0 0 0 0 0 0 0 1 0 0 0 0 0 1 0 0 1 0 0 0 0 0 0 0 0 0 0 0 0 0 0 
0 0 0 0 0 0 0 0 0 0 0 0 1 0 0 0 0 0 0 0 1 0 0 0 0 0 0 0 0 0 0 0 
0 0 0 0 0 0 0 0 0 0 0 0 0 0 0 0 0 0 0 0 0 0 0 0 0 0 0 0 0 0 0 0 

----------------------

Fourier transform:
H102.000	0.000		-1.411	-2.487		4.237	0.774		-1.623	7.170		17.899	0.828		-4.970	0.054		2.837	3.256		-1.620	7.462		2.000	-10.000		13.515	-7.080		-2.837	8.913		-7.270	3.939		-1.899	4.828		0.206	-10.601		-4.237	6.431		-12.826	-6.686		-10.000	0.000		
-0.190	-8.742		-15.643	-12.607		5.760	-1.270		-0.573	0.613		0.263	-3.756		14.006	2.367		-6.701	-3.531		1.856	1.972		-0.853	3.813		4.162	0.371		-4.118	1.097		10.433	2.624		5.366	-4.587		6.878	-7.403		-5.388	-7.604		1.505	-2.557		5.285	-0.384		
6.982	2.223		H6.140	0.689		0.942	11.048		3.636	1.473		-13.119	12.626		5.252	2.816		-4.865	3.114		3.432	-6.824		-5.639	8.981		-10.224	4.763		10.357	1.275		3.599	3.355		3.877	-1.242		-9.124	13.059		-1.537	-1.634		-7.616	-1.529		-5.514	-9.064		
3.622	-14.176		-12.013	1.234		-3.415	-6.272		6.714	-6.308		3.676	4.437		0.747	-1.440		0.783	-14.013		-2.569	-6.761		8.581	-0.003		2.755	0.298		7.382	-0.116		-5.429	-1.075		20.062	-8.854		-5.713	6.764		0.470	8.039		-8.572	-1.102		10.301	-3.277		
2.707	-10.536		8.115	-1.923		H0.589	-0.845		2.948	3.890		-7.707	-7.293		-1.765	6.454		-4.485	5.168		1.332	1.633		-0.121	-3.707		-5.721	-9.019		-2.257	0.657		-0.005	1.065		4.536	0.950		-5.941	-4.535		-5.711	13.641		2.986	-12.555		-11.778	7.950		
-5.802	-11.901		0.720	1.308		6.231	-7.276		8.433	-6.854		1.819	5.913		3.625	6.242		10.228	-0.532		5.754	-8.781		-5.812	14.298		3.713	-3.769		9.281	1.461		6.545	-11.547		7.523	-1.236		7.988	2.052		-2.043	-0.689		-8.292	-3.524		-2.942	14.903		
5.242	3.990		-1.557	-1.780		2.907	1.415		H-5.299	7.087		-0.895	-0.396		-5.392	-3.863		-4.706	2.989		-5.268	6.409		-3.136	-1.752		-5.639	-2.779		2.700	1.846		-5.363	-9.486		0.138	-4.063		-10.041	6.233		6.979	2.797		1.429	-13.223		-5.957	-0.827		
-14.864	-13.025		-1.576	12.293		-6.128	-0.974		3.441	-0.219		0.178	-6.558		-1.430	-1.170		-5.566	-1.903		-2.524	-2.456		-1.893	5.056		-2.059	0.330		-6.084	-3.462		-1.233	-7.820		-6.121	-6.148		-0.392	-1.346		-4.637	-6.409		-7.324	10.197		-9.360	3.624		
-1.000	-1.000		-4.900	6.626		-6.698	0.229		3.275	-1.661		H-5.000	9.243		-6.967	9.108		-6.575	9.518		1.877	0.732		-7.000	7.000		3.870	-5.427		-4.862	0.558		-14.484	-0.649		1.343	-4.414		2.410	0.084		-3.412	8.782		11.516	-1.150		3.000	-1.000		
8.023	0.028		2.185	-8.349		4.915	1.547		-9.298	-3.842		8.656	6.514		4.830	4.262		3.285	-0.139		-3.930	-6.345		5.131	10.525		1.381	-1.638		-0.845	6.644		-0.941	-1.473		1.228	2.625		7.143	-3.114		0.756	7.470		-16.975	-6.080		-14.225	1.709		
8.172	0.919		1.963	-0.151		-5.322	-2.032		1.902	-9.779		6.368	18.064		H-0.821	-6.104		1.300	4.331		4.181	3.587		4.485	-4.288		4.357	-3.737		-11.780	7.332		-10.411	-4.372		0.405	-2.815		-1.809	2.092		-5.250	-9.757		17.408	9.178		2.200	7.901		
2.639	-4.497		-4.094	9.856		-2.630	1.666		4.918	-5.456		2.321	11.230		3.139	2.083		-6.438	0.399		5.088	7.108		-5.901	-3.130		-11.515	5.178		-3.839	13.176		2.414	7.390		-3.730	-10.493		-6.625	7.626		-3.422	-4.288		-10.942	3.374		0.844	-11.485		
1.293	3.464		1.166	-4.409		5.851	0.390		-0.858	19.109		-2.536	8.950		4.393	1.882		H-5.836	9.016		5.428	14.343		12.950	-6.536		-0.845	13.128		3.728	-4.650		1.387	-1.848		-6.293	8.707		-7.377	-2.103		-6.051	4.023		-2.360	10.340		3.778	1.950		
5.198	1.227		-6.934	-0.068		-9.596	2.549		10.171	-12.091		6.884	9.007		-2.946	2.401		0.587	-7.777		-6.854	-0.465		-0.189	-1.347		-3.694	3.790		-4.042	-3.169		-4.056	14.135		9.615	2.413		11.046	7.325		-18.859	-5.139		1.061	5.262		8.768	8.962		
3.604	-8.848		0.026	-10.186		5.537	12.852		1.613	-13.820		5.823	-4.253		4.421	1.024		8.957	2.103		H2.313	5.636		1.534	-10.476		-6.703	6.401		18.522	-1.715		-2.509	-1.033		-5.370	-6.177		7.174	-6.661		-0.457	-4.608		5.833	4.104		-6.728	7.664		
1.375	-3.689		-9.658	6.283		1.379	5.814		3.369	-2.712		9.734	8.420		13.399	2.956		11.387	-0.107		-8.459	-0.409		-3.069	-4.255		3.414	-4.854		2.484	10.518		4.866	-7.356		-3.942	11.660		5.594	-6.010		-2.224	3.011		0.986	-7.303		1.329	4.329		
4.000	0.000		-1.363	8.848		3.298	-1.889		1.323	-4.434		-3.414	12.142		10.112	-15.936		-8.554	-2.799		7.582	7.172		H8.000	14.000		-1.865	-1.302		0.554	4.515		5.423	-10.261		-0.586	16.142		-8.858	1.241		-11.298	13.424		3.647	0.374		20.000	0.000		
1.375	3.689		-10.522	7.234		-3.162	-5.236		0.535	-2.075		-0.332	-3.092		2.446	7.855		-2.787	12.148		-7.553	-2.598		-8.078	-1.593		-1.898	-4.438		5.291	3.462		-7.903	-12.788		-6.032	-8.155		4.695	-1.991		6.661	12.280		7.752	4.860		1.329	-4.329		
3.604	8.848		1.836	7.141		5.531	-2.976		1.541	-9.896		2.877	-3.555		6.052	0.108		-6.222	-0.192		6.910	-9.121		-2.261	9.747		H-2.543	9.026		-6.611	1.338		-2.158	-14.320		-12.119	-4.172		0.704	2.061		-14.339	7.258		6.777	-8.194		-6.728	-7.664		
5.198	-1.227		9.783	2.567		-7.007	5.524		9.951	1.897		-1.293	4.191		4.905	-11.393		6.623	6.383		12.310	-4.774		-5.468	3.635		-1.989	-4.684		5.654	2.179		9.085	1.348		1.420	-6.484		5.413	-1.457		3.236	-2.727		10.806	-13.118		8.768	-8.962		
1.293	-3.464		-14.102	1.105		-0.191	4.265		-4.688	-1.696		4.536	-7.536		-5.465	-10.090		7.686	-6.065		3.431	-1.444		4.121	-2.293		-7.108	9.437		H5.250	3.602		-12.128	-2.040		-3.222	2.364		-7.549	10.867		-2.437	-1.024		1.419	-10.322		3.778	-1.950		
2.639	4.497		0.061	0.130		12.891	-3.897		-9.308	5.649		12.935	9.539		-14.210	4.877		-3.950	-3.062		-5.233	3.976		3.191	7.913		-3.983	-2.874		-13.859	-13.577		-12.263	4.814		3.524	0.004		5.299	8.071		-6.849	11.256		1.110	-2.620		0.844	11.485		
8.172	-0.919		2.046	1.039		1.686	3.951		0.144	-2.685		1.138	2.982		-1.347	-4.080		8.380	4.821		2.104	6.496		6.551	9.652		6.944	9.435		2.724	1.655		H-18.789	10.986		-1.895	9.134		-7.927	-1.766		-5.194	-3.879		-1.667	-7.805		2.200	-7.901		
8.023	-0.028		7.109	1.115		1.541	-0.006		-2.367	6.787		9.553	-8.942		-3.271	-9.817		0.879	-2.023		-6.032	-0.364		5.681	-0.544		8.134	-6.359		-2.771	-4.892		-7.815	4.074		11.511	-0.980		-4.794	-2.866		-0.789	-12.582		-3.822	-0.307		-14.225	-1.709		
-1.000	1.000		-4.806	-5.294		-13.416	-0.046		3.002	-2.762		12.657	1.586		-5.106	-5.427		-21.623	-9.928		9.195	0.218		1.000	-7.000		-2.930	4.876		-4.596	6.346		1.555	17.611		H-5.000	-0.757		10.658	3.117		-2.817	6.714		-8.166	-4.676		3.000	1.000		
-14.864	13.025		9.977	1.741		2.402	4.852		2.530	4.912		-1.072	3.848		-1.947	0.279		0.220	1.108		-6.420	2.966		-8.201	-6.402		5.046	2.818		1.908	-3.023		-1.264	-2.297		7.924	0.946		9.871	3.796		-8.553	2.918		6.449	-2.883		-9.360	-3.624		
5.242	-3.990		-3.890	-0.648		1.880	0.949		4.142	-9.475		12.360	-0.993		-8.285	10.707		10.246	0.827		11.842	0.396		7.415	-2.440		0.972	9.098		4.105	6.134		-9.554	-3.851		-8.648	7.058		H-9.718	7.206		0.658	3.123		8.089	-3.932		-5.957	0.827		
-5.802	11.901		-8.270	10.329		-7.738	-3.950		11.561	-21.909		-13.189	-5.030		-20.867	2.443		-3.204	8.630		-1.967	-3.011		-12.526	-2.159		2.043	5.175		-7.899	7.537		-2.689	-0.271		6.734	5.345		5.103	1.424		-10.200	12.992		0.934	7.619		-2.942	-14.903		
2.707	10.536		12.140	2.914		14.297	12.227		7.950	-6.380		-18.778	10.364		5.419	13.275		4.500	8.899		2.737	-9.262		3.050	0.536		3.342	6.649		5.071	3.754		9.897	-5.843		-2.536	0.464		2.466	-4.805		H-4.003	1.741		-0.646	-2.166		-11.778	-7.950		
3.622	14.176		3.221	12.588		2.732	-2.330		-8.082	-4.312		8.504	-3.002		8.151	-8.988		-2.507	-10.137		-7.336	5.437		-9.189	-3.208		-4.820	-5.769		-2.801	-8.287		6.458	0.259		-7.490	5.648		5.776	-7.736		-0.430	-14.116		4.464	-7.959		10.301	3.277		
6.982	-2.223		1.066	-1.051		-6.631	2.429		1.581	-7.457		-5.580	8.496		-5.971	8.121		-3.046	0.510		9.868	16.771		-0.948	-1.423		2.736	3.168		-7.435	16.636		-3.569	5.041		-1.358	3.248		8.445	-2.557		-10.016	18.338		H4.717	-12.891		-5.514	9.064		
-0.190	8.742		-5.667	-2.301		4.075	-2.054		-16.777	1.606		-0.637	5.907		1.681	2.504		4.722	3.243		-1.448	-5.528		6.594	9.400		1.619	-1.172		-2.674	1.765		7.222	-4.308		0.410	24.924		2.321	-5.206		-4.608	6.902		4.680	-2.070		5.285	0.384		

----------------------

ln(ISF) along <11-2> azimuth:
time_factor: 2, time_steps: 10, repeats: 10

Real
Timestep 1	Timestep 2	0.00000	0.13073	0.26146	0.39220	0.52293	0.65366	0.78439	0.91513	1.04586	1.17659	1.30732	1.43806	1.56879	1.69952	1.83025	1.96099	
0	1	4.62497	-0.45649	-0.57728	-0.02192	-0.11419	-0.11403	0.19716	-0.56045	-0.67758	-1.02430	-1.06274	-0.12277	0.09537	-0.19596	-0.14691	-0.21749	
0	2	4.62497	-0.77918	-1.92863	-2.90553	-1.80110	nan	nan	nan	nan	-3.23140	-2.54966	nan	-1.03156	nan	-1.51139	-1.13164	
0	4	4.62497	-1.26407	-2.48271	-2.60785	-3.37572	-2.89025	-0.91605	-3.09428	-2.76867	-10.44288	-2.08791	nan	nan	-5.85399	nan	nan	
0	8	4.62497	-1.21277	-1.72978	-1.89691	nan	-1.93695	-1.28475	nan	nan	-4.85616	-2.92126	nan	nan	nan	nan	nan	
0	16	4.62497	-1.16898	-2.78475	-3.58238	nan	nan	-0.95246	-2.87003	nan	nan	nan	-1.97527	-4.15345	-3.16660	-2.67870	nan	
0	32	4.62497	-0.81490	nan	nan	nan	nan	-1.70694	-1.93990	nan	-1.50989	-2.53749	-2.88809	-2.36592	-2.43264	nan	nan	
0	64	4.62497	-2.55992	-5.43038	-3.54196	-2.71119	-0.76260	-0.93375	-3.22730	nan	-2.40668	nan	-2.83384	-2.22514	nan	-2.93732	nan	
0	128	4.62497	-2.27478	-3.63203	nan	-1.88211	-3.56926	nan	-2.55943	-2.97631	-2.00712	-2.69340	nan	-2.03957	nan	nan	nan	
0	256	4.62497	nan	-6.24759	nan	-1.31255	nan	-2.95008	-2.35227	nan	nan	-4.14672	nan	nan	nan	-2.49067	nan	
0	512	4.62497	nan	nan	-3.76172	-2.42511	-5.26646	-0.90252	nan	-3.23868	-1.99973	nan	nan	nan	-3.04507	nan	nan	
0	1024	4.62497	-2.98720	nan	nan	-1.44028	-2.79019	-2.63774	-3.34258	-3.14337	nan	-3.79559	-1.89478	-1.83748	nan	nan	nan	

Imaginary
Timestep 1	Timestep 2	0.00000	0.13073	0.26146	0.39220	0.52293	0.65366	0.78439	0.91513	1.04586	1.17659	1.30732	1.43806	1.56879	1.69952	1.83025	1.96099	
0	1	-inf	-inf	-inf	-inf	-inf	-inf	-inf	-inf	-inf	-inf	-inf	-inf	-inf	-inf	-inf	-inf	
0	2	-inf	nan	-3.17865	-5.44435	-1.16438	-3.03625	-1.56918	-1.73579	nan	-2.73673	nan	-3.25263	-1.48793	nan	nan	-1.33857	
0	4	-inf	nan	nan	-5.14504	-1.99602	-3.54146	nan	-2.75732	nan	nan	nan	-1.52817	-1.99602	nan	nan	-1.03072	
0	8	-inf	nan	nan	-2.58120	nan	-1.19905	-1.25874	nan	nan	-1.63241	nan	nan	nan	nan	-2.52753	-3.46634	
0	16	-inf	nan	nan	nan	-3.42638	nan	-4.53584	nan	nan	-3.28613	-2.05097	-4.51991	-2.58175	nan	-2.61553	nan	
0	32	-inf	nan	nan	nan	-1.06058	nan	nan	nan	-1.90368	nan	-1.26429	-2.50936	nan	-2.50177	nan	nan	
0	64	-inf	nan	-2.88185	-1.64349	-1.39805	-2.77679	-2.01327	-1.34683	-4.44265	-2.70646	-1.98075	-2.20548	-2.22690	-5.87709	nan	nan	
0	128	-inf	-4.09380	-1.79389	nan	nan	nan	-1.09119	-4.13269	nan	nan	-3.12981	nan	-1.27098	-1.79791	-5.61743	-1.32239	
0	256	-inf	-2.10932	nan	nan	nan	-5.39150	-1.19245	-1.81813	nan	-2.69623	-2.15200	nan	-0.94511	-1.32140	-1.95461	-3.03948	
0	512	-inf	-1.98573	nan	nan	nan	nan	-2.21538	-3.43210	nan	-1.74825	nan	nan	-2.43058	-2.18775	-2.97123	-3.26194	
0	1024	-inf	nan	-1.55337	nan	nan	-1.25480	-1.64405	nan	-2.17397	nan	nan	-1.58763	nan	-1.15988	nan	nan	

Real variance
Timestep 1	Timestep 2	0.00000	0.13073	0.26146	0.39220	0.52293	0.65366	0.78439	0.91513	1.04586	1.17659	1.30732	1.43806	1.56879	1.69952	1.83025	1.96099	
0	1	nan	1.29325	1.04893	2.20141	1.34235	1.86748	1.65303	0.99909	0.93284	0.89468	0.47466	1.94895	1.58839	1.59783	1.54768	1.68008	
0	2	nan	0.62194	1.27805	0.50953	1.24242	1.13251	1.13913	0.99079	1.29347	0.56444	1.03384	1.63569	1.83032	1.24792	1.61604	1.56351	
0	4	nan	0.41500	1.05082	1.32440	1.29409	1.38234	0.95925	1.52263	1.10174	0.51159	0.72095	1.53658	1.16313	1.13075	1.45202	1.37861	
0	8	nan	1.01931	1.27899	1.57155	1.46817	1.04024	1.23461	1.17124	1.25931	0.87237	0.95115	1.07721	1.48226	0.32180	0.48292	1.26899	
0	16	nan	1.07183	1.02313	1.26268	1.49389	1.57201	1.17660	0.99210	0.74756	0.92591	0.68583	0.81232	1.71539	1.50361	1.10383	1.23781	
0	32	nan	1.53559	1.08431	1.00681	1.29140	1.20158	1.79550	0.80496	1.23702	0.77170	0.12630	1.53725	1.25981	1.37551	1.21591	1.60765	
0	64	nan	1.86406	1.14565	1.32507	1.02000	1.58233	1.44421	0.59636	0.81422	1.05570	0.60288	1.07288	1.48675	0.40773	1.40262	1.83972	
0	128	nan	1.36428	1.62586	1.97110	1.77224	1.40081	1.56966	1.32638	0.87185	0.53263	0.97718	0.57152	0.91808	1.10092	0.82618	1.51392	
0	256	nan	1.08368	0.94898	1.78321	1.37108	0.57363	1.13084	1.24321	0.28630	0.70398	0.61476	1.34161	1.43489	1.58351	0.72190	1.69142	
0	512	nan	1.26771	0.66251	1.36377	0.78687	0.80304	1.76013	1.11155	1.28073	0.51924	0.98238	1.38725	1.45939	1.40902	0.86825	1.22466	
0	1024	nan	0.66966	0.96098	1.64279	1.53740	0.95272	1.42153	0.59977	1.03296	0.23307	0.65605	0.71531	1.12317	1.29357	0.83551	0.66295	

Imaginary variance
Timestep 1	Timestep 2	0.00000	0.13073	0.26146	0.39220	0.52293	0.65366	0.78439	0.91513	1.04586	1.17659	1.30732	1.43806	1.56879	1.69952	1.83025	1.96099	
0	1	-inf	-inf	-inf	-inf	-inf	-inf	-inf	-inf	-inf	-inf	-inf	-inf	-inf	-inf	-inf	-inf	
0	2	-inf	0.21851	0.78636	1.48928	1.08095	1.59023	1.84566	1.21842	0.76172	0.36054	0.88331	1.27645	1.65570	0.91152	1.16964	1.18539	
0	4	-inf	0.93892	0.80887	1.23201	1.42404	0.27180	1.47445	1.39606	1.21685	0.76850	0.47667	1.59929	1.01196	1.21113	1.33257	1.58829	
0	8	-inf	1.62627	0.37394	1.02862	1.18546	1.55384	1.39150	0.41852	1.60951	1.08832	1.05501	1.30851	1.61606	1.04663	1.52199	1.28140	
0	16	-inf	1.51222	1.01064	1.41956	1.32628	1.03743	1.56596	1.18909	1.15210	-0.04933	0.95243	1.38585	1.30097	1.09144	1.66409	1.11216	
0	32	-inf	1.34978	1.32483	1.10922	1.31672	1.22031	1.89403	1.48111	1.14009	1.12575	0.86223	0.96876	1.46972	1.51032	0.78390	1.03967	
0	64	-inf	0.81537	1.35099	0.74262	0.61900	1.77827	0.95538	1.53858	0.81753	0.96970	0.84520	1.60276	1.56217	0.82930	1.16353	1.10369	
0	128	-inf	1.75282	0.46969	1.72760	1.10268	1.09612	1.34742	1.25914	1.03625	0.49995	0.98984	0.86168	1.63166	0.73313	0.50780	1.22539	
0	256	-inf	1.28682	0.93969	1.28660	1.35006	1.26892	1.16631	0.98658	0.53355	0.93661	1.13070	1.44287	1.26333	1.41928	1.47651	1.31741	
0	512	-inf	1.66300	1.03625	1.43788	0.89087	1.54776	1.75246	1.33197	1.18205	0.79457	0.79189	1.29583	1.72477	1.12018	1.44021	1.56246	
0	1024	-inf	1.07056	0.99559	1.80337	1.30029	1.24937	1.87208	0.90177	0.91561	0.45848	0.06536	1.34297	1.67615	0.79898	1.43453	1.15184	

----------------------

Pair correlation function.
Bin resolution: 0.007071068, normalisation factor: 105492480

Bin centre	Probability	Number in bin
1.0000	0.005857	617914
1.7300	0.005869	619172
2.0000	0.005862	618358
2.6500	0.011689	1233106
3.0000	0.005864	618624
3.4600	0.005855	617668
3.6100	0.011709	1235254
4.0000	0.005861	618252
4.3600	0.011695	1233762
4.5800	0.011732	1237614
5.0000	0.005864	618630
5.2000	0.005866	618854
5.2900	0.011747	1239180
5.5700	0.011740	1238496
6.0000	0.005850	617094
6.0800	0.011732	1237638
6.2400	0.011721	1236478
6.5600	0.011734	1237856
6.9300	0.005860	618218
7.0000	0.017529	1849164
7.2100	0.011709	1235190
7.5500	0.011707	1235000
7.8100	0.011667	1230778
7.9400	0.011720	1236392
8.0000	0.005857	617840
8.1900	0.011696	1233854
8.5400	0.011730	1237392
8.6600	0.005845	616622
8.7200	0.011718	1236198
8.8900	0.011719	1236220
9.0000	0.005875	619774
9.1700	0.011712	1235486
9.5400	0.023471	2475964
9.6400	0.011720	1236362
9.8500	0.011725	1236858
10.0000	0.005871	619366
10.1500	0.011721	1236442
10.3900	0.005878	620090
10.4400	0.011740	1238504
10.5400	0.011721	1236490
10.5800	0.011739	1238378
10.8200	0.011728	1237234
11.0000	0.005868	618990
11.1400	0.011738	1238234
11.2700	0.011720	1236412
11.3600	0.011729	1237360
11.5300	0.023443	2473094
11.7900	0.011717	1236092
12.0000	0.005859	618126
12.1200	0.017616	1858312
12.1700	0.011741	1238546
12.2900	0.011758	1240332
12.4900	0.011724	1236830
12.5300	0.011698	1234040
12.7700	0.011718	1236182
13.0000	0.017629	1859778
13.0800	0.011734	1237892
13.1100	0.011710	1235292
13.2300	0.011768	1241450
13.4500	0.011738	1238238
13.5300	0.011688	1233018
13.7500	0.011722	1236600
13.8600	0.005865	618724
13.8900	0.011774	1242028
14.0000	0.017617	1858492
14.1100	0.011726	1237022
14.1800	0.011736	1238112
14.4200	0.011719	1236254
14.5300	0.011685	1232686
14.7300	0.023480	2477006
14.8000	0.011794	1244156
14.9300	0.011789	1243696
15.0000	0.005843	616406
15.1000	0.011705	1234772
15.1300	0.011737	1238124
15.3900	0.011730	1237432
15.5200	0.011697	1233990
15.5900	0.005892	621534
15.6200	0.011759	1240470
15.7200	0.023504	2479478
15.8700	0.011737	1238132
16.0000	0.002928	308844

----------------------


