CO/Pt111 System Monte-Carlo Simulation.		Started: Fri Dec 11 15:45:48 2009


name=./montecarlo-1.0.0, dim=32, n_co=102, n_sweeps=100000, skip_sweeps=100000, out_name=selfISFtest.csv
Interaction mode: Nearest neighbour

----------------------

Coordinates:
0 0 0 0 0 0 1 0 0 0 0 0 0 0 0 0 1 1 1 0 0 0 0 0 0 0 0 0 0 0 0 1 
0 0 1 0 1 0 0 0 0 0 0 0 0 0 0 0 1 0 0 0 0 0 0 0 0 0 0 0 0 0 0 0 
0 0 0 1 0 1 0 0 0 0 0 0 1 0 0 0 0 0 0 0 0 0 0 0 0 0 1 0 0 0 0 0 
0 0 0 0 1 0 0 0 0 0 0 1 0 1 0 0 0 1 0 0 1 0 0 0 0 0 0 0 0 0 0 0 
0 0 0 0 0 0 0 0 0 0 0 0 0 1 0 0 0 0 0 1 1 0 0 1 0 0 0 0 1 0 0 0 
0 0 0 0 0 0 0 0 0 0 0 0 0 0 1 0 0 0 1 0 0 0 0 1 0 0 0 0 0 0 0 0 
0 0 0 0 0 1 0 0 0 0 0 0 0 0 0 0 0 1 0 0 0 0 0 1 0 0 0 0 0 0 0 0 
0 0 0 1 0 0 1 0 0 0 0 0 0 0 0 0 0 0 1 0 0 0 0 0 0 0 1 0 0 0 0 0 
0 1 0 0 0 0 0 0 0 0 0 0 0 0 0 1 0 0 0 0 0 0 0 0 0 0 0 0 1 0 0 0 
0 1 1 0 0 0 0 0 0 0 0 0 0 0 0 0 1 0 0 1 0 0 0 0 0 0 1 0 0 0 0 0 
0 0 0 0 0 0 0 0 0 0 0 0 0 0 0 0 0 0 1 0 1 0 1 0 0 0 0 0 0 0 0 0 
0 0 0 0 0 0 0 0 0 0 0 0 0 0 0 1 0 0 0 0 0 0 0 0 0 0 0 0 0 0 0 0 
0 0 1 0 0 0 0 0 0 0 0 0 0 0 0 0 0 0 0 0 0 0 0 0 0 0 0 0 0 0 0 0 
0 0 0 0 0 0 1 0 0 1 0 0 0 1 1 1 0 0 0 0 0 0 1 0 1 1 0 0 0 0 0 1 
0 0 0 0 1 0 0 0 0 0 0 0 0 0 0 0 1 0 0 0 0 0 0 0 0 0 0 0 0 0 0 0 
0 0 0 0 0 0 0 0 0 0 0 0 0 0 0 0 0 0 0 0 0 0 0 0 0 0 0 0 0 0 0 0 
0 1 0 0 0 0 1 0 0 0 0 0 1 0 1 1 0 1 0 0 0 0 0 0 0 0 0 0 0 0 0 0 
0 0 1 0 0 1 0 0 0 0 0 0 0 0 0 1 0 0 0 0 0 0 0 0 0 0 0 0 0 0 0 0 
0 0 0 0 0 0 0 1 0 1 0 0 0 1 0 0 0 0 0 0 0 0 0 0 0 0 0 0 0 0 0 0 
0 0 0 0 0 0 0 0 0 0 0 0 0 0 0 0 0 0 0 0 0 0 0 0 1 1 0 0 0 0 0 0 
0 1 0 0 0 1 0 0 0 0 0 0 1 0 0 0 0 0 0 0 0 0 0 0 0 0 1 0 0 0 0 0 
0 0 0 0 0 0 0 0 0 0 0 0 0 0 0 0 0 0 0 0 0 0 0 0 1 0 0 0 0 0 0 0 
0 0 0 0 0 1 0 0 0 0 0 0 0 0 0 0 0 0 1 0 0 0 0 0 0 0 0 0 0 0 0 1 
0 0 0 0 0 0 0 0 0 0 0 0 0 0 0 0 0 0 0 0 0 0 0 0 1 0 0 0 0 0 0 1 
0 0 0 0 0 0 0 0 0 0 0 0 0 0 0 1 0 0 0 0 0 1 0 0 0 0 0 0 0 0 0 0 
1 0 0 0 0 0 0 1 0 0 0 0 0 0 1 0 0 0 0 1 0 0 0 0 0 0 0 0 1 0 0 1 
0 0 0 0 0 0 0 0 0 0 0 0 0 0 0 0 0 0 1 0 0 0 0 0 0 0 0 0 0 0 0 1 
0 0 0 0 1 0 0 0 0 0 0 0 0 0 0 0 0 0 0 0 0 0 0 0 0 0 0 0 0 0 0 0 
0 0 0 0 1 0 1 0 1 0 0 0 0 1 0 0 0 0 0 0 1 0 0 0 0 0 0 0 0 0 0 0 
0 0 0 0 0 0 0 0 0 0 0 0 0 0 0 0 0 0 0 0 0 1 0 0 0 0 1 0 0 0 0 0 
0 0 0 0 0 0 0 0 0 0 0 0 0 0 0 0 0 0 0 0 0 0 1 0 0 0 0 0 0 0 0 0 
0 0 0 0 0 0 0 0 1 0 1 0 0 0 0 0 0 0 0 0 0 0 0 1 0 0 0 0 0 0 0 0 

----------------------

Full fourier transform:
4.146	-6.986		7.074	5.262		4.818	5.360		0.243	-10.243		4.307	-2.034		-1.399	-1.351		1.654	7.766		4.000	6.000		-1.349	-3.062		1.399	-0.180		-1.838	3.138		-8.243	1.757		0.712	0.188		-7.074	-1.566		3.549	3.843		102.000	0.000		3.549	-3.843		-7.074	1.566		0.712	-0.188		-8.243	-1.757		-1.838	-3.138		1.399	0.180		-1.349	3.062		4.000	-6.000		1.654	-7.766		-1.399	1.351		4.307	2.034		0.243	10.243		4.818	-5.360		7.074	-5.262		4.146	6.986		2.000	0.000		
-4.806	5.781		-3.297	-8.976		1.730	-0.882		-2.073	5.033		-8.347	8.748		-13.448	14.047		7.201	-7.227		3.491	1.945		-2.817	1.123		-6.607	2.795		-4.458	-7.003		0.462	-2.162		0.946	1.045		-4.437	-2.674		-13.525	-2.936		2.012	-4.819		-13.525	2.936		-4.437	2.674		0.946	-1.045		0.462	2.162		-4.458	7.003		-6.607	-2.795		-2.817	-1.123		3.491	-1.945		7.201	7.227		-13.448	-14.047		-8.347	-8.748		-2.073	-5.033		1.730	0.882		-3.297	8.976		-4.806	-5.781		-7.524	3.974		
-6.932	3.656		2.576	7.599		14.102	3.832		12.043	3.194		-10.407	-11.109		-3.288	11.732		8.680	1.809		8.319	-2.255		4.723	9.787		-0.238	10.554		11.365	1.365		0.077	0.517		1.025	0.690		-1.093	3.721		-2.837	-1.078		7.129	0.835		-2.837	1.078		-1.093	-3.721		1.025	-0.690		0.077	-0.517		11.365	-1.365		-0.238	-10.554		4.723	-9.787		8.319	2.255		8.680	-1.809		-3.288	-11.732		-10.407	11.109		12.043	-3.194		14.102	-3.832		2.576	-7.599		-6.932	-3.656		2.133	2.985		
-0.669	0.975		2.261	-3.848		0.217	-2.329		-7.605	-3.045		2.425	2.459		2.645	-4.720		-0.824	-6.809		-3.493	4.400		-4.555	-2.193		-4.570	0.215		2.511	-5.703		-5.299	4.281		3.532	-4.209		-13.052	0.733		-11.847	-2.455		1.030	-4.612		-11.847	2.455		-13.052	-0.733		3.532	4.209		-5.299	-4.281		2.511	5.703		-4.570	-0.215		-4.555	2.193		-3.493	-4.400		-0.824	6.809		2.645	4.720		2.425	-2.459		-7.605	3.045		0.217	2.329		2.261	3.848		-0.669	-0.975		7.258	6.210		
-6.862	12.086		-2.570	-17.404		6.386	3.442		13.485	10.071		9.988	7.656		-1.940	-3.365		-7.775	-3.671		9.243	-2.757		0.847	4.780		2.979	3.659		-3.831	-3.372		-2.586	6.243		1.664	3.890		-5.143	2.100		-1.733	2.988		-0.828	-9.414		-1.733	-2.988		-5.143	-2.100		1.664	-3.890		-2.586	-6.243		-3.831	3.372		2.979	-3.659		0.847	-4.780		9.243	2.757		-7.775	3.671		-1.940	3.365		9.988	-7.656		13.485	-10.071		6.386	-3.442		-2.570	17.404		-6.862	-12.086		-5.757	-2.000		
1.855	5.624		3.640	-6.691		-5.085	-8.030		5.198	7.727		-3.475	-2.107		-5.790	-4.175		2.484	3.799		-10.199	11.675		5.502	-2.569		8.273	-1.976		6.040	-3.899		-3.092	-6.649		5.759	-1.192		-3.701	1.861		6.454	8.450		-3.976	-8.517		6.454	-8.450		-3.701	-1.861		5.759	1.192		-3.092	6.649		6.040	3.899		8.273	1.976		5.502	2.569		-10.199	-11.675		2.484	-3.799		-5.790	4.175		-3.475	2.107		5.198	-7.727		-5.085	8.030		3.640	6.691		1.855	-5.624		5.485	8.295		
-3.004	9.730		-2.344	1.594		-4.301	4.911		-6.229	1.447		-5.138	-2.840		0.642	-7.166		12.211	7.007		2.486	-4.486		-5.300	-2.097		-8.615	0.955		-1.201	2.422		-1.755	-4.172		6.715	2.272		-9.742	-0.332		0.233	-7.897		6.710	2.226		0.233	7.897		-9.742	0.332		6.715	-2.272		-1.755	4.172		-1.201	-2.422		-8.615	-0.955		-5.300	2.097		2.486	4.486		12.211	-7.007		0.642	7.166		-5.138	2.840		-6.229	-1.447		-4.301	-4.911		-2.344	-1.594		-3.004	-9.730		-1.359	-11.488		
-5.261	6.335		2.836	-8.884		-9.081	1.446		-2.235	4.119		-1.058	-7.097		-2.922	-3.653		10.686	-4.134		-2.357	6.864		-0.747	14.327		3.373	13.630		0.915	-1.516		-0.005	6.394		1.808	-5.394		5.012	-4.854		0.584	7.251		1.158	-5.729		0.584	-7.251		5.012	4.854		1.808	5.394		-0.005	-6.394		0.915	1.516		3.373	-13.630		-0.747	-14.327		-2.357	-6.864		10.686	4.134		-2.922	3.653		-1.058	7.097		-2.235	-4.119		-9.081	-1.446		2.836	8.884		-5.261	-6.335		11.173	-3.961		
4.531	20.184		1.740	-4.057		0.420	-0.866		0.414	-1.000		-12.805	2.171		-2.846	-0.224		-9.490	0.458		-2.000	4.000		6.436	-0.578		1.190	1.271		-2.906	1.187		6.657	-6.757		2.131	-8.599		-5.776	3.154		4.497	1.818		-2.000	6.000		4.497	-1.818		-5.776	-3.154		2.131	8.599		6.657	6.757		-2.906	-1.187		1.190	-1.271		6.436	0.578		-2.000	-4.000		-9.490	-0.458		-2.846	0.224		-12.805	-2.171		0.414	1.000		0.420	0.866		1.740	4.057		4.531	-20.184		-12.000	-8.000		
-8.654	2.565		-9.417	-3.130		-3.234	2.251		3.691	6.700		5.121	-5.789		7.893	-0.445		0.830	2.461		-12.384	-4.058		1.100	-3.955		-9.672	-4.149		2.736	2.969		1.804	0.416		-6.794	-6.645		2.465	-0.209		-13.201	12.937		-0.737	-7.612		-13.201	-12.937		2.465	0.209		-6.794	6.645		1.804	-0.416		2.736	-2.969		-9.672	4.149		1.100	3.955		-12.384	4.058		0.830	-2.461		7.893	0.445		5.121	5.789		3.691	-6.700		-3.234	-2.251		-9.417	3.130		-8.654	-2.565		-6.009	2.282		
2.448	0.804		-2.985	-7.059		9.715	8.766		-9.852	-1.924		3.108	0.587		6.615	0.127		-5.719	-4.127		-2.450	-5.407		-4.361	0.373		-4.399	8.248		3.849	0.983		1.314	-0.986		5.431	8.243		3.516	-0.063		-8.436	6.234		2.118	8.226		-8.436	-6.234		3.516	0.063		5.431	-8.243		1.314	0.986		3.849	-0.983		-4.399	-8.248		-4.361	-0.373		-2.450	5.407		-5.719	4.127		6.615	-0.127		3.108	-0.587		-9.852	1.924		9.715	-8.766		-2.985	7.059		2.448	-0.804		1.702	-2.660		
10.213	-1.156		2.448	4.290		-3.927	-7.981		5.131	-1.075		-6.166	-9.643		-0.218	0.081		-7.110	-5.092		-20.311	-9.005		-8.091	-18.480		-0.590	1.423		3.529	3.155		5.849	-8.938		-13.533	4.018		1.249	6.593		11.411	-1.968		4.164	-4.235		11.411	1.968		1.249	-6.593		-13.533	-4.018		5.849	8.938		3.529	-3.155		-0.590	-1.423		-8.091	18.480		-20.311	9.005		-7.110	5.092		-0.218	-0.081		-6.166	9.643		5.131	1.075		-3.927	7.981		2.448	-4.290		10.213	1.156		-18.362	10.538		
7.968	4.850		-5.435	5.096		-5.278	-4.143		-5.414	2.243		6.013	3.860		8.430	0.131		-0.299	5.329		8.657	3.000		3.374	0.994		-1.462	2.705		-0.065	6.871		-3.485	4.071		1.128	-3.841		-12.966	-14.629		4.286	1.940		4.828	6.586		4.286	-1.940		-12.966	14.629		1.128	3.841		-3.485	-4.071		-0.065	-6.871		-1.462	-2.705		3.374	-0.994		8.657	-3.000		-0.299	-5.329		8.430	-0.131		6.013	-3.860		-5.414	-2.243		-5.278	4.143		-5.435	-5.096		7.968	-4.850		-14.243	2.000		
2.944	0.553		6.245	-9.200		12.392	-7.124		-5.105	0.793		-7.507	16.353		12.091	-0.998		5.544	-2.142		2.952	-3.438		-9.614	-11.572		4.610	-15.688		3.708	-2.917		-2.507	-2.592		-4.755	-3.895		3.694	-9.888		-8.375	0.129		9.611	-1.503		-8.375	-0.129		3.694	9.888		-4.755	3.895		-2.507	2.592		3.708	2.917		4.610	15.688		-9.614	11.572		2.952	3.438		5.544	2.142		12.091	0.998		-7.507	-16.353		-5.105	-0.793		12.392	7.124		6.245	9.200		2.944	-0.553		-18.867	3.968		
12.866	0.919		-0.907	-1.108		-8.363	5.753		-0.219	3.166		1.537	-8.961		2.824	6.655		7.035	10.166		-4.803	2.803		-7.468	-2.583		-0.227	-5.238		-5.375	0.158		11.379	-14.685		9.443	6.679		-14.819	-4.986		-5.039	6.757		-3.957	-5.165		-5.039	-6.757		-14.819	4.986		9.443	-6.679		11.379	14.685		-5.375	-0.158		-0.227	5.238		-7.468	2.583		-4.803	-2.803		7.035	-10.166		2.824	-6.655		1.537	8.961		-0.219	-3.166		-8.363	-5.753		-0.907	1.108		12.866	-0.919		9.524	-0.186		
-10.358	-11.975		2.355	1.384		0.384	-8.759		7.438	1.299		5.197	2.299		9.678	-1.896		-4.081	-4.554		11.194	7.149		15.746	10.280		1.831	-4.451		1.394	13.143		-5.298	5.664		-1.805	-4.198		-1.290	-17.284		5.505	7.132		2.739	0.126		5.505	-7.132		-1.290	17.284		-1.805	4.198		-5.298	-5.664		1.394	-13.143		1.831	4.451		15.746	-10.280		11.194	-7.149		-4.081	4.554		9.678	1.896		5.197	-2.299		7.438	-1.299		0.384	8.759		2.355	-1.384		-10.358	11.975		-5.156	-2.269		
-12.632	-6.810		2.027	4.071		4.282	-7.611		4.000	-4.000		3.911	-3.788		-4.497	-11.032		-3.232	0.364		-2.000	8.000		-2.192	-3.044		-2.332	-0.689		-2.817	15.299		4.000	4.000		11.595	-4.525		-3.199	-17.585		1.085	5.782		-2.000	0.000		1.085	-5.782		-3.199	17.585		11.595	4.525		4.000	-4.000		-2.817	-15.299		-2.332	0.689		-2.192	3.044		-2.000	-8.000		-3.232	-0.364		-4.497	11.032		3.911	3.788		4.000	4.000		4.282	7.611		2.027	-4.071		-12.632	6.810		6.000	0.000		
0.044	-2.693		0.223	0.625		-0.021	4.788		9.542	8.106		-20.108	7.986		14.135	-5.161		3.574	3.458		-2.901	6.713		-6.550	-8.138		18.979	10.908		1.225	-3.772		2.103	-3.134		7.595	14.817		-6.102	3.208		0.780	8.178		2.739	-0.126		0.780	-8.178		-6.102	-3.208		7.595	-14.817		2.103	3.134		1.225	3.772		18.979	-10.908		-6.550	8.138		-2.901	-6.713		3.574	-3.458		14.135	5.161		-20.108	-7.986		9.542	-8.106		-0.021	-4.788		0.223	-0.625		0.044	2.693		-5.156	2.269		
19.243	-6.886		0.967	-6.022		-17.220	-9.478		-5.800	-5.094		-16.935	-2.795		0.036	6.676		4.703	-2.697		-2.319	-15.058		7.762	-13.438		9.294	10.895		-0.954	11.859		-1.006	0.069		-4.595	8.331		-1.711	-2.976		8.549	-4.350		-3.957	5.165		8.549	4.350		-1.711	2.976		-4.595	-8.331		-1.006	-0.069		-0.954	-11.859		9.294	-10.895		7.762	13.438		-2.319	15.058		4.703	2.697		0.036	-6.676		-16.935	2.795		-5.800	5.094		-17.220	9.478		0.967	6.022		19.243	6.886		9.524	0.186		
3.807	16.387		7.868	0.895		1.036	6.466		1.015	18.392		-16.388	2.478		2.755	-7.817		3.371	-0.256		-7.794	-1.864		-8.716	6.249		10.356	7.550		3.125	-10.211		-3.108	4.579		11.085	12.262		5.792	-5.173		-0.902	4.262		9.611	1.503		-0.902	-4.262		5.792	5.173		11.085	-12.262		-3.108	-4.579		3.125	10.211		10.356	-7.550		-8.716	-6.249		-7.794	1.864		3.371	0.256		2.755	7.817		-16.388	-2.478		1.015	-18.392		1.036	-6.466		7.868	-0.895		3.807	-16.387		-18.867	-3.968		
6.255	-2.939		15.067	-3.215		3.600	-1.279		-0.414	10.657		5.866	-2.063		2.048	0.805		11.040	-4.702		0.757	-11.243		-7.900	-9.106		-4.187	9.687		-20.397	-8.360		3.657	-7.657		2.791	-12.180		-7.151	-0.318		-7.068	6.545		4.828	-6.586		-7.068	-6.545		-7.151	0.318		2.791	12.180		3.657	7.657		-20.397	8.360		-4.187	-9.687		-7.900	9.106		0.757	11.243		11.040	4.702		2.048	-0.805		5.866	2.063		-0.414	-10.657		3.600	1.279		15.067	3.215		6.255	2.939		-14.243	-2.000		
10.394	8.683		3.620	-1.749		-5.519	-12.404		10.200	3.835		8.674	0.421		0.490	11.455		-9.005	8.026		1.634	5.206		-6.203	-2.801		-5.673	-0.903		-5.040	1.211		3.589	6.676		9.055	1.266		2.743	10.014		1.748	2.963		4.164	4.235		1.748	-2.963		2.743	-10.014		9.055	-1.266		3.589	-6.676		-5.040	-1.211		-5.673	0.903		-6.203	2.801		1.634	-5.206		-9.005	-8.026		0.490	-11.455		8.674	-0.421		10.200	-3.835		-5.519	12.404		3.620	1.749		10.394	-8.683		-18.362	-10.538		
6.178	1.075		-13.938	16.325		7.291	-3.768		-8.842	-4.861		-4.002	-6.970		-0.345	-8.339		-2.520	4.971		-1.658	-0.342		5.985	5.087		-0.725	12.897		-5.473	-10.610		-0.487	-13.728		-4.822	-8.383		-0.988	2.855		-5.204	5.707		2.118	-8.226		-5.204	-5.707		-0.988	-2.855		-4.822	8.383		-0.487	13.728		-5.473	10.610		-0.725	-12.897		5.985	-5.087		-1.658	0.342		-2.520	-4.971		-0.345	8.339		-4.002	6.970		-8.842	4.861		7.291	3.768		-13.938	-16.325		6.178	-1.075		1.702	2.660		
7.095	10.280		-8.783	-7.067		11.394	-6.624		-3.792	0.213		-4.527	5.884		4.207	12.386		5.792	8.764		7.175	3.523		10.677	-4.021		-8.546	2.084		-5.791	12.089		8.616	-3.779		7.298	10.377		6.062	-1.840		-3.950	-5.751		-0.737	7.612		-3.950	5.751		6.062	1.840		7.298	-10.377		8.616	3.779		-5.791	-12.089		-8.546	-2.084		10.677	4.021		7.175	-3.523		5.792	-8.764		4.207	-12.386		-4.527	-5.884		-3.792	-0.213		11.394	6.624		-8.783	7.067		7.095	-10.280		-6.009	-2.282		
2.945	7.425		-6.224	3.154		-22.489	5.493		-4.657	15.243		3.160	-7.785		1.638	8.099		3.452	-9.747		-8.000	-10.000		11.705	-3.491		-9.154	-0.224		-12.779	6.707		-2.414	1.000		-2.331	-1.550		-4.569	-2.886		7.522	2.727		-2.000	-6.000		7.522	-2.727		-4.569	2.886		-2.331	1.550		-2.414	-1.000		-12.779	-6.707		-9.154	0.224		11.705	3.491		-8.000	10.000		3.452	9.747		1.638	-8.099		3.160	7.785		-4.657	-15.243		-22.489	-5.493		-6.224	-3.154		2.945	-7.425		-12.000	8.000		
4.706	9.744		4.107	-0.102		1.674	-4.156		-6.674	4.646		1.633	-0.543		1.817	5.348		1.329	0.551		-7.034	-9.085		1.204	0.584		-4.159	-8.172		10.945	0.912		-3.198	2.051		3.263	5.467		-13.028	-3.053		1.070	10.616		1.158	5.729		1.070	-10.616		-13.028	3.053		3.263	-5.467		-3.198	-2.051		10.945	-0.912		-4.159	8.172		1.204	-0.584		-7.034	9.085		1.329	-0.551		1.817	-5.348		1.633	0.543		-6.674	-4.646		1.674	4.156		4.107	0.102		4.706	-9.744		11.173	3.961		
-2.522	-4.470		6.403	-13.045		-10.563	5.633		4.296	-14.804		-6.349	-4.416		-16.589	9.725		0.243	11.087		8.450	10.720		-7.313	2.738		0.103	3.561		3.274	-6.333		-12.385	-3.599		3.838	-5.801		-6.547	-0.646		-6.919	2.944		6.710	-2.226		-6.919	-2.944		-6.547	0.646		3.838	5.801		-12.385	3.599		3.274	6.333		0.103	-3.561		-7.313	-2.738		8.450	-10.720		0.243	-11.087		-16.589	-9.725		-6.349	4.416		4.296	14.804		-10.563	-5.633		6.403	13.045		-2.522	4.470		-1.359	11.488		
0.599	20.116		0.417	-7.268		4.426	-4.477		8.288	-17.100		-1.461	-0.999		-6.641	-9.054		-2.066	-4.278		3.798	1.984		-5.265	-2.477		2.392	-2.072		1.396	3.159		-9.927	-7.437		5.529	0.363		-2.374	1.715		-0.878	3.616		-3.976	8.517		-0.878	-3.616		-2.374	-1.715		5.529	-0.363		-9.927	7.437		1.396	-3.159		2.392	2.072		-5.265	2.477		3.798	-1.984		-2.066	4.278		-6.641	9.054		-1.461	0.999		8.288	17.100		4.426	4.477		0.417	7.268		0.599	-20.116		5.485	-8.295		
-5.726	5.221		8.557	-15.800		-1.778	-1.910		-7.657	-3.657		-5.686	0.159		18.920	-4.927		-5.726	2.603		-2.657	3.000		16.892	-7.561		-13.475	-0.779		3.783	10.143		2.414	0.657		-4.183	3.912		-1.673	4.153		-7.573	-2.708		-0.828	9.414		-7.573	2.708		-1.673	-4.153		-4.183	-3.912		2.414	-0.657		3.783	-10.143		-13.475	0.779		16.892	7.561		-2.657	-3.000		-5.726	-2.603		18.920	4.927		-5.686	-0.159		-7.657	3.657		-1.778	1.910		8.557	15.800		-5.726	-5.221		-5.757	2.000		
-12.318	5.254		-2.777	-11.463		4.587	-6.434		-3.464	-17.527		17.185	9.829		2.591	3.178		-8.945	4.774		-7.559	-0.957		0.284	-0.152		7.906	-8.598		3.893	-8.302		0.839	-2.606		1.380	0.032		5.927	5.738		0.143	-6.577		1.030	4.612		0.143	6.577		5.927	-5.738		1.380	-0.032		0.839	2.606		3.893	8.302		7.906	8.598		0.284	0.152		-7.559	0.957		-8.945	-4.774		2.591	-3.178		17.185	-9.829		-3.464	17.527		4.587	6.434		-2.777	11.463		-12.318	-5.254		7.258	-6.210		
1.602	10.122		7.025	5.852		-4.858	12.565		3.290	4.248		-1.932	1.209		3.434	-7.833		-8.100	-14.684		-0.025	-1.975		6.875	-5.802		6.793	-2.981		8.536	-1.703		14.178	5.957		0.629	-5.005		7.276	1.878		-5.037	-3.463		7.129	-0.835		-5.037	3.463		7.276	-1.878		0.629	5.005		14.178	-5.957		8.536	1.703		6.793	2.981		6.875	5.802		-0.025	1.975		-8.100	14.684		3.434	7.833		-1.932	-1.209		3.290	-4.248		-4.858	-12.565		7.025	-5.852		1.602	-10.122		2.133	-2.985		
2.042	12.265		7.723	-1.818		5.198	-0.284		-8.239	5.198		-0.540	5.009		4.153	-6.425		6.134	-1.024		-4.213	-5.051		-7.254	-0.082		3.287	0.182		-3.721	-0.409		-2.141	2.549		5.657	-11.773		0.943	6.739		-11.526	3.955		2.012	4.819		-11.526	-3.955		0.943	-6.739		5.657	11.773		-2.141	-2.549		-3.721	0.409		3.287	-0.182		-7.254	0.082		-4.213	5.051		6.134	1.024		4.153	6.425		-0.540	-5.009		-8.239	-5.198		5.198	0.284		7.723	1.818		2.042	-12.265		-7.524	-3.974		

----------------------

Coordinates:
0 0 0 0 0 0 0 0 0 0 0 0 0 0 0 0 0 0 0 0 0 0 1 0 0 0 0 1 0 0 1 0 
0 0 0 0 0 1 0 0 0 0 0 0 0 0 0 0 0 1 0 0 0 0 0 0 0 1 0 0 1 0 0 0 
1 0 0 0 0 0 0 0 0 0 1 0 0 0 0 0 0 0 0 0 0 0 0 0 0 0 0 0 0 0 0 0 
0 0 0 0 0 0 0 0 0 0 0 0 0 0 0 0 0 0 0 0 0 0 0 0 0 0 0 0 0 0 0 0 
0 0 0 0 0 0 0 0 1 0 0 0 1 0 0 0 0 1 0 0 0 0 0 0 1 0 0 0 0 0 0 0 
0 0 0 0 0 0 1 0 0 0 0 0 0 0 0 0 0 0 0 0 0 0 0 0 0 1 0 0 0 0 0 0 
0 0 0 0 0 0 0 0 0 0 0 0 0 0 0 0 0 0 0 0 0 0 0 0 0 0 1 0 0 0 0 0 
0 0 0 0 0 0 0 1 0 1 0 0 0 0 1 0 0 0 0 0 0 1 0 0 0 0 0 0 0 0 0 0 
0 0 0 0 0 0 0 0 0 0 0 1 0 0 0 0 0 0 0 0 0 0 1 0 0 0 1 0 0 0 0 0 
0 1 0 0 0 0 0 1 0 1 0 0 0 0 0 0 0 0 0 0 0 0 0 0 0 0 0 0 0 0 0 0 
0 0 0 0 1 0 0 0 0 0 0 0 0 0 0 0 0 0 0 1 0 0 0 0 1 0 0 1 0 0 0 0 
0 0 0 0 0 0 0 1 0 0 0 0 0 0 0 0 1 0 0 0 0 0 0 0 0 1 0 0 1 0 0 0 
1 0 0 0 0 0 0 0 0 0 0 0 0 0 0 0 0 0 0 0 0 0 0 0 0 0 0 0 0 0 0 0 
0 0 0 0 0 0 0 0 0 0 0 0 0 0 0 0 0 0 0 0 0 1 0 0 1 0 1 0 0 0 0 0 
0 0 0 0 0 0 0 0 0 1 0 1 0 0 1 0 0 0 0 1 0 0 0 0 0 0 0 0 0 0 0 0 
0 0 0 0 1 0 0 0 0 0 0 0 0 0 0 0 0 0 0 0 0 0 0 0 0 1 0 0 0 1 0 0 
0 0 1 0 0 1 0 0 0 0 0 0 0 1 0 0 0 0 0 0 0 0 0 1 0 0 0 0 0 0 1 0 
0 0 0 0 0 0 0 0 0 0 0 0 0 0 0 0 0 0 0 0 0 0 0 0 0 0 1 0 0 0 0 0 
0 1 0 1 0 0 1 0 0 0 0 0 0 0 0 0 0 0 0 1 0 0 0 0 1 0 0 1 0 0 0 0 
0 0 0 0 0 0 0 0 0 0 0 0 0 0 1 0 0 0 0 0 0 0 0 0 0 0 0 0 0 0 0 0 
0 0 0 0 0 0 0 0 0 1 0 0 1 0 0 0 0 0 1 0 0 1 0 0 0 0 0 0 0 0 1 0 
0 1 0 0 0 0 0 0 0 0 0 0 0 0 1 0 0 0 0 0 0 0 0 1 0 0 0 0 0 0 0 0 
0 0 0 0 0 0 0 0 0 0 0 0 0 0 0 1 0 1 0 0 0 0 0 0 0 0 0 0 0 0 0 0 
1 0 0 0 0 0 0 1 0 0 0 0 0 0 0 0 0 0 0 0 0 0 0 0 1 0 1 0 0 0 0 0 
0 0 1 0 0 0 0 0 1 0 0 0 0 0 0 1 0 0 1 0 0 0 0 0 0 0 0 0 0 0 0 0 
0 0 0 1 0 0 0 0 0 0 0 0 0 1 0 0 0 0 0 0 0 0 0 0 0 0 0 0 0 0 0 0 
0 0 0 0 0 0 1 0 0 0 0 0 0 0 0 0 0 1 0 0 1 0 1 0 0 0 1 0 0 0 0 0 
0 0 0 0 1 0 0 0 1 0 0 0 0 0 0 0 0 0 1 0 0 0 0 0 0 0 0 0 1 0 0 1 
0 0 0 0 0 0 0 0 0 0 0 0 0 0 0 0 0 0 0 0 1 0 1 0 0 0 0 0 0 1 0 0 
0 0 0 0 0 1 0 1 0 1 0 0 0 0 1 0 0 0 0 0 0 0 0 0 0 0 0 1 0 0 0 0 
0 0 0 0 0 0 0 0 0 0 1 0 0 0 0 0 0 0 0 0 0 0 0 0 0 0 0 0 1 0 0 0 
1 0 0 0 0 0 0 1 0 0 0 0 0 0 0 0 0 0 0 1 0 1 0 0 0 0 0 0 0 0 0 0 

----------------------

Full fourier transform:
5.981	8.242		3.201	7.748		0.879	-10.834		-0.828	6.243		1.258	3.786		-1.679	3.452		8.135	0.550		-4.000	4.000		5.355	-2.509		-1.493	-0.205		8.338	6.874		4.828	2.243		-6.961	-2.574		-12.029	0.091		1.014	-5.645		102.000	0.000		1.014	5.645		-12.029	-0.091		-6.961	2.574		4.828	-2.243		8.338	-6.874		-1.493	0.205		5.355	2.509		-4.000	-4.000		8.135	-0.550		-1.679	-3.452		1.258	-3.786		-0.828	-6.243		0.879	10.834		3.201	-7.748		5.981	-8.242		2.000	0.000		
-1.054	2.283		-6.579	6.312		21.386	-1.349		-8.762	1.128		-5.202	-12.868		1.161	0.134		5.106	-2.565		0.175	5.748		-1.126	-9.271		11.010	8.065		0.369	3.896		-4.543	-0.308		-2.122	-10.772		1.375	-9.998		0.243	2.767		-2.277	7.693		0.243	-2.767		1.375	9.998		-2.122	10.772		-4.543	0.308		0.369	-3.896		11.010	-8.065		-1.126	9.271		0.175	-5.748		5.106	2.565		1.161	-0.134		-5.202	12.868		-8.762	-1.128		21.386	1.349		-6.579	-6.312		-1.054	-2.283		5.951	5.583		
8.406	-7.055		-1.414	2.828		1.845	2.615		2.674	3.376		-10.700	7.406		0.595	-5.701		-3.949	-7.182		-3.990	-1.569		4.760	3.244		-2.683	-4.070		2.225	-4.197		-10.065	4.983		-5.326	1.037		3.475	0.666		3.392	-7.112		-0.423	7.608		3.392	7.112		3.475	-0.666		-5.326	-1.037		-10.065	-4.983		2.225	4.197		-2.683	4.070		4.760	-3.244		-3.990	1.569		-3.949	7.182		0.595	5.701		-10.700	-7.406		2.674	-3.376		1.845	-2.615		-1.414	-2.828		8.406	7.055		-4.638	0.074		
7.199	11.483		13.092	4.082		-0.665	2.562		7.642	6.079		-0.130	13.841		1.369	1.992		6.409	2.485		2.787	3.215		5.018	0.175		6.760	1.043		7.892	3.343		2.793	8.689		-2.991	-5.290		4.651	2.413		0.785	-4.935		-1.317	5.257		0.785	4.935		4.651	-2.413		-2.991	5.290		2.793	-8.689		7.892	-3.343		6.760	-1.043		5.018	-0.175		2.787	-3.215		6.409	-2.485		1.369	-1.992		-0.130	-13.841		7.642	-6.079		-0.665	-2.562		13.092	-4.082		7.199	-11.483		-5.796	-7.305		
10.196	3.414		6.594	-11.551		-4.537	4.041		-0.586	-4.243		-5.481	-7.279		5.340	5.890		1.840	-0.451		-6.586	1.657		0.909	-0.547		-4.173	-0.172		4.155	2.483		-5.657	-1.657		-0.468	-0.249		-5.799	4.894		7.183	6.720		3.414	-2.343		7.183	-6.720		-5.799	-4.894		-0.468	0.249		-5.657	1.657		4.155	-2.483		-4.173	0.172		0.909	0.547		-6.586	-1.657		1.840	0.451		5.340	-5.890		-5.481	7.279		-0.586	4.243		-4.537	-4.041		6.594	11.551		10.196	-3.414		-9.071	-6.828		
-2.013	-3.584		3.978	8.114		-5.350	-2.136		-0.178	-3.619		12.581	4.844		-2.788	-9.550		-2.932	-0.670		-16.050	-4.230		-0.176	-1.087		8.964	-0.419		6.403	-5.312		-0.616	-6.163		7.476	6.902		2.904	3.506		-4.732	-9.768		-0.001	-3.634		-4.732	9.768		2.904	-3.506		7.476	-6.902		-0.616	6.163		6.403	5.312		8.964	0.419		-0.176	1.087		-16.050	4.230		-2.932	0.670		-2.788	9.550		12.581	-4.844		-0.178	3.619		-5.350	2.136		3.978	-8.114		-2.013	3.584		4.742	3.601		
-3.034	-8.328		-0.900	-4.533		1.290	13.086		-3.009	3.604		-1.546	-2.621		1.414	2.828		-2.570	5.196		4.920	3.087		-5.022	-4.094		1.616	12.065		-4.775	-6.993		-0.053	-1.080		-8.706	-7.441		4.406	2.964		10.766	-3.793		3.823	2.695		10.766	3.793		4.406	-2.964		-8.706	7.441		-0.053	1.080		-4.775	6.993		1.616	-12.065		-5.022	4.094		4.920	-3.087		-2.570	-5.196		1.414	-2.828		-1.546	2.621		-3.009	-3.604		1.290	-13.086		-0.900	4.533		-3.034	8.328		1.569	-3.021		
3.962	-4.774		-8.442	6.630		-1.772	-3.844		2.428	9.168		1.038	-2.321		0.484	-4.156		0.363	4.795		0.858	-5.803		-6.161	3.786		3.721	-8.054		6.965	-6.006		2.764	0.077		-2.450	-11.825		0.054	3.930		-2.070	-3.712		5.456	-3.658		-2.070	3.712		0.054	-3.930		-2.450	11.825		2.764	-0.077		6.965	6.006		3.721	8.054		-6.161	-3.786		0.858	5.803		0.363	-4.795		0.484	4.156		1.038	2.321		2.428	-9.168		-1.772	3.844		-8.442	-6.630		3.962	4.774		1.286	4.299		
-4.831	-0.176		6.811	-9.894		0.114	7.713		-4.243	-8.485		2.775	4.182		-10.542	-7.803		-2.461	-2.408		-8.000	-2.000		-8.565	-9.038		-7.881	8.494		-4.464	-1.302		-2.243	-10.485		-0.027	-2.424		2.386	-4.658		-0.358	-0.764		2.000	2.000		-0.358	0.764		2.386	4.658		-0.027	2.424		-2.243	10.485		-4.464	1.302		-7.881	-8.494		-8.565	9.038		-8.000	2.000		-2.461	2.408		-10.542	7.803		2.775	-4.182		-4.243	8.485		0.114	-7.713		6.811	9.894		-4.831	0.176		6.000	10.000		
-10.404	-2.528		0.254	-5.659		-2.475	2.504		-7.880	10.754		9.925	-0.553		-2.307	7.142		3.381	3.035		-5.795	-4.659		-2.088	-2.360		-10.423	7.302		1.520	5.082		-2.577	-0.624		-8.881	-8.645		4.371	-2.502		-9.685	-0.346		3.045	-2.642		-9.685	0.346		4.371	2.502		-8.881	8.645		-2.577	0.624		1.520	-5.082		-10.423	-7.302		-2.088	2.360		-5.795	4.659		3.381	-3.035		-2.307	-7.142		9.925	0.553		-7.880	-10.754		-2.475	-2.504		0.254	5.659		-10.404	2.528		-15.246	4.885		
-3.019	11.741		-7.577	3.793		14.882	-13.445		4.848	-3.963		6.783	6.665		-0.101	-3.592		-9.273	-6.633		-8.002	4.638		6.864	-7.425		1.414	-2.828		4.591	2.068		-5.583	-8.522		3.712	-2.317		3.244	-8.533		0.109	-10.525		-4.651	-12.962		0.109	10.525		3.244	8.533		3.712	2.317		-5.583	8.522		4.591	-2.068		1.414	2.828		6.864	7.425		-8.002	-4.638		-9.273	6.633		-0.101	3.592		6.783	-6.665		4.848	3.963		14.882	13.445		-7.577	-3.793		-3.019	-11.741		-4.740	-10.678		
3.332	3.369		4.120	-11.902		-5.268	-4.734		-1.428	2.618		1.933	1.329		5.443	-11.772		-1.758	5.700		-7.975	5.361		-2.763	7.327		2.944	-9.101		4.864	-2.352		-0.118	5.876		-3.146	-11.360		-6.913	1.154		3.858	7.598		-0.821	-3.556		3.858	-7.598		-6.913	-1.154		-3.146	11.360		-0.118	-5.876		4.864	2.352		2.944	9.101		-2.763	-7.327		-7.975	-5.361		-1.758	-5.700		5.443	11.772		1.933	-1.329		-1.428	-2.618		-5.268	4.734		4.120	11.902		3.332	-3.369		2.807	0.187		
-6.207	-1.254		-1.196	-4.563		-14.861	4.932		5.657	-9.657		3.929	-12.501		-1.676	-2.794		-9.772	3.748		-13.414	-8.000		7.988	1.516		0.742	-1.863		-2.946	-7.574		-3.414	-4.243		-2.891	3.603		10.621	5.828		-4.640	-6.106		0.586	13.657		-4.640	6.106		10.621	-5.828		-2.891	-3.603		-3.414	4.243		-2.946	7.574		0.742	1.863		7.988	-1.516		-13.414	8.000		-9.772	-3.748		-1.676	2.794		3.929	12.501		5.657	9.657		-14.861	-4.932		-1.196	4.563		-6.207	1.254		5.071	1.172		
-2.724	-8.438		1.333	-19.079		-6.516	-1.478		1.272	4.659		-6.218	7.361		-2.440	0.226		6.725	-0.344		-1.446	-0.991		5.888	-14.819		-2.392	-7.120		3.993	-5.632		-8.663	-8.389		-7.123	-6.291		3.259	-10.104		18.301	11.030		-8.690	0.849		18.301	-11.030		3.259	10.104		-7.123	6.291		-8.663	8.389		3.993	5.632		-2.392	7.120		5.888	14.819		-1.446	0.991		6.725	0.344		-2.440	-0.226		-6.218	-7.361		1.272	-4.659		-6.516	1.478		1.333	19.079		-2.724	8.438		3.418	-3.891		
-4.053	2.740		15.010	5.009		-1.640	5.411		-5.021	3.630		6.493	10.543		-3.317	9.930		-6.020	-9.413		-0.624	-9.877		-3.692	7.326		-5.080	6.784		-2.496	3.853		7.312	-8.116		5.278	4.647		-1.414	-2.828		10.087	7.463		5.252	11.952		10.087	-7.463		-1.414	2.828		5.278	-4.647		7.312	8.116		-2.496	-3.853		-5.080	-6.784		-3.692	-7.326		-0.624	9.877		-6.020	9.413		-3.317	-9.930		6.493	-10.543		-5.021	-3.630		-1.640	-5.411		15.010	-5.009		-4.053	-2.740		-4.190	-3.583		
-4.291	-0.812		-7.145	-1.290		-2.784	2.376		-4.460	-16.156		-2.758	-1.774		15.739	8.519		7.519	2.390		-10.574	-2.829		-12.305	-14.880		3.082	0.656		-11.945	-2.841		5.529	2.636		10.533	0.270		-9.521	-8.160		1.123	-14.529		-11.396	-3.776		1.123	14.529		-9.521	8.160		10.533	-0.270		5.529	-2.636		-11.945	2.841		3.082	-0.656		-12.305	14.880		-10.574	2.829		7.519	-2.390		15.739	-8.519		-2.758	1.774		-4.460	16.156		-2.784	-2.376		-7.145	1.290		-4.291	0.812		18.838	4.997		
9.352	-1.092		-18.222	-10.245		13.827	4.258		8.485	7.071		7.312	1.906		-4.223	-2.253		-18.103	6.348		-8.000	-8.000		1.096	-0.741		3.879	4.232		-10.008	-7.981		-8.485	7.071		12.669	-2.802		6.565	0.241		-8.144	-5.352		6.000	0.000		-8.144	5.352		6.565	-0.241		12.669	2.802		-8.485	-7.071		-10.008	7.981		3.879	-4.232		1.096	0.741		-8.000	8.000		-18.103	-6.348		-4.223	2.253		7.312	-1.906		8.485	-7.071		13.827	-4.258		-18.222	10.245		9.352	1.092		18.000	0.000		
-7.687	0.666		-13.346	-5.688		6.605	-2.154		-2.796	5.955		5.342	-3.215		-2.106	8.139		2.642	4.278		9.695	7.941		-2.455	10.880		6.788	-1.822		-0.554	7.346		-0.313	-2.296		-7.188	6.048		1.773	-7.127		0.213	-4.094		-11.396	3.776		0.213	4.094		1.773	7.127		-7.188	-6.048		-0.313	2.296		-0.554	-7.346		6.788	1.822		-2.455	-10.880		9.695	-7.941		2.642	-4.278		-2.106	-8.139		5.342	3.215		-2.796	-5.955		6.605	2.154		-13.346	5.688		-7.687	-0.666		18.838	-4.997		
-6.127	3.435		2.359	5.265		-3.173	3.332		8.983	6.624		-17.535	5.901		9.217	-4.706		-4.198	-9.887		-2.010	4.740		14.947	0.475		-8.427	0.516		1.184	2.429		-1.592	-1.326		14.442	-2.964		0.979	-4.854		1.694	10.380		5.252	-11.952		1.694	-10.380		0.979	4.854		14.442	2.964		-1.592	1.326		1.184	-2.429		-8.427	-0.516		14.947	-0.475		-2.010	-4.740		-4.198	9.887		9.217	4.706		-17.535	-5.901		8.983	-6.624		-3.173	-3.332		2.359	-5.265		-6.127	-3.435		-4.190	3.583		
4.047	-8.637		-2.257	1.691		6.343	4.940		-0.317	-3.482		3.047	14.581		-5.452	-14.594		3.948	1.628		1.659	-5.535		5.000	1.773		0.544	-11.107		-15.606	-1.162		-2.601	12.542		5.384	-1.261		2.324	1.289		-13.551	-5.671		-8.690	-0.849		-13.551	5.671		2.324	-1.289		5.384	1.261		-2.601	-12.542		-15.606	1.162		0.544	11.107		5.000	-1.773		1.659	5.535		3.948	-1.628		-5.452	14.594		3.047	-14.581		-0.317	3.482		6.343	-4.940		-2.257	-1.691		4.047	8.637		3.418	3.891		
4.141	-3.112		3.864	-5.828		6.042	12.248		-4.243	9.071		-20.562	-2.112		-15.571	0.966		-4.077	1.731		-9.414	-9.657		0.614	2.412		2.019	3.691		-4.737	11.823		3.172	-0.828		-9.915	9.127		-10.118	-10.219		7.953	4.187		0.586	-13.657		7.953	-4.187		-10.118	10.219		-9.915	-9.127		3.172	0.828		-4.737	-11.823		2.019	-3.691		0.614	-2.412		-9.414	9.657		-4.077	-1.731		-15.571	-0.966		-20.562	2.112		-4.243	-9.071		6.042	-12.248		3.864	5.828		4.141	3.112		5.071	-1.172		
-16.100	10.805		5.533	4.759		2.216	-0.122		-6.513	11.646		6.005	7.512		3.969	15.285		-3.437	7.689		-5.169	-9.738		2.295	-11.700		10.918	9.959		5.291	8.373		7.180	1.264		1.067	0.615		-1.253	-6.218		8.093	-6.327		-0.821	3.556		8.093	6.327		-1.253	6.218		1.067	-0.615		7.180	-1.264		5.291	-8.373		10.918	-9.959		2.295	11.700		-5.169	9.738		-3.437	-7.689		3.969	-15.285		6.005	-7.512		-6.513	-11.646		2.216	0.122		5.533	-4.759		-16.100	-10.805		2.807	-0.187		
8.238	5.673		10.479	-0.936		1.580	-4.813		2.666	4.053		3.628	6.699		-8.524	22.821		-16.037	-2.286		-2.920	1.742		-6.693	-8.583		0.417	-3.315		-3.076	2.404		0.396	-8.920		-6.358	10.237		-7.461	10.378		-2.463	4.234		-4.651	12.962		-2.463	-4.234		-7.461	-10.378		-6.358	-10.237		0.396	8.920		-3.076	-2.404		0.417	3.315		-6.693	8.583		-2.920	-1.742		-16.037	2.286		-8.524	-22.821		3.628	-6.699		2.666	-4.053		1.580	4.813		10.479	0.936		8.238	-5.673		-4.740	10.678		
-7.342	0.598		-3.192	0.044		3.775	-16.026		14.991	23.101		-13.471	1.573		-1.797	-2.087		-8.729	-2.154		7.313	-6.330		1.686	5.203		-1.604	-5.816		-10.204	8.791		-6.831	-3.745		0.305	15.850		-3.928	2.836		-5.524	-1.377		3.045	2.642		-5.524	1.377		-3.928	-2.836		0.305	-15.850		-6.831	3.745		-10.204	-8.791		-1.604	5.816		1.686	-5.203		7.313	6.330		-8.729	2.154		-1.797	2.087		-13.471	-1.573		14.991	-23.101		3.775	16.026		-3.192	-0.044		-7.342	-0.598		-15.246	-4.885		
2.445	5.572		11.756	0.514		11.855	4.999		6.243	-6.485		0.254	-6.082		-7.433	-2.820		-6.367	21.712		4.000	14.000		-4.111	-13.915		-3.600	3.025		-4.460	-1.383		4.243	-8.485		16.581	1.665		0.503	1.420		1.621	-0.784		2.000	-2.000		1.621	0.784		0.503	-1.420		16.581	-1.665		4.243	8.485		-4.460	1.383		-3.600	-3.025		-4.111	13.915		4.000	-14.000		-6.367	-21.712		-7.433	2.820		0.254	6.082		6.243	6.485		11.855	-4.999		11.756	-0.514		2.445	-5.572		6.000	-10.000		
-5.555	6.970		-20.513	-20.224		-0.774	-14.284		4.610	13.275		0.968	10.425		-11.022	0.797		3.133	4.423		10.067	-6.887		3.775	-1.325		-7.663	9.668		3.209	0.849		2.947	9.370		-3.981	4.580		-7.621	4.026		5.370	-8.889		5.456	3.658		5.370	8.889		-7.621	-4.026		-3.981	-4.580		2.947	-9.370		3.209	-0.849		-7.663	-9.668		3.775	1.325		10.067	6.887		3.133	-4.423		-11.022	-0.797		0.968	-10.425		4.610	-13.275		-0.774	14.284		-20.513	20.224		-5.555	-6.970		1.286	-4.299		
10.893	-7.139		1.461	-3.622		2.143	4.503		-16.505	-1.350		-13.003	-6.661		3.926	-0.829		-6.639	-1.553		2.002	4.190		-1.120	-5.140		-1.133	-4.978		2.679	-10.252		-2.074	-11.135		-7.139	5.997		2.006	3.549		-0.314	-15.935		3.823	-2.695		-0.314	15.935		2.006	-3.549		-7.139	-5.997		-2.074	11.135		2.679	10.252		-1.133	4.978		-1.120	5.140		2.002	-4.190		-6.639	1.553		3.926	0.829		-13.003	6.661		-16.505	1.350		2.143	-4.503		1.461	3.622		10.893	7.139		1.569	3.021		
3.818	4.772		-4.402	0.825		-10.741	7.946		6.588	16.927		-2.440	-1.963		4.980	-2.153		11.443	-6.032		0.700	7.101		-6.749	-12.764		-0.304	-5.705		0.785	12.340		-9.245	4.006		0.750	-11.110		-1.618	1.089		-4.223	-0.968		-0.001	3.634		-4.223	0.968		-1.618	-1.089		0.750	11.110		-9.245	-4.006		0.785	-12.340		-0.304	5.705		-6.749	12.764		0.700	-7.101		11.443	6.032		4.980	2.153		-2.440	1.963		6.588	-16.927		-10.741	-7.946		-4.402	-0.825		3.818	-4.772		4.742	-3.601		
9.650	10.452		-3.372	7.723		11.749	-0.647		8.828	-4.828		-4.371	4.229		1.688	0.172		-5.688	9.203		-10.586	-8.000		-5.016	-3.212		5.974	0.233		-4.143	2.775		4.243	5.071		-0.904	7.952		5.063	-1.066		2.868	-4.679		3.414	2.343		2.868	4.679		5.063	1.066		-0.904	-7.952		4.243	-5.071		-4.143	-2.775		5.974	-0.233		-5.016	3.212		-10.586	8.000		-5.688	-9.203		1.688	-0.172		-4.371	-4.229		8.828	4.828		11.749	0.647		-3.372	-7.723		9.650	-10.452		-9.071	6.828		
-1.001	-9.025		6.712	16.837		12.250	-8.768		-7.066	-1.858		-13.916	6.516		-5.372	-0.202		4.746	-4.100		8.523	-11.183		2.232	10.340		5.425	4.994		-9.379	2.529		11.270	-5.540		7.838	0.112		3.851	-7.115		-2.352	-1.327		-1.317	-5.257		-2.352	1.327		3.851	7.115		7.838	-0.112		11.270	5.540		-9.379	-2.529		5.425	-4.994		2.232	-10.340		8.523	11.183		4.746	4.100		-5.372	0.202		-13.916	-6.516		-7.066	1.858		12.250	8.768		6.712	-16.837		-1.001	9.025		-5.796	7.305		
-5.159	-9.011		14.678	9.632		10.530	0.257		8.678	4.713		-1.017	-11.169		-0.402	5.344		-4.233	2.045		2.624	9.049		4.651	9.145		4.439	-0.706		-6.587	-9.454		-7.655	-9.198		9.791	-3.156		-0.702	-6.534		8.809	0.004		-0.423	-7.608		8.809	-0.004		-0.702	6.534		9.791	3.156		-7.655	9.198		-6.587	9.454		4.439	0.706		4.651	-9.145		2.624	-9.049		-4.233	-2.045		-0.402	-5.344		-1.017	11.169		8.678	-4.713		10.530	-0.257		14.678	-9.632		-5.159	9.011		-4.638	-0.074		
-1.517	-2.046		-0.434	-6.357		4.441	7.986		1.870	-2.941		-2.976	0.525		1.862	-6.377		6.928	-7.250		5.231	-3.181		4.253	0.221		5.762	-1.203		-4.651	-0.751		3.023	-4.139		1.180	-11.722		-7.676	10.076		-0.329	-0.163		-2.277	-7.693		-0.329	0.163		-7.676	-10.076		1.180	11.722		3.023	4.139		-4.651	0.751		5.762	1.203		4.253	-0.221		5.231	3.181		6.928	7.250		1.862	6.377		-2.976	-0.525		1.870	2.941		4.441	-7.986		-0.434	6.357		-1.517	2.046		5.951	-5.583		

----------------------

Fourier timestep matrix:
-15.693	6.199		-18.829	-16.800		13.023	2.375		1.828	13.485		-2.624	11.952		-4.719	1.805		1.217	8.868		-10.000	-2.000		-3.020	3.424		15.104	1.705		-7.454	13.713		-3.828	3.485		-2.459	-4.349		-7.556	3.100		1.011	-7.730		102.000	0.000		1.011	7.730		-7.556	-3.100		-2.459	4.349		-3.828	-3.485		-7.454	-13.713		15.104	-1.705		-3.020	-3.424		-10.000	2.000		1.217	-8.868		-4.719	-1.805		-2.624	-11.952		1.828	-13.485		13.023	-2.375		-18.829	16.800		-15.693	-6.199		-14.000	0.000		
-9.570	1.239		-5.603	11.939		-2.752	-8.047		-1.139	-10.313		14.283	-0.381		11.967	4.931		-0.117	-5.768		-7.817	3.784		1.379	0.164		-4.380	-2.320		0.366	11.483		-4.682	-3.785		-2.130	0.384		0.113	-4.344		-1.658	5.089		-1.826	3.034		-1.658	-5.089		0.113	4.344		-2.130	-0.384		-4.682	3.785		0.366	-11.483		-4.380	2.320		1.379	-0.164		-7.817	-3.784		-0.117	5.768		11.967	-4.931		14.283	0.381		-1.139	10.313		-2.752	8.047		-5.603	-11.939		-9.570	-1.239		-3.702	2.198		
2.287	-3.810		-2.284	6.523		5.374	-15.705		6.319	-2.879		-1.587	-3.109		-1.611	-8.267		-2.395	1.160		1.274	1.612		10.941	-0.525		2.939	0.261		8.538	3.319		-3.645	-1.267		-3.400	1.735		-2.619	-9.138		0.058	-7.703		-3.716	6.171		0.058	7.703		-2.619	9.138		-3.400	-1.735		-3.645	1.267		8.538	-3.319		2.939	-0.261		10.941	0.525		1.274	-1.612		-2.395	-1.160		-1.611	8.267		-1.587	3.109		6.319	2.879		5.374	15.705		-2.284	-6.523		2.287	3.810		9.017	11.490		
-3.736	0.079		-12.160	-8.855		-0.634	-2.964		4.838	-6.382		3.665	3.846		3.549	8.767		-0.077	9.158		-1.224	3.159		9.820	2.833		1.951	4.270		-8.841	5.972		3.134	7.283		-3.609	0.530		2.789	-3.903		-1.959	-1.779		0.224	-2.346		-1.959	1.779		2.789	3.903		-3.609	-0.530		3.134	-7.283		-8.841	-5.972		1.951	-4.270		9.820	-2.833		-1.224	-3.159		-0.077	-9.158		3.549	-8.767		3.665	-3.846		4.838	6.382		-0.634	2.964		-12.160	8.855		-3.736	-0.079		5.345	-0.960		
-2.468	0.843		-1.297	8.392		1.162	-3.093		-4.950	-0.050		5.872	4.081		-1.246	10.988		-12.359	-1.883		0.879	1.536		6.845	1.925		-0.118	-2.022		-2.542	-7.735		1.121	-1.879		1.072	4.557		6.039	-6.250		-5.614	4.473		-0.707	9.950		-5.614	-4.473		6.039	6.250		1.072	-4.557		1.121	1.879		-2.542	7.735		-0.118	2.022		6.845	-1.925		0.879	-1.536		-12.359	1.883		-1.246	-10.988		5.872	-4.081		-4.950	0.050		1.162	3.093		-1.297	-8.392		-2.468	-0.843		-6.121	-3.121		
-4.752	14.175		-2.781	-2.163		1.271	3.392		2.764	5.445		9.990	2.152		1.697	3.265		-6.955	9.327		-1.652	-6.148		-0.601	3.782		0.819	-6.935		1.267	-2.898		1.667	-2.516		1.214	-1.220		6.380	-2.340		1.662	2.397		1.957	4.414		1.662	-2.397		6.380	2.340		1.214	1.220		1.667	2.516		1.267	2.898		0.819	6.935		-0.601	-3.782		-1.652	6.148		-6.955	-9.327		1.697	-3.265		9.990	-2.152		2.764	-5.445		1.271	-3.392		-2.781	2.163		-4.752	-14.175		-3.678	-7.446		
-3.889	-3.826		-2.833	7.501		7.277	-3.313		1.573	-9.063		0.244	8.347		-13.191	-5.549		2.521	0.498		-4.709	9.782		-1.685	-1.297		0.087	-3.045		1.761	-2.470		-1.625	0.275		4.138	4.967		8.216	-7.402		-1.265	-4.223		7.191	2.428		-1.265	4.223		8.216	7.402		4.138	-4.967		-1.625	-0.275		1.761	2.470		0.087	3.045		-1.685	1.297		-4.709	-9.782		2.521	-0.498		-13.191	5.549		0.244	-8.347		1.573	9.063		7.277	3.313		-2.833	-7.501		-3.889	3.826		-10.345	-0.750		
1.532	-8.770		0.658	4.136		1.269	12.964		-1.974	-7.157		5.403	-0.908		4.882	-0.821		8.845	-0.929		8.871	-7.335		4.968	-4.192		-3.102	0.483		-4.124	2.344		0.044	5.443		-2.199	0.019		3.913	1.434		5.153	5.597		-6.812	-1.841		5.153	-5.597		3.913	-1.434		-2.199	-0.019		0.044	-5.443		-4.124	-2.344		-3.102	-0.483		4.968	4.192		8.871	7.335		8.845	0.929		4.882	0.821		5.403	0.908		-1.974	7.157		1.269	-12.964		0.658	-4.136		1.532	8.770		8.309	5.446		
-0.674	-4.867		-8.132	-10.574		15.328	0.329		-9.828	1.243		10.330	-3.262		2.562	3.678		2.936	4.473		-9.000	-9.000		0.328	4.470		-4.954	-0.208		4.253	2.928		-6.414	-5.828		-1.961	-6.869		2.660	1.379		-1.938	-2.712		-3.000	3.000		-1.938	2.712		2.660	-1.379		-1.961	6.869		-6.414	5.828		4.253	-2.928		-4.954	0.208		0.328	-4.470		-9.000	9.000		2.936	-4.473		2.562	-3.678		10.330	3.262		-9.828	-1.243		15.328	-0.329		-8.132	10.574		-0.674	4.867		-5.000	5.000		
7.910	-4.228		2.674	-5.105		-0.719	-14.509		-3.316	14.038		4.464	-1.894		6.636	-3.972		-2.074	5.298		5.870	2.598		0.887	-3.937		0.835	7.240		10.437	-1.521		1.102	-1.861		-14.425	-5.330		1.188	1.096		9.886	2.648		-3.279	4.245		9.886	-2.648		1.188	-1.096		-14.425	5.330		1.102	1.861		10.437	1.521		0.835	-7.240		0.887	3.937		5.870	-2.598		-2.074	-5.298		6.636	3.972		4.464	1.894		-3.316	-14.038		-0.719	14.509		2.674	5.105		7.910	4.228		4.179	-3.834		
10.703	22.407		-7.145	12.497		-3.478	-1.058		-7.719	3.256		-2.849	-7.786		3.913	10.754		3.002	6.650		-3.946	-4.153		5.312	5.614		6.948	5.866		4.697	-9.716		-3.585	5.494		11.847	7.325		8.833	-11.328		0.187	-4.612		-12.948	12.671		0.187	4.612		8.833	11.328		11.847	-7.325		-3.585	-5.494		4.697	9.716		6.948	-5.866		5.312	-5.614		-3.946	4.153		3.002	-6.650		3.913	-10.754		-2.849	7.786		-7.719	-3.256		-3.478	1.058		-7.145	-12.497		10.703	-22.407		-1.555	-18.307		
-10.368	12.308		-5.430	-2.260		24.377	2.655		2.295	1.929		-1.405	-8.495		-7.286	-1.452		-8.027	3.618		8.195	-5.546		-2.487	-10.965		10.224	5.679		1.056	-5.938		6.144	-5.234		-8.055	-2.399		0.662	10.571		-4.959	-1.041		-2.480	-0.130		-4.959	1.041		0.662	-10.571		-8.055	2.399		6.144	5.234		1.056	5.938		10.224	-5.679		-2.487	10.965		8.195	5.546		-8.027	-3.618		-7.286	1.452		-1.405	8.495		2.295	-1.929		24.377	-2.655		-5.430	2.260		-10.368	-12.308		4.865	-4.911		
2.913	-8.445		-3.976	-7.176		1.476	0.078		-3.121	6.121		-8.593	2.874		-6.107	1.178		3.306	1.946		-1.121	-1.536		-6.958	-14.106		0.266	1.589		0.851	9.969		4.950	9.950		-11.375	-4.324		-12.935	-7.561		-11.217	0.845		0.707	-0.050		-11.217	-0.845		-12.935	7.561		-11.375	4.324		4.950	-9.950		0.851	-9.969		0.266	-1.589		-6.958	14.106		-1.121	1.536		3.306	-1.946		-6.107	-1.178		-8.593	-2.874		-3.121	-6.121		1.476	-0.078		-3.976	7.176		2.913	8.445		-1.879	-1.121		
7.556	-7.671		-8.003	-2.084		2.575	-9.552		7.520	-7.605		5.783	6.385		-8.464	2.867		4.543	-4.913		-0.366	-13.312		-5.041	-8.886		-0.831	-10.309		-7.058	0.453		5.718	10.850		2.759	1.431		-0.008	0.069		-2.878	8.417		0.784	4.625		-2.878	-8.417		-0.008	-0.069		2.759	-1.431		5.718	-10.850		-7.058	-0.453		-0.831	10.309		-5.041	8.886		-0.366	13.312		4.543	4.913		-8.464	-2.867		5.783	-6.385		7.520	7.605		2.575	9.552		-8.003	2.084		7.556	7.671		-1.360	-18.911		
4.779	-8.989		6.619	16.661		-9.641	7.465		11.636	13.088		3.674	4.169		6.132	-3.639		11.092	-4.210		8.793	-0.772		-9.539	-3.231		1.954	-7.095		4.278	-3.485		2.856	-2.816		13.918	-0.112		4.527	-2.062		3.058	8.329		-10.527	4.413		3.058	-8.329		4.527	2.062		13.918	0.112		2.856	2.816		4.278	3.485		1.954	7.095		-9.539	3.231		8.793	0.772		11.092	4.210		6.132	3.639		3.674	-4.169		11.636	-13.088		-9.641	-7.465		6.619	-16.661		4.779	8.989		-1.118	-2.066		
-8.064	2.093		3.398	1.329		3.087	-7.918		-8.528	0.561		-5.449	-1.388		4.271	-10.624		-15.781	-3.567		-2.688	-5.930		12.474	4.986		1.024	8.376		2.388	2.497		6.913	1.426		1.640	-2.262		-16.231	-4.717		18.667	2.716		-4.568	-19.365		18.667	-2.716		-16.231	4.717		1.640	2.262		6.913	-1.426		2.388	-2.497		1.024	-8.376		12.474	-4.986		-2.688	5.930		-15.781	3.567		4.271	10.624		-5.449	1.388		-8.528	-0.561		3.087	7.918		3.398	-1.329		-8.064	-2.093		2.042	-3.567		
13.887	2.110		5.392	-0.092		-2.859	2.115		-10.071	-6.899		2.117	-2.695		-4.178	6.386		3.353	-7.983		10.000	8.000		-8.146	11.448		2.764	-6.200		2.228	-13.251		4.071	-12.899		1.344	-3.269		-3.978	15.322		-11.922	10.712		-24.000	0.000		-11.922	-10.712		-3.978	-15.322		1.344	3.269		4.071	12.899		2.228	13.251		2.764	6.200		-8.146	-11.448		10.000	-8.000		3.353	7.983		-4.178	-6.386		2.117	2.695		-10.071	6.899		-2.859	-2.115		5.392	0.092		13.887	-2.110		16.000	0.000		
7.561	-2.255		-1.788	6.445		-1.141	-7.422		11.179	9.245		-0.705	7.464		-7.288	-2.649		-7.165	-8.187		4.232	8.433		-4.905	3.521		6.878	0.883		-1.894	-0.937		-6.744	-4.051		7.708	0.974		2.004	2.227		-2.528	-3.182		-4.568	19.365		-2.528	3.182		2.004	-2.227		7.708	-0.974		-6.744	4.051		-1.894	0.937		6.878	-0.883		-4.905	-3.521		4.232	-8.433		-7.165	8.187		-7.288	2.649		-0.705	-7.464		11.179	-9.245		-1.141	7.422		-1.788	-6.445		7.561	2.255		2.042	3.567		
-2.553	-9.960		0.542	-1.940		-16.942	10.603		8.167	0.051		-5.602	-8.852		9.243	-11.205		-2.618	3.678		-7.517	3.459		1.755	10.891		-12.013	-4.252		-12.963	-15.102		0.816	14.095		-5.042	-1.417		-12.674	7.341		4.908	13.563		-10.527	-4.413		4.908	-13.563		-12.674	-7.341		-5.042	1.417		0.816	-14.095		-12.963	15.102		-12.013	4.252		1.755	-10.891		-7.517	-3.459		-2.618	-3.678		9.243	11.205		-5.602	8.852		8.167	-0.051		-16.942	-10.603		0.542	1.940		-2.553	9.960		-1.118	2.066		
7.163	7.138		-0.012	8.971		-0.670	3.814		-15.415	-2.537		2.290	12.689		-6.611	-20.226		3.777	-17.313		3.894	-4.277		6.930	-4.870		-2.233	-4.552		-10.236	-2.504		2.361	3.818		13.507	5.444		1.211	1.903		-9.184	-7.073		0.784	-4.625		-9.184	7.073		1.211	-1.903		13.507	-5.444		2.361	-3.818		-10.236	2.504		-2.233	4.552		6.930	4.870		3.894	4.277		3.777	17.313		-6.611	20.226		2.290	-12.689		-15.415	2.537		-0.670	-3.814		-0.012	-8.971		7.163	-7.138		-1.360	18.911		
-0.596	-0.799		7.521	12.339		4.804	3.578		3.536	5.950		-10.051	-11.540		5.492	3.003		6.078	-8.816		5.121	-5.536		1.194	-7.723		14.350	5.764		4.821	-3.372		3.121	-0.707		0.411	2.273		-4.610	10.238		11.624	-12.078		0.707	0.050		11.624	12.078		-4.610	-10.238		0.411	-2.273		3.121	0.707		4.821	3.372		14.350	-5.764		1.194	7.723		5.121	5.536		6.078	8.816		5.492	-3.003		-10.051	11.540		3.536	-5.950		4.804	-3.578		7.521	-12.339		-0.596	0.799		-1.879	1.121		
4.597	0.959		6.781	4.163		4.706	-5.789		-5.557	-3.929		-13.116	4.658		5.413	-10.375		-3.663	5.757		-15.830	-6.212		9.979	-6.470		2.243	1.819		-3.418	9.448		4.043	-12.496		-0.158	6.315		-5.038	5.285		1.694	5.339		-2.480	0.130		1.694	-5.339		-5.038	-5.285		-0.158	-6.315		4.043	12.496		-3.418	-9.448		2.243	-1.819		9.979	6.470		-15.830	6.212		-3.663	-5.757		5.413	10.375		-13.116	-4.658		-5.557	3.929		4.706	5.789		6.781	-4.163		4.597	-0.959		4.865	4.911		
0.959	7.059		11.979	8.892		-2.635	-5.923		1.256	1.892		-9.911	-5.090		-5.540	3.806		5.252	9.485		-7.191	15.774		-2.575	-6.475		3.080	8.783		-6.489	-7.890		-0.860	-3.103		0.997	4.429		-11.616	9.415		11.078	5.792		-12.948	-12.671		11.078	-5.792		-11.616	-9.415		0.997	-4.429		-0.860	3.103		-6.489	7.890		3.080	-8.783		-2.575	6.475		-7.191	-15.774		5.252	-9.485		-5.540	-3.806		-9.911	5.090		1.256	-1.892		-2.635	5.923		11.979	-8.892		0.959	-7.059		-1.555	18.307		
-3.416	-11.195		-1.603	-5.081		-8.607	-5.868		8.103	2.783		-5.440	0.820		6.276	17.040		-15.514	1.071		5.567	1.205		-4.662	0.107		-10.063	4.627		-7.306	3.553		0.440	-3.479		3.304	-9.359		3.478	-0.707		-2.812	-5.368		-3.279	-4.245		-2.812	5.368		3.478	0.707		3.304	9.359		0.440	3.479		-7.306	-3.553		-10.063	-4.627		-4.662	-0.107		5.567	-1.205		-15.514	-1.071		6.276	-17.040		-5.440	-0.820		8.103	-2.783		-8.607	5.868		-1.603	5.081		-3.416	11.195		4.179	3.834		
-1.031	15.762		11.582	-17.692		2.592	9.961		-3.586	0.172		6.268	-13.196		1.540	-8.451		2.922	1.949		9.000	-13.000		-11.766	0.141		3.196	-1.251		3.181	7.708		-4.172	7.243		1.950	2.311		7.546	-10.331		-16.719	-14.145		-3.000	-3.000		-16.719	14.145		7.546	10.331		1.950	-2.311		-4.172	-7.243		3.181	-7.708		3.196	1.251		-11.766	-0.141		9.000	13.000		2.922	-1.949		1.540	8.451		6.268	13.196		-3.586	-0.172		2.592	-9.961		11.582	17.692		-1.031	-15.762		-5.000	-5.000		
-10.584	-2.271		-10.440	5.270		-5.558	0.218		0.104	-10.142		-2.823	-1.921		-3.361	6.253		-2.000	-10.943		-1.800	8.985		-0.006	-3.976		3.165	-5.240		0.896	0.261		-4.503	-4.445		-4.135	7.356		3.524	6.911		1.887	2.388		-6.812	1.841		1.887	-2.388		3.524	-6.911		-4.135	-7.356		-4.503	4.445		0.896	-0.261		3.165	5.240		-0.006	3.976		-1.800	-8.985		-2.000	10.943		-3.361	-6.253		-2.823	1.921		0.104	10.142		-5.558	-0.218		-10.440	-5.270		-10.584	2.271		8.309	-5.446		
-8.813	-19.181		6.545	-6.485		-6.924	13.592		10.890	3.573		-5.801	-1.577		2.577	-6.673		2.197	3.345		6.189	-4.918		1.154	6.026		-11.531	-6.922		2.238	-4.793		4.757	4.991		-6.424	1.755		-0.322	2.063		9.805	4.706		7.191	-2.428		9.805	-4.706		-0.322	-2.063		-6.424	-1.755		4.757	-4.991		2.238	4.793		-11.531	6.922		1.154	-6.026		6.189	4.918		2.197	-3.345		2.577	6.673		-5.801	1.577		10.890	-3.573		-6.924	-13.592		6.545	6.485		-8.813	19.181		-10.345	0.750		
3.059	2.257		10.307	2.377		-10.926	13.556		-0.889	-7.152		-5.007	-5.627		-5.277	-1.774		4.910	14.467		-0.036	-0.165		2.276	4.438		-8.771	4.821		2.345	7.755		-10.468	-3.039		-4.141	-6.354		10.962	-4.338		1.388	1.524		1.957	-4.414		1.388	-1.524		10.962	4.338		-4.141	6.354		-10.468	3.039		2.345	-7.755		-8.771	-4.821		2.276	-4.438		-0.036	0.165		4.910	-14.467		-5.277	1.774		-5.007	5.627		-0.889	7.152		-10.926	-13.556		10.307	-2.377		3.059	-2.257		-3.678	7.446		
1.859	7.902		8.204	-4.836		5.372	-7.092		-1.121	-0.707		-3.809	-2.589		-2.468	-2.122		3.108	-2.477		3.121	5.536		-5.544	4.345		-10.168	-3.597		2.999	4.416		-3.536	3.950		7.532	1.418		1.054	0.978		7.829	1.931		-0.707	-9.950		7.829	-1.931		1.054	-0.978		7.532	-1.418		-3.536	-3.950		2.999	-4.416		-10.168	3.597		-5.544	-4.345		3.121	-5.536		3.108	2.477		-2.468	2.122		-3.809	2.589		-1.121	0.707		5.372	7.092		8.204	4.836		1.859	-7.902		-6.121	3.121		
2.984	-5.379		-1.278	1.974		-6.254	0.511		-3.555	3.261		-3.556	2.542		2.526	8.805		4.317	-3.953		1.362	9.874		-0.590	11.051		3.050	3.083		9.666	4.069		-4.600	-4.323		0.613	0.082		3.617	2.876		-11.379	-9.154		0.224	2.346		-11.379	9.154		3.617	-2.876		0.613	-0.082		-4.600	4.323		9.666	-4.069		3.050	-3.083		-0.590	-11.051		1.362	-9.874		4.317	3.953		2.526	-8.805		-3.556	-2.542		-3.555	-3.261		-6.254	-0.511		-1.278	-1.974		2.984	5.379		5.345	0.960		
4.099	-4.793		7.017	-28.115		-20.732	2.510		-4.808	-6.603		12.142	3.691		-1.058	-4.353		-0.618	-4.671		-0.894	-4.784		-7.292	-2.915		-3.243	1.966		-0.215	1.181		5.972	1.645		-5.742	5.994		-3.471	-16.668		-6.649	0.463		-3.716	-6.171		-6.649	-0.463		-3.471	16.668		-5.742	-5.994		5.972	-1.645		-0.215	-1.181		-3.243	-1.966		-7.292	2.915		-0.894	4.784		-0.618	4.671		-1.058	4.353		12.142	-3.691		-4.808	6.603		-20.732	-2.510		7.017	28.115		4.099	4.793		9.017	-11.490		
2.361	3.910		4.375	-0.151		6.780	8.535		3.570	-4.672		1.805	4.639		-0.271	8.624		5.984	-5.132		-6.579	10.888		-1.425	0.403		-9.470	-3.267		4.276	-9.455		-0.568	-6.219		1.302	-12.035		2.341	8.882		2.787	-6.130		-1.826	-3.034		2.787	6.130		2.341	-8.882		1.302	12.035		-0.568	6.219		4.276	9.455		-9.470	3.267		-1.425	-0.403		-6.579	-10.888		5.984	5.132		-0.271	-8.624		1.805	-4.639		3.570	4.672		6.780	-8.535		4.375	0.151		2.361	-3.910		-3.702	-2.198		

-3.726	3.875		-1.150	-6.249		2.119	7.124		-4.879	-3.293		10.978	7.425		-4.639	-1.247		9.311	8.090		11.000	-17.000		-1.002	1.549		8.296	7.238		-8.530	3.311		-9.121	4.707		-0.567	-2.647		-6.507	2.236		-0.583	-8.323		102.000	0.000		-0.583	8.323		-6.507	-2.236		-0.567	2.647		-9.121	-4.707		-8.530	-3.311		8.296	-7.238		-1.002	-1.549		11.000	17.000		9.311	-8.090		-4.639	1.247		10.978	-7.425		-4.879	3.293		2.119	-7.124		-1.150	6.249		-3.726	-3.875		-8.000	0.000		
7.310	1.285		3.359	6.326		6.771	-8.119		-5.600	-7.850		-0.704	-16.450		9.488	-4.692		6.375	0.414		-0.309	10.404		1.117	9.386		-3.238	0.749		6.376	-0.301		-7.525	0.612		-2.065	-3.195		-0.224	-9.991		-1.787	5.697		-3.979	2.400		-1.787	-5.697		-0.224	9.991		-2.065	3.195		-7.525	-0.612		6.376	0.301		-3.238	-0.749		1.117	-9.386		-0.309	-10.404		6.375	-0.414		9.488	4.692		-0.704	16.450		-5.600	7.850		6.771	8.119		3.359	-6.326		7.310	-1.285		13.938	-8.513		
5.705	-4.749		-6.430	2.878		-2.243	0.668		3.787	4.624		-0.428	-0.022		-2.519	-8.273		-4.971	-6.361		5.044	-3.759		-2.371	6.182		5.044	-4.251		2.544	6.102		-6.560	5.594		1.410	1.744		-1.150	-4.879		1.846	-4.753		-5.784	9.850		1.846	4.753		-1.150	4.879		1.410	-1.744		-6.560	-5.594		2.544	-6.102		5.044	4.251		-2.371	-6.182		5.044	3.759		-4.971	6.361		-2.519	8.273		-0.428	0.022		3.787	-4.624		-2.243	-0.668		-6.430	-2.878		5.705	4.749		14.577	21.956		
12.405	-8.364		-14.167	-8.292		-4.404	10.850		3.715	0.208		10.200	3.462		-4.324	13.919		1.050	-3.017		1.083	-2.180		12.980	6.357		0.433	2.965		-4.243	3.940		5.642	7.803		-0.873	-5.176		1.879	1.306		-3.512	3.439		-1.281	0.863		-3.512	-3.439		1.879	-1.306		-0.873	5.176		5.642	-7.803		-4.243	-3.940		0.433	-2.965		12.980	-6.357		1.083	2.180		1.050	3.017		-4.324	-13.919		10.200	-3.462		3.715	-0.208		-4.404	-10.850		-14.167	8.292		12.405	8.364		6.422	-4.961		
-3.077	0.138		7.775	-1.153		-0.814	3.605		3.536	4.879		-0.464	-3.535		-2.506	2.848		-5.608	-6.563		-0.586	-7.757		3.919	8.407		1.630	-2.603		0.717	-5.755		5.950	3.293		-1.540	-1.757		2.872	-6.597		-0.414	5.382		-1.172	3.757		-0.414	-5.382		2.872	6.597		-1.540	1.757		5.950	-3.293		0.717	5.755		1.630	2.603		3.919	-8.407		-0.586	7.757		-5.608	6.563		-2.506	-2.848		-0.464	3.535		3.536	-4.879		-0.814	-3.605		7.775	1.153		-3.077	-0.138		-3.414	-4.343		
6.504	1.479		-5.178	8.215		3.340	2.381		9.997	-0.659		6.681	-4.590		2.332	0.806		1.723	0.999		-6.572	0.973		-0.315	0.983		-4.443	-7.063		9.845	5.597		-4.075	-0.750		0.989	-10.973		5.383	2.714		9.741	10.108		7.303	1.193		9.741	-10.108		5.383	-2.714		0.989	10.973		-4.075	0.750		9.845	-5.597		-4.443	7.063		-0.315	-0.983		-6.572	-0.973		1.723	-0.999		2.332	-0.806		6.681	4.590		9.997	0.659		3.340	-2.381		-5.178	-8.215		6.504	-1.479		4.986	3.194		
-10.798	6.706		3.224	1.573		10.743	7.517		-2.218	2.676		4.598	5.857		-4.403	-5.515		0.213	2.654		-4.754	6.945		5.868	-9.185		6.782	2.275		-11.459	-3.324		1.736	-6.920		5.372	-2.613		2.087	-9.633		1.012	-8.565		1.936	-4.755		1.012	8.565		2.087	9.633		5.372	2.613		1.736	6.920		-11.459	3.324		6.782	-2.275		5.868	9.185		-4.754	-6.945		0.213	-2.654		-4.403	5.515		4.598	-5.857		-2.218	-2.676		10.743	-7.517		3.224	-1.573		-10.798	-6.706		-2.280	14.903		
3.277	-13.260		5.113	2.019		-0.620	11.794		-5.279	3.669		3.680	-12.458		-6.753	-0.409		5.351	-6.621		-5.031	-2.042		-1.467	-6.865		-0.427	9.561		0.230	-2.377		-9.055	9.851		5.934	3.206		1.647	6.491		1.329	3.023		-0.304	5.971		1.329	-3.023		1.647	-6.491		5.934	-3.206		-9.055	-9.851		0.230	2.377		-0.427	-9.561		-1.467	6.865		-5.031	2.042		5.351	6.621		-6.753	0.409		3.680	12.458		-5.279	-3.669		-0.620	-11.794		5.113	-2.019		3.277	13.260		8.643	7.595		
10.200	5.383		5.076	-16.036		-5.663	-4.750		-2.121	-1.121		1.465	-1.497		-0.281	7.368		2.888	11.771		-1.000	-1.000		-2.513	4.097		6.383	-0.683		2.365	-5.522		1.192	-2.536		4.220	-7.964		7.131	3.144		-6.074	8.384		-4.000	-4.000		-6.074	-8.384		7.131	-3.144		4.220	7.964		1.192	2.536		2.365	5.522		6.383	0.683		-2.513	-4.097		-1.000	1.000		2.888	-11.771		-0.281	-7.368		1.465	1.497		-2.121	1.121		-5.663	4.750		5.076	16.036		10.200	-5.383		4.000	-2.000		
-1.392	-2.786		1.218	-1.453		9.630	-9.588		4.780	14.377		9.556	-10.504		12.062	0.435		-7.505	-1.783		12.469	7.324		9.541	-3.873		3.870	3.181		-2.673	-1.575		-0.991	-7.770		6.085	2.050		7.651	6.783		2.613	0.202		-2.337	-1.372		2.613	-0.202		7.651	-6.783		6.085	-2.050		-0.991	7.770		-2.673	1.575		3.870	-3.181		9.541	3.873		12.469	-7.324		-7.505	1.783		12.062	-0.435		9.556	10.504		4.780	-14.377		9.630	9.588		1.218	1.453		-1.392	2.786		-0.096	-1.709		
7.754	0.776		-2.188	-2.219		-4.784	0.016		10.549	-3.404		-2.073	-2.361		3.218	1.103		-8.491	-2.369		-4.739	8.207		-0.873	3.093		8.160	-10.929		1.164	-0.186		-6.563	5.110		-1.417	8.094		7.948	-1.256		-8.131	-7.075		4.549	1.245		-8.131	7.075		7.948	1.256		-1.417	-8.094		-6.563	-5.110		1.164	0.186		8.160	10.929		-0.873	-3.093		-4.739	-8.207		-8.491	2.369		3.218	-1.103		-2.073	2.361		10.549	3.404		-4.784	-0.016		-2.188	2.219		7.754	-0.776		0.967	-12.553		
-0.841	12.015		1.851	-6.790		0.820	10.857		-0.758	-8.420		-4.238	-1.016		-10.489	13.141		0.931	7.737		0.268	5.760		1.829	-2.879		10.032	-5.510		-0.490	-7.558		5.982	-5.125		-3.136	6.546		-1.244	-1.981		-0.629	-0.088		0.276	-1.253		-0.629	0.088		-1.244	1.981		-3.136	-6.546		5.982	5.125		-0.490	7.558		10.032	5.510		1.829	2.879		0.268	-5.760		0.931	-7.737		-10.489	-13.141		-4.238	1.016		-0.758	8.420		0.820	-10.857		1.851	6.790		-0.841	-12.015		-2.760	-6.439		
8.864	0.283		-2.195	9.990		-2.779	11.181		-3.950	-4.707		-12.885	-3.607		-3.102	-4.612		2.606	-4.737		4.000	7.657		-4.310	-6.503		-3.557	8.570		-6.291	5.652		-3.536	-9.121		-5.865	-3.732		-6.167	-5.140		7.110	-3.072		-6.828	-12.243		7.110	3.072		-6.167	5.140		-5.865	3.732		-3.536	9.121		-6.291	-5.652		-3.557	-8.570		-4.310	6.503		4.000	-7.657		2.606	4.737		-3.102	4.612		-12.885	3.607		-3.950	4.707		-2.779	-11.181		-2.195	-9.990		8.864	-0.283		-0.586	15.657		
2.232	4.125		-6.431	-5.782		-3.077	-3.789		5.666	5.930		10.919	6.831		1.263	-5.411		9.433	-13.394		10.141	-11.433		-4.097	2.245		-3.901	-11.101		-5.638	1.712		4.008	9.701		6.899	0.568		12.658	-6.188		4.631	2.569		4.531	-8.411		4.631	-2.569		12.658	6.188		6.899	-0.568		4.008	-9.701		-5.638	-1.712		-3.901	11.101		-4.097	-2.245		10.141	11.433		9.433	13.394		1.263	5.411		10.919	-6.831		5.666	-5.930		-3.077	3.789		-6.431	5.782		2.232	-4.125		-1.134	-10.110		
-10.441	-0.101		11.150	1.949		1.837	8.968		-1.767	2.945		15.389	3.504		7.340	1.506		-1.787	-2.011		13.532	-1.110		0.895	5.255		-6.794	1.384		13.093	-9.671		1.299	4.588		12.865	11.937		18.673	5.464		7.955	-11.468		-4.701	3.850		7.955	11.468		18.673	-5.464		12.865	-11.937		1.299	-4.588		13.093	9.671		-6.794	-1.384		0.895	-5.255		13.532	1.110		-1.787	2.011		7.340	-1.506		15.389	-3.504		-1.767	-2.945		1.837	-8.968		11.150	-1.949		-10.441	0.101		6.737	-1.500		
1.103	2.779		2.571	-17.730		0.333	-3.016		1.428	0.976		-8.284	-0.124		-6.194	-7.210		-9.539	-9.238		-1.037	-4.688		6.039	7.640		11.931	3.653		-9.247	9.605		1.450	5.752		3.432	-2.313		-13.185	0.850		9.113	-11.281		11.791	-3.772		9.113	11.281		-13.185	-0.850		3.432	2.313		1.450	-5.752		-9.247	-9.605		11.931	-3.653		6.039	-7.640		-1.037	4.688		-9.539	9.238		-6.194	7.210		-8.284	0.124		1.428	-0.976		0.333	3.016		2.571	17.730		1.103	-2.779		2.000	-5.332		
3.510	13.376		-4.313	7.944		23.802	3.651		-17.950	0.464		-0.570	1.929		-3.455	1.716		4.609	-6.586		9.000	5.000		-14.342	5.988		1.455	-10.769		3.215	2.199		-8.050	-7.536		-5.478	8.607		2.313	3.459		-6.748	-1.363		-6.000	0.000		-6.748	1.363		2.313	-3.459		-5.478	-8.607		-8.050	7.536		3.215	-2.199		1.455	10.769		-14.342	-5.988		9.000	-5.000		4.609	6.586		-3.455	-1.716		-0.570	-1.929		-17.950	-0.464		23.802	-3.651		-4.313	-7.944		3.510	-13.376		0.000	0.000		
5.416	2.142		0.884	7.308		7.203	-9.430		1.241	10.045		-4.678	-4.986		-9.360	-2.086		1.217	7.396		11.401	14.797		-7.015	-7.783		7.531	0.809		11.841	6.671		-1.684	-14.179		-4.338	-0.662		1.561	-13.416		-5.410	-11.868		11.791	3.772		-5.410	11.868		1.561	13.416		-4.338	0.662		-1.684	14.179		11.841	-6.671		7.531	-0.809		-7.015	7.783		11.401	-14.797		1.217	-7.396		-9.360	2.086		-4.678	4.986		1.241	-10.045		7.203	9.430		0.884	-7.308		5.416	-2.142		2.000	5.332		
2.851	-4.018		1.117	5.888		-6.586	3.548		-11.444	1.376		2.704	-12.183		19.342	-0.816		-2.001	8.185		10.270	2.102		14.607	0.830		-17.723	3.665		-7.377	-0.089		-5.926	4.063		7.617	-4.934		4.459	10.344		-6.057	2.829		-4.701	-3.850		-6.057	-2.829		4.459	-10.344		7.617	4.934		-5.926	-4.063		-7.377	0.089		-17.723	-3.665		14.607	-0.830		10.270	-2.102		-2.001	-8.185		19.342	0.816		2.704	12.183		-11.444	-1.376		-6.586	-3.548		1.117	-5.888		2.851	4.018		6.737	1.500		
7.704	15.825		2.671	6.077		4.995	-3.086		-8.367	-2.080		-10.605	5.852		0.081	-14.738		-0.618	-9.372		13.304	-10.105		3.285	8.824		9.622	-6.084		7.061	4.522		0.882	3.947		-7.785	0.857		10.977	-4.974		-13.756	-0.362		4.531	8.411		-13.756	0.362		10.977	4.974		-7.785	-0.857		0.882	-3.947		7.061	-4.522		9.622	6.084		3.285	-8.824		13.304	10.105		-0.618	9.372		0.081	14.738		-10.605	-5.852		-8.367	2.080		4.995	3.086		2.671	-6.077		7.704	-15.825		-1.134	10.110		
2.613	4.253		11.096	13.931		-4.687	-5.134		-0.364	-4.536		7.325	-11.025		-2.343	4.813		2.549	-9.634		-3.414	-16.243		-5.501	0.423		5.688	6.459		14.951	11.937		0.050	-0.121		2.917	4.059		-14.047	-5.081		9.383	0.585		-6.828	12.243		9.383	-0.585		-14.047	5.081		2.917	-4.059		0.050	0.121		14.951	-11.937		5.688	-6.459		-5.501	-0.423		-3.414	16.243		2.549	9.634		-2.343	-4.813		7.325	11.025		-0.364	4.536		-4.687	5.134		11.096	-13.931		2.613	-4.253		-0.586	-15.657		
-7.268	9.835		12.807	-6.711		-6.295	4.175		-17.059	6.646		-3.572	-0.442		-2.730	1.045		-3.638	13.700		-4.504	-15.375		8.948	1.824		0.201	1.759		5.678	-3.098		-5.696	2.263		1.599	6.660		-1.200	4.727		4.111	-2.627		0.276	1.253		4.111	2.627		-1.200	-4.727		1.599	-6.660		-5.696	-2.263		5.678	3.098		0.201	-1.759		8.948	-1.824		-4.504	15.375		-3.638	-13.700		-2.730	-1.045		-3.572	0.442		-17.059	-6.646		-6.295	-4.175		12.807	6.711		-7.268	-9.835		-2.760	6.439		
18.123	-11.751		14.431	7.486		-8.628	-0.008		6.704	-1.019		8.391	-3.565		-8.128	13.055		2.953	2.865		-5.388	3.883		9.764	-5.718		11.769	0.111		-0.768	-1.524		1.921	0.920		3.278	-3.363		-14.964	13.047		11.983	-6.513		4.549	-1.245		11.983	6.513		-14.964	-13.047		3.278	3.363		1.921	-0.920		-0.768	1.524		11.769	-0.111		9.764	5.718		-5.388	-3.883		2.953	-2.865		-8.128	-13.055		8.391	3.565		6.704	1.019		-8.628	0.008		14.431	-7.486		18.123	11.751		0.967	12.553		
-0.584	1.649		-8.106	3.545		9.674	-9.486		17.477	6.766		-0.493	2.498		20.602	7.139		-0.626	-3.544		2.010	-2.882		-7.752	-2.753		-4.671	-12.339		-5.954	11.313		-2.336	10.258		3.234	-8.146		2.596	-5.342		5.217	-0.574		-2.337	1.372		5.217	0.574		2.596	5.342		3.234	8.146		-2.336	-10.258		-5.954	-11.313		-4.671	12.339		-7.752	2.753		2.010	2.882		-0.626	3.544		20.602	-7.139		-0.493	-2.498		17.477	-6.766		9.674	9.486		-8.106	-3.545		-0.584	-1.649		-0.096	1.709		
0.898	-1.058		-1.474	-7.342		-8.959	2.775		-17.192	-4.536		-1.214	-7.776		5.617	6.489		7.556	5.054		9.000	-7.000		11.945	7.556		-5.376	13.854		-4.040	7.077		2.121	-3.121		2.856	-4.840		6.924	-3.207		0.070	1.113		-4.000	4.000		0.070	-1.113		6.924	3.207		2.856	4.840		2.121	3.121		-4.040	-7.077		-5.376	-13.854		11.945	-7.556		9.000	7.000		7.556	-5.054		5.617	-6.489		-1.214	7.776		-17.192	4.536		-8.959	-2.775		-1.474	7.342		0.898	1.058		4.000	2.000		
-12.108	13.086		-6.937	3.900		-5.543	-2.773		-6.077	-10.914		4.857	12.664		-1.158	-0.181		6.530	-14.790		2.581	0.930		-4.359	-8.892		-3.195	4.846		-1.024	-2.039		-9.115	-3.633		-2.121	-6.876		1.148	1.812		-0.517	4.876		-0.304	-5.971		-0.517	-4.876		1.148	-1.812		-2.121	6.876		-9.115	3.633		-1.024	2.039		-3.195	-4.846		-4.359	8.892		2.581	-0.930		6.530	14.790		-1.158	0.181		4.857	-12.664		-6.077	10.914		-5.543	2.773		-6.937	-3.900		-12.108	-13.086		8.643	-7.595		
-8.750	-11.136		-9.421	-1.195		10.043	-5.992		7.936	-1.425		-11.466	-1.083		2.716	4.798		-7.860	-8.204		-2.574	1.450		9.706	1.021		-4.115	0.327		5.879	2.479		8.219	-2.281		-5.558	-5.303		-1.117	9.143		6.211	-2.300		1.936	4.755		6.211	2.300		-1.117	-9.143		-5.558	5.303		8.219	2.281		5.879	-2.479		-4.115	-0.327		9.706	-1.021		-2.574	-1.450		-7.860	8.204		2.716	-4.798		-11.466	1.083		7.936	1.425		10.043	5.992		-9.421	1.195		-8.750	11.136		-2.280	-14.903		
-0.509	5.195		13.717	4.646		1.381	2.238		8.724	1.321		-7.534	-1.274		5.434	-19.312		4.817	-1.289		5.830	9.354		-11.055	3.663		10.116	-2.225		11.187	15.604		-6.850	-0.969		-3.925	-11.919		0.317	2.617		5.322	-1.819		7.303	-1.193		5.322	1.819		0.317	-2.617		-3.925	11.919		-6.850	0.969		11.187	-15.604		10.116	2.225		-11.055	-3.663		5.830	-9.354		4.817	1.289		5.434	19.312		-7.534	1.274		8.724	-1.321		1.381	-2.238		13.717	-4.646		-0.509	-5.195		4.986	-3.194		
5.105	6.778		11.028	5.646		2.574	-2.128		9.950	-4.121		-2.939	4.366		17.441	-7.532		5.804	-3.636		4.000	-3.657		9.402	6.183		-5.251	3.777		0.602	1.321		12.364	-2.536		2.550	-9.344		-2.361	1.918		0.182	-3.617		-1.172	-3.757		0.182	3.617		-2.361	-1.918		2.550	9.344		12.364	2.536		0.602	-1.321		-5.251	-3.777		9.402	-6.183		4.000	3.657		5.804	3.636		17.441	7.532		-2.939	-4.366		9.950	4.121		2.574	2.128		11.028	-5.646		5.105	-6.778		-3.414	4.343		
-5.002	-7.750		-2.784	-4.410		-2.359	11.651		-6.605	-8.603		-1.557	2.067		-9.411	-1.637		10.770	5.332		-1.208	8.380		-5.921	16.429		-4.215	3.758		-0.912	6.017		0.107	0.100		5.047	3.304		0.744	0.044		-3.255	-3.367		-1.281	-0.863		-3.255	3.367		0.744	-0.044		5.047	-3.304		0.107	-0.100		-0.912	-6.017		-4.215	-3.758		-5.921	-16.429		-1.208	-8.380		10.770	-5.332		-9.411	1.637		-1.557	-2.067		-6.605	8.603		-2.359	-11.651		-2.784	4.410		-5.002	7.750		6.422	4.961		
-9.710	-1.823		-6.944	-16.970		1.136	4.889		-7.890	-0.117		10.491	-7.945		-2.176	-0.921		-7.465	-8.025		4.610	6.281		-3.502	-3.431		-2.514	-3.645		-3.369	-0.268		0.216	-5.416		2.230	2.731		-4.874	-6.839		-4.868	0.435		-5.784	-9.850		-4.868	-0.435		-4.874	6.839		2.230	-2.731		0.216	5.416		-3.369	0.268		-2.514	3.645		-3.502	3.431		4.610	-6.281		-7.465	8.025		-2.176	0.921		10.491	7.945		-7.890	0.117		1.136	-4.889		-6.944	16.970		-9.710	1.823		14.577	-21.956		
-5.368	1.066		0.631	3.012		3.037	4.666		-7.970	-0.097		-1.532	4.731		9.033	4.409		5.421	1.721		7.573	6.783		-1.450	-4.799		-7.521	-1.742		7.267	-16.518		1.941	-6.547		-1.867	-9.860		0.075	8.425		5.912	-4.863		-3.979	-2.400		5.912	4.863		0.075	-8.425		-1.867	9.860		1.941	6.547		7.267	16.518		-7.521	1.742		-1.450	4.799		7.573	-6.783		5.421	-1.721		9.033	-4.409		-1.532	-4.731		-7.970	0.097		3.037	-4.666		0.631	-3.012		-5.368	-1.066		13.938	8.513		

-9.563	-5.418		-2.088	-6.729		0.063	4.477		-2.586	4.828		2.013	4.829		3.467	-9.046		4.015	5.126		-2.000	-14.000		-4.651	-3.963		3.018	4.268		-0.455	-3.058		-5.414	0.828		-6.793	-4.582		-8.397	2.585		-0.629	-7.678		102.000	0.000		-0.629	7.678		-8.397	-2.585		-6.793	4.582		-5.414	-0.828		-0.455	3.058		3.018	-4.268		-4.651	3.963		-2.000	14.000		4.015	-5.126		3.467	9.046		2.013	-4.829		-2.586	-4.828		0.063	-4.477		-2.088	6.729		-9.563	5.418		-10.000	0.000		
10.341	1.421		3.479	-4.105		-4.633	1.964		-12.665	-7.178		14.711	-17.485		10.602	-7.392		9.215	-3.439		-6.177	3.622		1.681	9.230		-5.804	-1.030		3.968	0.491		1.961	2.631		-1.181	-6.067		-0.457	-11.874		-1.551	5.750		-4.070	2.695		-1.551	-5.750		-0.457	11.874		-1.181	6.067		1.961	-2.631		3.968	-0.491		-5.804	1.030		1.681	-9.230		-6.177	-3.622		9.215	3.439		10.602	7.392		14.711	17.485		-12.665	7.178		-4.633	-1.964		3.479	4.105		10.341	-1.421		-1.681	7.607		
-6.714	-9.897		3.842	0.855		3.333	-14.882		-4.410	14.909		-4.222	-6.964		2.407	-5.908		-6.348	-2.181		8.844	-4.991		4.357	8.348		4.390	-0.407		1.904	0.606		-0.937	1.154		5.774	0.497		2.164	-3.665		0.418	-5.556		-2.184	8.464		0.418	5.556		2.164	3.665		5.774	-0.497		-0.937	-1.154		1.904	-0.606		4.390	0.407		4.357	-8.348		8.844	4.991		-6.348	2.181		2.407	5.908		-4.222	6.964		-4.410	-14.909		3.333	14.882		3.842	-0.855		-6.714	9.897		0.169	4.057		
7.893	-9.325		3.789	-4.954		-5.286	3.508		11.427	4.210		-10.278	4.777		-8.882	1.273		0.546	-4.346		2.911	2.457		-9.720	3.061		1.191	-2.756		-0.682	4.365		-1.749	13.938		-0.944	-5.785		5.561	-0.861		-5.204	0.605		-8.296	-4.876		-5.204	-0.605		5.561	0.861		-0.944	5.785		-1.749	-13.938		-0.682	-4.365		1.191	2.756		-9.720	-3.061		2.911	-2.457		0.546	4.346		-8.882	-1.273		-10.278	-4.777		11.427	-4.210		-5.286	-3.508		3.789	4.954		7.893	9.325		-2.631	1.943		
9.058	2.767		-12.367	10.691		-3.248	-3.868		2.707	14.293		-2.255	1.238		-7.135	-8.042		-1.440	-1.161		11.950	-2.464		4.348	-0.558		-8.980	-1.707		1.675	-3.889		0.121	-3.121		-0.194	-1.684		3.320	-4.853		3.275	0.798		-2.050	-4.707		3.275	-0.798		3.320	4.853		-0.194	1.684		0.121	3.121		1.675	3.889		-8.980	1.707		4.348	0.558		11.950	2.464		-1.440	1.161		-7.135	8.042		-2.255	-1.238		2.707	-14.293		-3.248	3.868		-12.367	-10.691		9.058	-2.767		-9.707	1.293		
9.496	-6.908		4.683	-3.320		3.537	2.845		8.054	4.148		-2.276	4.926		10.965	4.127		-12.879	-2.260		-6.785	-9.016		8.145	5.105		-11.683	-2.037		4.414	-0.543		7.083	-1.226		-1.491	-4.337		2.946	4.909		2.291	4.318		3.294	1.196		2.291	-4.318		2.946	-4.909		-1.491	4.337		7.083	1.226		4.414	0.543		-11.683	2.037		8.145	-5.105		-6.785	9.016		-12.879	2.260		10.965	-4.127		-2.276	-4.926		8.054	-4.148		3.537	-2.845		4.683	3.320		9.496	6.908		-3.204	-4.809		
-1.407	-14.275		-3.032	1.145		-1.466	-0.732		4.095	9.852		-1.274	-11.038		-13.152	4.479		-0.155	2.735		-0.093	6.863		7.532	-9.856		12.073	-2.219		-6.357	2.525		3.420	-1.768		-0.245	-0.900		0.087	-2.820		-0.858	-0.568		-1.744	0.993		-0.858	0.568		0.087	2.820		-0.245	0.900		3.420	1.768		-6.357	-2.525		12.073	2.219		7.532	9.856		-0.093	-6.863		-0.155	-2.735		-13.152	-4.479		-1.274	11.038		4.095	-9.852		-1.466	0.732		-3.032	-1.145		-1.407	14.275		8.233	-0.024		
3.205	2.446		9.997	-9.959		-6.066	1.801		1.132	-1.279		8.674	-7.681		-7.050	-1.192		0.958	5.375		-4.681	-1.093		2.545	-12.559		-4.872	0.899		0.667	-7.621		-7.867	2.472		3.054	-10.349		2.833	-0.264		8.692	5.686		1.405	-6.172		8.692	-5.686		2.833	0.264		3.054	10.349		-7.867	-2.472		0.667	7.621		-4.872	-0.899		2.545	12.559		-4.681	1.093		0.958	-5.375		-7.050	1.192		8.674	7.681		1.132	1.279		-6.066	-1.801		9.997	9.959		3.205	-2.446		-2.969	-0.901		
-1.455	15.477		-12.228	-0.412		-0.473	-5.020		4.657	-5.243		-1.643	-2.439		1.878	3.525		-4.999	2.323		-9.000	3.000		-4.853	-2.723		-3.175	-3.575		-7.615	-5.044		3.000	-1.243		3.392	-9.886		11.361	5.384		0.036	3.386		1.000	1.000		0.036	-3.386		11.361	-5.384		3.392	9.886		3.000	1.243		-7.615	5.044		-3.175	3.575		-4.853	2.723		-9.000	-3.000		-4.999	-2.323		1.878	-3.525		-1.643	2.439		4.657	5.243		-0.473	5.020		-12.228	0.412		-1.455	-15.477		5.000	-15.000		
-4.153	-5.068		-13.017	-7.912		-7.419	-20.554		7.296	5.411		-8.453	3.426		-1.347	4.814		-2.957	-1.369		5.704	-1.581		7.254	-15.206		-6.276	8.716		3.510	0.265		-4.595	-10.841		10.930	-2.809		5.069	12.951		-7.149	-1.518		-0.322	-2.785		-7.149	1.518		5.069	-12.951		10.930	2.809		-4.595	10.841		3.510	-0.265		-6.276	-8.716		7.254	15.206		5.704	1.581		-2.957	1.369		-1.347	-4.814		-8.453	-3.426		7.296	-5.411		-7.419	20.554		-13.017	7.912		-4.153	5.068		-11.698	-1.054		
10.789	-7.329		13.470	5.565		-3.425	7.520		3.152	8.277		9.555	-1.287		4.999	-9.633		-15.634	5.524		5.241	-1.525		4.831	-1.613		-0.404	1.065		10.403	-4.576		2.866	-0.679		2.821	-0.675		4.304	-3.441		-1.849	-6.601		-1.427	-9.149		-1.849	6.601		4.304	3.441		2.821	0.675		2.866	0.679		10.403	4.576		-0.404	-1.065		4.831	1.613		5.241	1.525		-15.634	-5.524		4.999	9.633		9.555	1.287		3.152	-8.277		-3.425	-7.520		13.470	-5.565		10.789	7.329		-6.233	2.320		
-5.642	-3.038		-4.089	3.040		-3.466	-13.118		-1.178	-2.105		5.410	-0.862		8.011	0.937		1.988	1.344		0.712	-2.414		-2.362	-3.716		0.295	2.894		2.858	10.307		5.537	12.367		5.951	6.564		-2.064	6.607		3.910	-3.012		-0.681	-5.886		3.910	3.012		-2.064	-6.607		5.951	-6.564		5.537	-12.367		2.858	-10.307		0.295	-2.894		-2.362	3.716		0.712	2.414		1.988	-1.344		8.011	-0.937		5.410	0.862		-1.178	2.105		-3.466	13.118		-4.089	-3.040		-5.642	3.038		5.280	12.577		
0.603	-14.220		18.180	15.962		4.783	7.835		-4.121	-1.121		-6.328	4.770		-5.308	-10.371		-0.164	-3.004		7.364	-2.121		-1.849	8.068		-1.789	1.925		0.277	-11.528		1.293	-15.707		-2.342	-7.982		-3.189	0.293		6.353	6.162		-11.950	3.293		6.353	-6.162		-3.189	-0.293		-2.342	7.982		1.293	15.707		0.277	11.528		-1.789	-1.925		-1.849	-8.068		7.364	2.121		-0.164	3.004		-5.308	10.371		-6.328	-4.770		-4.121	1.121		4.783	-7.835		18.180	-15.962		0.603	14.220		-8.293	-2.707		
2.031	5.993		-11.483	2.717		-7.709	4.725		-5.989	2.880		-0.017	2.975		-5.274	1.381		7.899	-11.123		-5.564	-3.533		0.877	-3.279		-4.214	-0.737		-4.070	-1.567		1.699	3.493		0.905	-5.940		-2.623	7.388		4.904	2.225		5.683	0.041		4.904	-2.225		-2.623	-7.388		0.905	5.940		1.699	-3.493		-4.070	1.567		-4.214	0.737		0.877	3.279		-5.564	3.533		7.899	11.123		-5.274	-1.381		-0.017	-2.975		-5.989	-2.880		-7.709	-4.725		-11.483	-2.717		2.031	-5.993		-1.788	6.358		
9.516	2.179		0.765	0.921		-4.448	0.090		-7.572	4.467		-5.510	-0.044		-3.318	-0.993		-4.794	-8.109		0.461	5.353		-3.176	-2.714		1.007	3.163		-2.501	-6.067		-12.285	-4.890		3.372	-5.877		13.715	1.441		4.636	0.978		-6.645	-9.678		4.636	-0.978		13.715	-1.441		3.372	5.877		-12.285	4.890		-2.501	6.067		1.007	-3.163		-3.176	2.714		0.461	-5.353		-4.794	8.109		-3.318	0.993		-5.510	0.044		-7.572	-4.467		-4.448	-0.090		0.765	-0.921		9.516	-2.179		1.831	-9.600		
8.792	11.769		4.511	-16.330		1.754	2.206		2.459	0.645		-6.431	-6.885		6.553	3.200		-0.563	-4.585		-5.305	-2.348		-2.288	15.768		-2.999	-8.516		-3.089	-3.953		18.700	1.408		1.067	2.419		-0.921	-4.880		17.245	-9.989		2.988	-5.918		17.245	9.989		-0.921	4.880		1.067	-2.419		18.700	-1.408		-3.089	3.953		-2.999	8.516		-2.288	-15.768		-5.305	2.348		-0.563	4.585		6.553	-3.200		-6.431	6.885		2.459	-0.645		1.754	-2.206		4.511	16.330		8.792	-11.769		2.692	-13.516		
-1.002	-0.290		1.873	0.788		7.638	0.213		-10.243	-22.485		6.577	0.185		-1.721	-6.146		11.375	10.515		4.000	10.000		-6.607	8.487		0.892	-12.146		1.247	-4.312		-1.757	5.515		6.680	2.545		2.955	6.788		-9.908	-3.489		12.000	0.000		-9.908	3.489		2.955	-6.788		6.680	-2.545		-1.757	-5.515		1.247	4.312		0.892	12.146		-6.607	-8.487		4.000	-10.000		11.375	-10.515		-1.721	6.146		6.577	-0.185		-10.243	22.485		7.638	-0.213		1.873	-0.788		-1.002	0.290		-4.000	0.000		
-2.054	-4.681		-17.405	2.078		-5.905	2.383		-14.199	15.691		0.038	-10.460		-8.691	-5.673		5.734	-2.898		-7.612	4.364		9.058	-4.139		19.201	-12.439		13.633	-13.229		-13.226	-4.819		-4.652	8.019		1.260	0.124		-8.100	-4.523		2.988	5.918		-8.100	4.523		1.260	-0.124		-4.652	-8.019		-13.226	4.819		13.633	13.229		19.201	12.439		9.058	4.139		-7.612	-4.364		5.734	2.898		-8.691	5.673		0.038	10.460		-14.199	-15.691		-5.905	-2.383		-17.405	-2.078		-2.054	4.681		2.692	13.516		
-1.843	-0.068		-6.631	14.808		0.608	4.739		1.582	-3.252		-14.042	-10.285		24.833	-6.479		0.713	6.764		-0.844	-23.151		0.039	2.798		-8.303	-8.266		9.943	5.401		-11.892	7.331		8.577	1.839		-6.677	-0.469		-3.746	-5.158		-6.645	9.678		-3.746	5.158		-6.677	0.469		8.577	-1.839		-11.892	-7.331		9.943	-5.401		-8.303	8.266		0.039	-2.798		-0.844	23.151		0.713	-6.764		24.833	6.479		-14.042	10.285		1.582	3.252		0.608	-4.739		-6.631	-14.808		-1.843	0.068		1.831	9.600		
-1.233	-5.876		-6.441	4.991		6.698	6.119		5.394	2.541		-21.709	-3.708		-8.566	-5.769		13.061	-7.522		-3.545	2.067		-3.076	3.741		-10.003	-0.706		9.532	4.582		3.116	1.044		4.933	-1.542		17.134	14.689		-10.125	-1.208		5.683	-0.041		-10.125	1.208		17.134	-14.689		4.933	1.542		3.116	-1.044		9.532	-4.582		-10.003	0.706		-3.076	-3.741		-3.545	-2.067		13.061	7.522		-8.566	5.769		-21.709	3.708		5.394	-2.541		6.698	-6.119		-6.441	-4.991		-1.233	5.876		-1.788	-6.358		
3.702	0.974		1.775	-0.293		4.342	-4.452		1.293	-5.950		13.114	6.222		0.375	6.996		-0.815	-0.025		2.050	-9.536		-0.234	-5.130		-8.107	14.700		8.328	5.239		6.707	6.293		-6.174	7.742		-12.281	-7.937		-7.596	-4.470		-11.950	-3.293		-7.596	4.470		-12.281	7.937		-6.174	-7.742		6.707	-6.293		8.328	-5.239		-8.107	-14.700		-0.234	5.130		2.050	9.536		-0.815	0.025		0.375	-6.996		13.114	-6.222		1.293	5.950		4.342	4.452		1.775	0.293		3.702	-0.974		-8.293	2.707		
1.543	7.028		-2.892	3.006		5.987	-2.426		-10.813	-0.120		1.583	12.239		4.190	-1.933		-8.129	-6.466		0.854	-9.093		8.657	11.093		8.646	4.369		1.643	2.235		1.503	-9.938		-12.973	6.218		7.020	-5.843		2.278	10.980		-0.681	5.886		2.278	-10.980		7.020	5.843		-12.973	-6.218		1.503	9.938		1.643	-2.235		8.646	-4.369		8.657	-11.093		0.854	9.093		-8.129	6.466		4.190	1.933		1.583	-12.239		-10.813	0.120		5.987	2.426		-2.892	-3.006		1.543	-7.028		5.280	-12.577		
8.029	-8.362		-3.244	3.390		-9.165	-1.578		-11.267	-1.366		2.394	-8.181		-4.676	9.679		-1.121	-1.843		-12.393	-6.520		-6.063	-7.065		6.909	1.121		3.977	-11.141		-0.592	1.425		19.659	9.882		-10.297	-5.244		-2.982	0.597		-1.427	9.149		-2.982	-0.597		-10.297	5.244		19.659	-9.882		-0.592	-1.425		3.977	11.141		6.909	-1.121		-6.063	7.065		-12.393	6.520		-1.121	1.843		-4.676	-9.679		2.394	8.181		-11.267	1.366		-9.165	1.578		-3.244	-3.390		8.029	8.362		-6.233	-2.320		
-0.027	2.857		6.857	3.865		7.872	-18.194		10.283	-4.330		-13.456	1.093		-3.519	4.208		-3.618	11.183		-4.241	-2.204		3.435	-8.625		4.618	-13.965		4.169	-8.221		-9.644	-2.140		0.820	-10.121		7.578	-2.935		4.249	-9.469		-0.322	2.785		4.249	9.469		7.578	2.935		0.820	10.121		-9.644	2.140		4.169	8.221		4.618	13.965		3.435	8.625		-4.241	2.204		-3.618	-11.183		-3.519	-4.208		-13.456	-1.093		10.283	4.330		7.872	18.194		6.857	-3.865		-0.027	-2.857		-11.698	1.054		
-24.212	13.219		-1.704	-7.101		1.697	1.300		3.000	-7.243		-0.852	-3.469		-0.825	1.596		-7.035	2.405		-1.000	-19.000		14.346	5.662		-3.534	8.010		-4.617	-5.139		-6.657	-3.243		-0.231	12.234		8.228	10.416		6.515	1.865		1.000	-1.000		6.515	-1.865		8.228	-10.416		-0.231	-12.234		-6.657	3.243		-4.617	5.139		-3.534	-8.010		14.346	-5.662		-1.000	19.000		-7.035	-2.405		-0.825	-1.596		-0.852	3.469		3.000	7.243		1.697	-1.300		-1.704	7.101		-24.212	-13.219		5.000	15.000		
1.461	-1.142		-11.081	6.518		-18.645	-10.207		11.082	-2.124		4.430	2.880		-6.758	5.363		17.290	-4.263		5.742	0.908		-7.250	6.555		5.703	4.215		6.194	0.376		-7.939	-1.800		-14.733	-10.750		-12.295	2.870		4.898	3.921		1.405	6.172		4.898	-3.921		-12.295	-2.870		-14.733	10.750		-7.939	1.800		6.194	-0.376		5.703	-4.215		-7.250	-6.555		5.742	-0.908		17.290	4.263		-6.758	-5.363		4.430	-2.880		11.082	2.124		-18.645	10.207		-11.081	-6.518		1.461	1.142		-2.969	0.901		
-0.024	7.687		-2.774	-1.830		-13.723	-0.991		-1.495	-5.106		5.873	2.794		11.819	-13.607		-2.883	-3.131		2.759	1.667		0.834	-5.824		-3.910	6.951		5.525	3.809		12.105	4.679		6.076	-3.758		3.830	8.461		-7.039	3.278		-1.744	-0.993		-7.039	-3.278		3.830	-8.461		6.076	3.758		12.105	-4.679		5.525	-3.809		-3.910	-6.951		0.834	5.824		2.759	-1.667		-2.883	3.131		11.819	13.607		5.873	-2.794		-1.495	5.106		-13.723	0.991		-2.774	1.830		-0.024	-7.687		8.233	0.024		
-3.561	3.680		-3.352	2.372		1.187	-1.314		0.156	4.526		-5.041	3.087		9.660	-14.355		-5.970	6.339		-0.078	-0.453		-5.840	2.255		-0.130	-10.464		-2.249	4.668		1.582	0.451		5.533	-1.941		8.675	-4.685		2.404	-2.069		3.294	-1.196		2.404	2.069		8.675	4.685		5.533	1.941		1.582	-0.451		-2.249	-4.668		-0.130	10.464		-5.840	-2.255		-0.078	0.453		-5.970	-6.339		9.660	14.355		-5.041	-3.087		0.156	-4.526		1.187	1.314		-3.352	-2.372		-3.561	-3.680		-3.204	4.809		
-1.275	-4.898		-1.906	4.219		-2.799	-13.037		5.293	-7.707		4.379	0.305		10.394	1.707		-1.410	-4.364		-5.364	2.121		3.440	0.535		-6.764	-3.941		3.592	-2.724		2.707	-3.950		-1.150	1.594		1.781	-0.238		0.003	0.230		-2.050	4.707		0.003	-0.230		1.781	0.238		-1.150	-1.594		2.707	3.950		3.592	2.724		-6.764	3.941		3.440	-0.535		-5.364	-2.121		-1.410	4.364		10.394	-1.707		4.379	-0.305		5.293	7.707		-2.799	13.037		-1.906	-4.219		-1.275	4.898		-9.707	-1.293		
-10.837	7.516		2.044	-0.310		5.293	7.795		5.920	-4.078		-3.403	-10.341		1.109	-4.264		1.530	-0.045		-2.161	6.329		-4.523	2.210		7.999	-5.852		-15.577	10.153		6.887	3.186		2.454	-2.623		0.408	-1.976		-6.354	-6.848		-8.296	4.876		-6.354	6.848		0.408	1.976		2.454	2.623		6.887	-3.186		-15.577	-10.153		7.999	5.852		-4.523	-2.210		-2.161	-6.329		1.530	0.045		1.109	4.264		-3.403	10.341		5.920	4.078		5.293	-7.795		2.044	0.310		-10.837	-7.516		-2.631	-1.943		
-4.783	-16.564		-0.051	-11.197		2.284	-4.207		-11.399	-8.467		-7.742	9.364		-9.254	20.118		-8.322	0.473		4.025	6.304		4.093	-5.033		1.895	0.935		-2.735	3.270		2.628	-3.939		-2.595	-0.952		-4.783	-7.920		1.326	-0.161		-2.184	-8.464		1.326	0.161		-4.783	7.920		-2.595	0.952		2.628	3.939		-2.735	-3.270		1.895	-0.935		4.093	5.033		4.025	-6.304		-8.322	-0.473		-9.254	-20.118		-7.742	-9.364		-11.399	8.467		2.284	4.207		-0.051	11.197		-4.783	16.564		0.169	-4.057		
-11.453	8.324		-1.284	4.838		7.953	5.895		8.955	-7.522		-12.980	3.170		1.534	-4.410		-9.111	7.249		14.227	-4.011		1.038	-5.691		-4.209	-14.277		1.651	1.469		1.640	1.088		-3.451	-10.156		-4.437	2.316		4.437	-2.481		-4.070	-2.695		4.437	2.481		-4.437	-2.316		-3.451	10.156		1.640	-1.088		1.651	-1.469		-4.209	14.277		1.038	5.691		14.227	4.011		-9.111	-7.249		1.534	4.410		-12.980	-3.170		8.955	7.522		7.953	-5.895		-1.284	-4.838		-11.453	-8.324		-1.681	-7.607		

5.981	8.242		3.201	7.748		0.879	-10.834		-0.828	6.243		1.258	3.786		-1.679	3.452		8.135	0.550		-4.000	4.000		5.355	-2.509		-1.493	-0.205		8.338	6.874		4.828	2.243		-6.961	-2.574		-12.029	0.091		1.014	-5.645		102.000	0.000		1.014	5.645		-12.029	-0.091		-6.961	2.574		4.828	-2.243		8.338	-6.874		-1.493	0.205		5.355	2.509		-4.000	-4.000		8.135	-0.550		-1.679	-3.452		1.258	-3.786		-0.828	-6.243		0.879	10.834		3.201	-7.748		5.981	-8.242		2.000	0.000		
-1.054	2.283		-6.579	6.312		21.386	-1.349		-8.762	1.128		-5.202	-12.868		1.161	0.134		5.106	-2.565		0.175	5.748		-1.126	-9.271		11.010	8.065		0.369	3.896		-4.543	-0.308		-2.122	-10.772		1.375	-9.998		0.243	2.767		-2.277	7.693		0.243	-2.767		1.375	9.998		-2.122	10.772		-4.543	0.308		0.369	-3.896		11.010	-8.065		-1.126	9.271		0.175	-5.748		5.106	2.565		1.161	-0.134		-5.202	12.868		-8.762	-1.128		21.386	1.349		-6.579	-6.312		-1.054	-2.283		5.951	5.583		
8.406	-7.055		-1.414	2.828		1.845	2.615		2.674	3.376		-10.700	7.406		0.595	-5.701		-3.949	-7.182		-3.990	-1.569		4.760	3.244		-2.683	-4.070		2.225	-4.197		-10.065	4.983		-5.326	1.037		3.475	0.666		3.392	-7.112		-0.423	7.608		3.392	7.112		3.475	-0.666		-5.326	-1.037		-10.065	-4.983		2.225	4.197		-2.683	4.070		4.760	-3.244		-3.990	1.569		-3.949	7.182		0.595	5.701		-10.700	-7.406		2.674	-3.376		1.845	-2.615		-1.414	-2.828		8.406	7.055		-4.638	0.074		
7.199	11.483		13.092	4.082		-0.665	2.562		7.642	6.079		-0.130	13.841		1.369	1.992		6.409	2.485		2.787	3.215		5.018	0.175		6.760	1.043		7.892	3.343		2.793	8.689		-2.991	-5.290		4.651	2.413		0.785	-4.935		-1.317	5.257		0.785	4.935		4.651	-2.413		-2.991	5.290		2.793	-8.689		7.892	-3.343		6.760	-1.043		5.018	-0.175		2.787	-3.215		6.409	-2.485		1.369	-1.992		-0.130	-13.841		7.642	-6.079		-0.665	-2.562		13.092	-4.082		7.199	-11.483		-5.796	-7.305		
10.196	3.414		6.594	-11.551		-4.537	4.041		-0.586	-4.243		-5.481	-7.279		5.340	5.890		1.840	-0.451		-6.586	1.657		0.909	-0.547		-4.173	-0.172		4.155	2.483		-5.657	-1.657		-0.468	-0.249		-5.799	4.894		7.183	6.720		3.414	-2.343		7.183	-6.720		-5.799	-4.894		-0.468	0.249		-5.657	1.657		4.155	-2.483		-4.173	0.172		0.909	0.547		-6.586	-1.657		1.840	0.451		5.340	-5.890		-5.481	7.279		-0.586	4.243		-4.537	-4.041		6.594	11.551		10.196	-3.414		-9.071	-6.828		
-2.013	-3.584		3.978	8.114		-5.350	-2.136		-0.178	-3.619		12.581	4.844		-2.788	-9.550		-2.932	-0.670		-16.050	-4.230		-0.176	-1.087		8.964	-0.419		6.403	-5.312		-0.616	-6.163		7.476	6.902		2.904	3.506		-4.732	-9.768		-0.001	-3.634		-4.732	9.768		2.904	-3.506		7.476	-6.902		-0.616	6.163		6.403	5.312		8.964	0.419		-0.176	1.087		-16.050	4.230		-2.932	0.670		-2.788	9.550		12.581	-4.844		-0.178	3.619		-5.350	2.136		3.978	-8.114		-2.013	3.584		4.742	3.601		
-3.034	-8.328		-0.900	-4.533		1.290	13.086		-3.009	3.604		-1.546	-2.621		1.414	2.828		-2.570	5.196		4.920	3.087		-5.022	-4.094		1.616	12.065		-4.775	-6.993		-0.053	-1.080		-8.706	-7.441		4.406	2.964		10.766	-3.793		3.823	2.695		10.766	3.793		4.406	-2.964		-8.706	7.441		-0.053	1.080		-4.775	6.993		1.616	-12.065		-5.022	4.094		4.920	-3.087		-2.570	-5.196		1.414	-2.828		-1.546	2.621		-3.009	-3.604		1.290	-13.086		-0.900	4.533		-3.034	8.328		1.569	-3.021		
3.962	-4.774		-8.442	6.630		-1.772	-3.844		2.428	9.168		1.038	-2.321		0.484	-4.156		0.363	4.795		0.858	-5.803		-6.161	3.786		3.721	-8.054		6.965	-6.006		2.764	0.077		-2.450	-11.825		0.054	3.930		-2.070	-3.712		5.456	-3.658		-2.070	3.712		0.054	-3.930		-2.450	11.825		2.764	-0.077		6.965	6.006		3.721	8.054		-6.161	-3.786		0.858	5.803		0.363	-4.795		0.484	4.156		1.038	2.321		2.428	-9.168		-1.772	3.844		-8.442	-6.630		3.962	4.774		1.286	4.299		
-4.831	-0.176		6.811	-9.894		0.114	7.713		-4.243	-8.485		2.775	4.182		-10.542	-7.803		-2.461	-2.408		-8.000	-2.000		-8.565	-9.038		-7.881	8.494		-4.464	-1.302		-2.243	-10.485		-0.027	-2.424		2.386	-4.658		-0.358	-0.764		2.000	2.000		-0.358	0.764		2.386	4.658		-0.027	2.424		-2.243	10.485		-4.464	1.302		-7.881	-8.494		-8.565	9.038		-8.000	2.000		-2.461	2.408		-10.542	7.803		2.775	-4.182		-4.243	8.485		0.114	-7.713		6.811	9.894		-4.831	0.176		6.000	10.000		
-10.404	-2.528		0.254	-5.659		-2.475	2.504		-7.880	10.754		9.925	-0.553		-2.307	7.142		3.381	3.035		-5.795	-4.659		-2.088	-2.360		-10.423	7.302		1.520	5.082		-2.577	-0.624		-8.881	-8.645		4.371	-2.502		-9.685	-0.346		3.045	-2.642		-9.685	0.346		4.371	2.502		-8.881	8.645		-2.577	0.624		1.520	-5.082		-10.423	-7.302		-2.088	2.360		-5.795	4.659		3.381	-3.035		-2.307	-7.142		9.925	0.553		-7.880	-10.754		-2.475	-2.504		0.254	5.659		-10.404	2.528		-15.246	4.885		
-3.019	11.741		-7.577	3.793		14.882	-13.445		4.848	-3.963		6.783	6.665		-0.101	-3.592		-9.273	-6.633		-8.002	4.638		6.864	-7.425		1.414	-2.828		4.591	2.068		-5.583	-8.522		3.712	-2.317		3.244	-8.533		0.109	-10.525		-4.651	-12.962		0.109	10.525		3.244	8.533		3.712	2.317		-5.583	8.522		4.591	-2.068		1.414	2.828		6.864	7.425		-8.002	-4.638		-9.273	6.633		-0.101	3.592		6.783	-6.665		4.848	3.963		14.882	13.445		-7.577	-3.793		-3.019	-11.741		-4.740	-10.678		
3.332	3.369		4.120	-11.902		-5.268	-4.734		-1.428	2.618		1.933	1.329		5.443	-11.772		-1.758	5.700		-7.975	5.361		-2.763	7.327		2.944	-9.101		4.864	-2.352		-0.118	5.876		-3.146	-11.360		-6.913	1.154		3.858	7.598		-0.821	-3.556		3.858	-7.598		-6.913	-1.154		-3.146	11.360		-0.118	-5.876		4.864	2.352		2.944	9.101		-2.763	-7.327		-7.975	-5.361		-1.758	-5.700		5.443	11.772		1.933	-1.329		-1.428	-2.618		-5.268	4.734		4.120	11.902		3.332	-3.369		2.807	0.187		
-6.207	-1.254		-1.196	-4.563		-14.861	4.932		5.657	-9.657		3.929	-12.501		-1.676	-2.794		-9.772	3.748		-13.414	-8.000		7.988	1.516		0.742	-1.863		-2.946	-7.574		-3.414	-4.243		-2.891	3.603		10.621	5.828		-4.640	-6.106		0.586	13.657		-4.640	6.106		10.621	-5.828		-2.891	-3.603		-3.414	4.243		-2.946	7.574		0.742	1.863		7.988	-1.516		-13.414	8.000		-9.772	-3.748		-1.676	2.794		3.929	12.501		5.657	9.657		-14.861	-4.932		-1.196	4.563		-6.207	1.254		5.071	1.172		
-2.724	-8.438		1.333	-19.079		-6.516	-1.478		1.272	4.659		-6.218	7.361		-2.440	0.226		6.725	-0.344		-1.446	-0.991		5.888	-14.819		-2.392	-7.120		3.993	-5.632		-8.663	-8.389		-7.123	-6.291		3.259	-10.104		18.301	11.030		-8.690	0.849		18.301	-11.030		3.259	10.104		-7.123	6.291		-8.663	8.389		3.993	5.632		-2.392	7.120		5.888	14.819		-1.446	0.991		6.725	0.344		-2.440	-0.226		-6.218	-7.361		1.272	-4.659		-6.516	1.478		1.333	19.079		-2.724	8.438		3.418	-3.891		
-4.053	2.740		15.010	5.009		-1.640	5.411		-5.021	3.630		6.493	10.543		-3.317	9.930		-6.020	-9.413		-0.624	-9.877		-3.692	7.326		-5.080	6.784		-2.496	3.853		7.312	-8.116		5.278	4.647		-1.414	-2.828		10.087	7.463		5.252	11.952		10.087	-7.463		-1.414	2.828		5.278	-4.647		7.312	8.116		-2.496	-3.853		-5.080	-6.784		-3.692	-7.326		-0.624	9.877		-6.020	9.413		-3.317	-9.930		6.493	-10.543		-5.021	-3.630		-1.640	-5.411		15.010	-5.009		-4.053	-2.740		-4.190	-3.583		
-4.291	-0.812		-7.145	-1.290		-2.784	2.376		-4.460	-16.156		-2.758	-1.774		15.739	8.519		7.519	2.390		-10.574	-2.829		-12.305	-14.880		3.082	0.656		-11.945	-2.841		5.529	2.636		10.533	0.270		-9.521	-8.160		1.123	-14.529		-11.396	-3.776		1.123	14.529		-9.521	8.160		10.533	-0.270		5.529	-2.636		-11.945	2.841		3.082	-0.656		-12.305	14.880		-10.574	2.829		7.519	-2.390		15.739	-8.519		-2.758	1.774		-4.460	16.156		-2.784	-2.376		-7.145	1.290		-4.291	0.812		18.838	4.997		
9.352	-1.092		-18.222	-10.245		13.827	4.258		8.485	7.071		7.312	1.906		-4.223	-2.253		-18.103	6.348		-8.000	-8.000		1.096	-0.741		3.879	4.232		-10.008	-7.981		-8.485	7.071		12.669	-2.802		6.565	0.241		-8.144	-5.352		6.000	0.000		-8.144	5.352		6.565	-0.241		12.669	2.802		-8.485	-7.071		-10.008	7.981		3.879	-4.232		1.096	0.741		-8.000	8.000		-18.103	-6.348		-4.223	2.253		7.312	-1.906		8.485	-7.071		13.827	-4.258		-18.222	10.245		9.352	1.092		18.000	0.000		
-7.687	0.666		-13.346	-5.688		6.605	-2.154		-2.796	5.955		5.342	-3.215		-2.106	8.139		2.642	4.278		9.695	7.941		-2.455	10.880		6.788	-1.822		-0.554	7.346		-0.313	-2.296		-7.188	6.048		1.773	-7.127		0.213	-4.094		-11.396	3.776		0.213	4.094		1.773	7.127		-7.188	-6.048		-0.313	2.296		-0.554	-7.346		6.788	1.822		-2.455	-10.880		9.695	-7.941		2.642	-4.278		-2.106	-8.139		5.342	3.215		-2.796	-5.955		6.605	2.154		-13.346	5.688		-7.687	-0.666		18.838	-4.997		
-6.127	3.435		2.359	5.265		-3.173	3.332		8.983	6.624		-17.535	5.901		9.217	-4.706		-4.198	-9.887		-2.010	4.740		14.947	0.475		-8.427	0.516		1.184	2.429		-1.592	-1.326		14.442	-2.964		0.979	-4.854		1.694	10.380		5.252	-11.952		1.694	-10.380		0.979	4.854		14.442	2.964		-1.592	1.326		1.184	-2.429		-8.427	-0.516		14.947	-0.475		-2.010	-4.740		-4.198	9.887		9.217	4.706		-17.535	-5.901		8.983	-6.624		-3.173	-3.332		2.359	-5.265		-6.127	-3.435		-4.190	3.583		
4.047	-8.637		-2.257	1.691		6.343	4.940		-0.317	-3.482		3.047	14.581		-5.452	-14.594		3.948	1.628		1.659	-5.535		5.000	1.773		0.544	-11.107		-15.606	-1.162		-2.601	12.542		5.384	-1.261		2.324	1.289		-13.551	-5.671		-8.690	-0.849		-13.551	5.671		2.324	-1.289		5.384	1.261		-2.601	-12.542		-15.606	1.162		0.544	11.107		5.000	-1.773		1.659	5.535		3.948	-1.628		-5.452	14.594		3.047	-14.581		-0.317	3.482		6.343	-4.940		-2.257	-1.691		4.047	8.637		3.418	3.891		
4.141	-3.112		3.864	-5.828		6.042	12.248		-4.243	9.071		-20.562	-2.112		-15.571	0.966		-4.077	1.731		-9.414	-9.657		0.614	2.412		2.019	3.691		-4.737	11.823		3.172	-0.828		-9.915	9.127		-10.118	-10.219		7.953	4.187		0.586	-13.657		7.953	-4.187		-10.118	10.219		-9.915	-9.127		3.172	0.828		-4.737	-11.823		2.019	-3.691		0.614	-2.412		-9.414	9.657		-4.077	-1.731		-15.571	-0.966		-20.562	2.112		-4.243	-9.071		6.042	-12.248		3.864	5.828		4.141	3.112		5.071	-1.172		
-16.100	10.805		5.533	4.759		2.216	-0.122		-6.513	11.646		6.005	7.512		3.969	15.285		-3.437	7.689		-5.169	-9.738		2.295	-11.700		10.918	9.959		5.291	8.373		7.180	1.264		1.067	0.615		-1.253	-6.218		8.093	-6.327		-0.821	3.556		8.093	6.327		-1.253	6.218		1.067	-0.615		7.180	-1.264		5.291	-8.373		10.918	-9.959		2.295	11.700		-5.169	9.738		-3.437	-7.689		3.969	-15.285		6.005	-7.512		-6.513	-11.646		2.216	0.122		5.533	-4.759		-16.100	-10.805		2.807	-0.187		
8.238	5.673		10.479	-0.936		1.580	-4.813		2.666	4.053		3.628	6.699		-8.524	22.821		-16.037	-2.286		-2.920	1.742		-6.693	-8.583		0.417	-3.315		-3.076	2.404		0.396	-8.920		-6.358	10.237		-7.461	10.378		-2.463	4.234		-4.651	12.962		-2.463	-4.234		-7.461	-10.378		-6.358	-10.237		0.396	8.920		-3.076	-2.404		0.417	3.315		-6.693	8.583		-2.920	-1.742		-16.037	2.286		-8.524	-22.821		3.628	-6.699		2.666	-4.053		1.580	4.813		10.479	0.936		8.238	-5.673		-4.740	10.678		
-7.342	0.598		-3.192	0.044		3.775	-16.026		14.991	23.101		-13.471	1.573		-1.797	-2.087		-8.729	-2.154		7.313	-6.330		1.686	5.203		-1.604	-5.816		-10.204	8.791		-6.831	-3.745		0.305	15.850		-3.928	2.836		-5.524	-1.377		3.045	2.642		-5.524	1.377		-3.928	-2.836		0.305	-15.850		-6.831	3.745		-10.204	-8.791		-1.604	5.816		1.686	-5.203		7.313	6.330		-8.729	2.154		-1.797	2.087		-13.471	-1.573		14.991	-23.101		3.775	16.026		-3.192	-0.044		-7.342	-0.598		-15.246	-4.885		
2.445	5.572		11.756	0.514		11.855	4.999		6.243	-6.485		0.254	-6.082		-7.433	-2.820		-6.367	21.712		4.000	14.000		-4.111	-13.915		-3.600	3.025		-4.460	-1.383		4.243	-8.485		16.581	1.665		0.503	1.420		1.621	-0.784		2.000	-2.000		1.621	0.784		0.503	-1.420		16.581	-1.665		4.243	8.485		-4.460	1.383		-3.600	-3.025		-4.111	13.915		4.000	-14.000		-6.367	-21.712		-7.433	2.820		0.254	6.082		6.243	6.485		11.855	-4.999		11.756	-0.514		2.445	-5.572		6.000	-10.000		
-5.555	6.970		-20.513	-20.224		-0.774	-14.284		4.610	13.275		0.968	10.425		-11.022	0.797		3.133	4.423		10.067	-6.887		3.775	-1.325		-7.663	9.668		3.209	0.849		2.947	9.370		-3.981	4.580		-7.621	4.026		5.370	-8.889		5.456	3.658		5.370	8.889		-7.621	-4.026		-3.981	-4.580		2.947	-9.370		3.209	-0.849		-7.663	-9.668		3.775	1.325		10.067	6.887		3.133	-4.423		-11.022	-0.797		0.968	-10.425		4.610	-13.275		-0.774	14.284		-20.513	20.224		-5.555	-6.970		1.286	-4.299		
10.893	-7.139		1.461	-3.622		2.143	4.503		-16.505	-1.350		-13.003	-6.661		3.926	-0.829		-6.639	-1.553		2.002	4.190		-1.120	-5.140		-1.133	-4.978		2.679	-10.252		-2.074	-11.135		-7.139	5.997		2.006	3.549		-0.314	-15.935		3.823	-2.695		-0.314	15.935		2.006	-3.549		-7.139	-5.997		-2.074	11.135		2.679	10.252		-1.133	4.978		-1.120	5.140		2.002	-4.190		-6.639	1.553		3.926	0.829		-13.003	6.661		-16.505	1.350		2.143	-4.503		1.461	3.622		10.893	7.139		1.569	3.021		
3.818	4.772		-4.402	0.825		-10.741	7.946		6.588	16.927		-2.440	-1.963		4.980	-2.153		11.443	-6.032		0.700	7.101		-6.749	-12.764		-0.304	-5.705		0.785	12.340		-9.245	4.006		0.750	-11.110		-1.618	1.089		-4.223	-0.968		-0.001	3.634		-4.223	0.968		-1.618	-1.089		0.750	11.110		-9.245	-4.006		0.785	-12.340		-0.304	5.705		-6.749	12.764		0.700	-7.101		11.443	6.032		4.980	2.153		-2.440	1.963		6.588	-16.927		-10.741	-7.946		-4.402	-0.825		3.818	-4.772		4.742	-3.601		
9.650	10.452		-3.372	7.723		11.749	-0.647		8.828	-4.828		-4.371	4.229		1.688	0.172		-5.688	9.203		-10.586	-8.000		-5.016	-3.212		5.974	0.233		-4.143	2.775		4.243	5.071		-0.904	7.952		5.063	-1.066		2.868	-4.679		3.414	2.343		2.868	4.679		5.063	1.066		-0.904	-7.952		4.243	-5.071		-4.143	-2.775		5.974	-0.233		-5.016	3.212		-10.586	8.000		-5.688	-9.203		1.688	-0.172		-4.371	-4.229		8.828	4.828		11.749	0.647		-3.372	-7.723		9.650	-10.452		-9.071	6.828		
-1.001	-9.025		6.712	16.837		12.250	-8.768		-7.066	-1.858		-13.916	6.516		-5.372	-0.202		4.746	-4.100		8.523	-11.183		2.232	10.340		5.425	4.994		-9.379	2.529		11.270	-5.540		7.838	0.112		3.851	-7.115		-2.352	-1.327		-1.317	-5.257		-2.352	1.327		3.851	7.115		7.838	-0.112		11.270	5.540		-9.379	-2.529		5.425	-4.994		2.232	-10.340		8.523	11.183		4.746	4.100		-5.372	0.202		-13.916	-6.516		-7.066	1.858		12.250	8.768		6.712	-16.837		-1.001	9.025		-5.796	7.305		
-5.159	-9.011		14.678	9.632		10.530	0.257		8.678	4.713		-1.017	-11.169		-0.402	5.344		-4.233	2.045		2.624	9.049		4.651	9.145		4.439	-0.706		-6.587	-9.454		-7.655	-9.198		9.791	-3.156		-0.702	-6.534		8.809	0.004		-0.423	-7.608		8.809	-0.004		-0.702	6.534		9.791	3.156		-7.655	9.198		-6.587	9.454		4.439	0.706		4.651	-9.145		2.624	-9.049		-4.233	-2.045		-0.402	-5.344		-1.017	11.169		8.678	-4.713		10.530	-0.257		14.678	-9.632		-5.159	9.011		-4.638	-0.074		
-1.517	-2.046		-0.434	-6.357		4.441	7.986		1.870	-2.941		-2.976	0.525		1.862	-6.377		6.928	-7.250		5.231	-3.181		4.253	0.221		5.762	-1.203		-4.651	-0.751		3.023	-4.139		1.180	-11.722		-7.676	10.076		-0.329	-0.163		-2.277	-7.693		-0.329	0.163		-7.676	-10.076		1.180	11.722		3.023	4.139		-4.651	0.751		5.762	1.203		4.253	-0.221		5.231	3.181		6.928	7.250		1.862	6.377		-2.976	-0.525		1.870	2.941		4.441	-7.986		-0.434	6.357		-1.517	2.046		5.951	-5.583		


----------------------

ISF:
time_factor: 2, time_steps: 3, repeats: 1000000

Real
Timestep 1	Timestep 2	k0	k1	k2	k3	k4	k5	k6	k7	k8	k9	k10	k11	k12	k13	k14	k15	k16	k17	k18	k19	k20	k21	k22	k23	k24	k25	k26	k27	k28	k29	k30	k31	
0	0	112.84909	-0.41173	0.05367	0.52704	0.04979	-0.01012	0.05702	0.07961	-0.13305	0.32945	-0.03224	0.43837	0.44516	0.44086	-0.08371	-0.60849	0.02990	0.33118	-0.20651	-0.67267	0.24933	0.05435	0.49785	0.08708	-0.01758	-0.85737	0.25059	-0.52733	0.08790	0.20563	0.28135	-0.16814	
0	1	113.18360	0.40246	-0.12815	-0.31756	-0.12698	0.32840	-0.05298	-0.68962	0.17914	0.23161	-0.16563	-0.17073	-0.60427	0.47585	0.03550	0.03168	0.65339	-0.75881	-0.17470	0.05250	0.36631	0.14062	0.17288	-0.01148	0.26751	-0.09193	-0.36141	0.08306	0.42988	0.52861	0.17778	-0.08473	
0	2	113.04233	-0.08430	0.38034	-0.25398	-0.98392	-0.00838	0.26575	-0.22368	0.27014	-0.06547	-0.16323	-0.05926	0.09129	0.25577	0.26255	0.47348	-0.33739	-0.41970	0.18573	0.29778	0.28615	0.10122	-0.09753	0.44880	0.33122	0.29310	-0.52218	-0.38076	0.12274	-0.60474	-0.20150	-0.64538	
0	3	112.84894	-0.41198	0.05403	0.52777	0.04942	-0.00978	0.05650	0.08015	-0.13238	0.32927	-0.03311	0.43820	0.44469	0.44034	-0.08301	-0.60785	0.02955	0.33134	-0.20691	-0.67238	0.24937	0.05409	0.49793	0.08690	-0.01766	-0.85757	0.25102	-0.52711	0.08775	0.20539	0.28183	-0.16852	

Imaginary
Timestep 1	Timestep 2	k0	k1	k2	k3	k4	k5	k6	k7	k8	k9	k10	k11	k12	k13	k14	k15	k16	k17	k18	k19	k20	k21	k22	k23	k24	k25	k26	k27	k28	k29	k30	k31	
0	0	0.29826	-0.35206	0.24288	-0.51074	-0.03787	0.33197	0.33751	0.19742	0.44813	0.57770	-0.45947	-0.41968	-0.09713	0.31921	-0.43375	-0.61822	0.98532	-0.12048	0.68016	0.27680	0.16422	0.19348	0.23803	0.09373	0.60343	0.12437	0.38259	-0.34613	-0.25257	-0.14951	-0.75640	-0.01831	
0	1	-0.58970	0.28551	0.68193	0.12544	-0.06447	0.29143	0.20278	0.22482	-0.19020	0.00772	-0.17756	0.01641	0.05326	-0.03029	0.13750	-0.25414	-0.00184	0.32942	0.08553	0.02337	-0.11104	-0.03961	-0.11680	0.17982	0.62425	0.24449	0.29679	0.64348	0.70551	-0.44539	-0.57290	0.14088	
0	2	0.22156	0.21231	0.34448	-0.46784	-0.17536	-0.32105	0.29328	0.05708	-0.00439	0.13558	0.23113	0.36727	0.04653	0.11094	-0.43351	-1.50082	0.11717	0.22667	-0.48274	-0.37301	0.13348	-0.07167	0.33905	-0.06853	-0.13200	0.50251	0.47554	-0.09866	-0.19292	0.43456	-0.16126	0.10926	
0	3	0.29843	-0.35210	0.24307	-0.51074	-0.03750	0.33222	0.33785	0.19760	0.44754	0.57784	-0.45917	-0.41957	-0.09681	0.31920	-0.43417	-0.61802	0.98510	-0.12065	0.67985	0.27716	0.16348	0.19360	0.23832	0.09359	0.60291	0.12445	0.38267	-0.34663	-0.25138	-0.14894	-0.75593	-0.01814	

Real variance
Timestep 1	Timestep 2	k0	k1	k2	k3	k4	k5	k6	k7	k8	k9	k10	k11	k12	k13	k14	k15	k16	k17	k18	k19	k20	k21	k22	k23	k24	k25	k26	k27	k28	k29	k30	k31	
0	0	142377.87483	133353.92139	129393.15498	124431.14417	119181.48306	113435.66369	107448.63811	102148.29418	97060.73340	92734.47015	88859.03725	85732.15768	83487.83207	81839.23428	80685.89846	744169.25228	80889.19177	81536.47437	83216.32369	85671.33938	88939.01789	92663.53629	97156.81989	101927.14016	107772.48383	113270.01532	119304.44464	124652.12818	129632.08512	133462.60764	142658.50207	264428.64072	
0	1	142526.41357	133426.32370	129455.05949	124682.76490	119131.95431	113445.31761	107554.88682	101932.57728	97211.20413	92421.86843	88934.02639	85936.62798	83544.96426	81623.28713	80875.01724	742366.52016	80672.75393	81491.52493	83239.10923	85702.94263	88959.74699	92837.83686	97002.84709	102193.84041	107415.64818	113550.80952	119246.35677	124700.52413	129442.93264	133622.01742	142043.19135	264411.28894	
0	2	142131.22443	133835.90306	129525.54662	125097.95075	119467.90049	113417.54103	107505.70454	101959.64860	97123.66827	92657.01008	88872.01939	85868.10765	83647.15983	81684.40710	80800.61257	744510.80391	80881.01621	81652.48436	83376.47312	85683.75618	88835.23207	92630.37614	97105.46604	102099.50803	107518.03431	113388.52576	119090.20874	124790.83721	130143.20317	133540.05123	142515.69622	263919.23032	
0	3	142377.92453	133353.92336	129393.14445	124430.58357	119181.57983	113435.18970	107448.66782	102148.16753	97059.99141	92734.49588	88858.52770	85732.21783	83488.19666	81839.20259	80685.80924	744169.46524	80889.41333	81536.49447	83216.14218	85671.44352	88939.02334	92663.48583	97156.82608	101927.10928	107772.44800	113270.08149	119304.42446	124652.17006	129631.97950	133462.58652	142658.70052	264428.52561	

Imaginary variance
Timestep 1	Timestep 2	k0	k1	k2	k3	k4	k5	k6	k7	k8	k9	k10	k11	k12	k13	k14	k15	k16	k17	k18	k19	k20	k21	k22	k23	k24	k25	k26	k27	k28	k29	k30	k31	
0	0	129093.71580	133038.82851	129231.20029	124488.56250	118970.66437	113437.53504	107489.82791	101914.86497	96779.75692	92396.37218	88687.15938	85545.79712	83373.73169	81022.60108	80425.74755	594002.42711	80385.97934	81245.82192	83169.56623	85575.99456	88632.54250	92596.37376	96712.26070	101963.24208	107489.98993	113363.02500	119156.46124	124622.10773	129219.47198	132731.31802	141559.23549	9084.47636	
0	1	129209.05300	132742.96807	129178.75681	124463.60971	119335.09996	113329.55466	107711.18076	101929.71360	96948.97245	92471.57551	88527.53910	85570.55583	83209.44448	81465.73453	80370.15902	593313.05069	80515.71632	81537.53326	83391.24420	85803.77394	88802.79554	92604.60677	97124.43108	102072.19117	107817.31788	113349.78891	119499.27532	124214.28437	129417.59041	132931.63424	141872.55506	9061.79077	
0	2	129052.89108	133049.36879	129442.31928	124575.21907	118862.45894	113610.68915	107491.14565	101941.62848	97018.83058	92693.20160	88820.38962	85521.65341	83135.26452	81401.44110	80565.79170	594482.72856	80421.55465	81552.49775	83128.76445	85774.65456	88886.57681	92354.45903	96750.11764	102171.43334	107841.85003	113619.60362	119053.61298	124475.65168	129305.36616	132810.33671	141812.57473	9089.35395	
0	3	129093.79361	133038.83070	129231.19016	124488.56189	118970.87281	113437.34897	107489.77774	101914.83808	96779.69003	92396.37915	88686.92451	85545.79607	83373.79220	81022.60309	80426.06515	594002.63417	80385.90513	81245.90491	83169.45951	85576.06738	88632.35669	92596.38046	96712.22880	101963.19244	107490.16054	113362.96103	119156.51606	124621.91183	129219.65534	132731.25720	141559.21320	9084.49832	

----------------------


