CO/Pt111 System Monte-Carlo Simulation.		Started: Wed Dec 16 15:59:02 2009


name=./montecarlo-1.1.1
dim=32, n_co=51
skip_sweeps=100000, time_factor=1, time_steps=10, repeats=1000000
options: s 
Interaction mode: Nearest neighbour

----------------------

Coordinates:
0 0 0 0 0 0 0 0 0 0 0 0 0 0 0 0 0 0 0 0 0 0 0 0 0 1 0 0 0 0 0 0 
0 0 0 0 0 0 0 0 0 0 0 0 0 0 0 0 0 0 0 0 0 0 0 0 0 0 0 0 0 0 0 0 
0 0 0 0 0 0 0 0 0 0 0 0 0 0 0 0 0 0 0 0 0 0 0 0 0 1 0 0 0 0 0 0 
0 0 0 0 0 0 0 0 0 0 0 0 0 0 0 0 0 0 0 1 0 0 0 0 0 0 0 0 0 0 0 0 
0 0 0 0 0 0 1 0 0 0 0 0 0 0 0 0 0 0 0 0 0 0 0 0 0 0 0 0 0 0 0 0 
0 0 0 0 0 0 0 0 0 0 0 0 0 0 0 0 0 0 0 0 0 0 0 0 0 1 0 0 0 0 0 0 
1 0 0 0 0 0 0 0 0 0 0 1 0 0 0 0 0 0 0 0 0 0 0 0 0 0 0 0 0 0 0 0 
0 0 0 0 0 0 0 0 0 0 0 0 1 0 0 0 0 0 0 0 1 0 0 0 0 0 0 0 0 0 0 0 
0 0 0 0 0 0 0 0 0 1 0 0 0 1 0 0 1 0 0 0 0 0 1 0 0 0 0 0 0 0 0 0 
0 0 0 0 0 0 0 0 0 0 0 0 0 0 0 0 0 0 1 1 0 0 0 0 0 0 0 0 1 0 0 0 
0 0 0 0 0 0 0 0 0 0 0 0 0 0 0 0 0 0 0 0 0 0 0 0 0 0 0 0 0 0 0 0 
0 0 0 0 0 0 0 0 0 0 0 0 0 0 0 0 0 0 0 0 0 0 0 0 0 0 0 0 0 0 0 0 
0 0 0 0 0 1 0 0 0 0 0 0 0 0 0 0 0 0 0 0 0 0 0 0 0 0 0 0 1 0 0 0 
0 0 1 0 0 0 0 0 0 0 0 0 0 0 0 0 0 0 1 0 0 0 0 0 0 0 0 0 0 0 0 0 
0 0 0 0 0 0 0 0 0 0 0 1 0 0 0 0 0 0 0 0 0 0 0 0 0 0 0 0 0 0 0 0 
0 0 0 0 0 0 0 0 0 0 0 0 0 0 0 0 0 0 0 0 0 0 0 0 0 0 0 0 0 0 0 0 
0 0 0 0 0 0 0 0 0 0 0 0 0 0 0 0 0 1 0 0 0 0 0 0 0 1 1 0 0 0 0 0 
0 0 0 0 0 0 0 0 0 0 0 0 0 0 0 0 0 0 0 0 0 0 0 0 1 0 0 0 0 0 0 0 
1 0 0 0 0 0 0 0 0 0 0 0 1 0 0 0 0 0 0 1 0 0 0 0 0 0 0 0 0 0 0 0 
1 1 0 0 0 0 0 0 0 0 0 1 0 0 0 0 0 1 0 0 0 0 0 0 0 0 0 0 0 0 0 0 
0 0 0 0 0 0 0 0 0 0 0 0 0 0 0 0 0 0 0 0 0 0 0 0 0 0 0 0 0 1 0 0 
0 0 1 0 0 1 0 0 0 0 0 0 0 0 0 0 0 0 0 0 0 0 0 0 0 0 0 0 0 0 0 0 
0 0 0 0 0 0 0 0 0 0 0 0 0 0 0 0 0 0 0 0 0 0 0 1 0 0 0 0 0 0 0 0 
1 0 0 0 1 0 0 0 0 0 0 0 0 0 0 0 0 0 0 0 0 0 0 0 0 0 0 0 0 0 0 0 
0 0 0 1 0 0 0 0 0 0 0 0 0 0 0 0 1 0 0 0 0 0 0 0 0 0 0 0 0 1 0 1 
0 0 0 0 0 1 0 0 0 0 0 0 0 0 0 0 0 0 0 0 0 0 0 0 0 0 0 0 0 0 0 0 
0 0 0 0 0 0 0 0 0 0 0 0 0 0 0 0 1 1 0 0 0 0 0 0 0 0 0 0 0 0 0 0 
0 0 0 0 0 0 0 0 0 0 0 0 0 0 0 0 0 0 0 0 0 0 0 0 0 0 0 0 1 0 0 1 
0 0 0 0 0 0 0 0 0 0 0 0 0 0 0 0 0 0 0 0 0 0 0 0 0 0 0 0 0 0 0 0 
0 0 0 0 0 0 0 0 0 0 0 0 0 0 0 1 0 0 0 0 0 0 0 0 0 0 0 0 0 0 0 0 
0 0 0 0 0 0 0 0 0 0 0 0 0 0 0 0 0 0 0 0 0 0 0 0 0 0 0 1 0 0 0 0 
0 0 0 0 0 0 0 0 1 0 0 1 0 0 0 0 0 0 0 0 0 0 0 0 0 0 0 0 0 0 0 0 

----------------------

Fourier transform:
51.000	0.000		-0.287	5.003		-0.065	1.910		-3.329	4.207		-0.536	4.536		-1.999	-2.273		0.145	-4.631		-11.022	-1.689		-2.000	9.000		12.969	-0.825		2.441	2.783		3.299	-0.961		6.536	2.536		-6.456	-2.966		5.479	-2.676		6.826	-2.619		-11.000	0.000		
-6.826	1.345		6.503	0.949		12.174	1.031		10.354	3.631		-3.187	1.935		-0.753	-0.500		1.914	5.850		-8.047	-5.767		-0.417	-3.058		-3.354	3.941		-0.246	3.806		-2.718	6.958		-0.910	9.875		-9.168	-2.141		2.413	-4.507		-0.901	-0.184		-0.723	-8.580		
-5.903	-8.466		-2.688	-0.585		1.099	0.891		8.474	4.576		10.557	2.930		1.288	2.402		3.238	3.704		0.744	11.637		6.546	-2.620		-7.867	2.249		-9.472	-2.719		-3.971	-5.984		5.023	0.688		6.811	6.903		-4.129	-0.592		-2.634	-0.607		4.734	7.512		
5.498	0.023		-6.505	-6.062		-4.525	-4.017		-2.543	-1.553		2.601	1.439		-1.194	1.054		2.804	0.022		-6.454	-0.347		-5.529	2.950		5.005	-11.702		6.556	4.235		-1.121	0.068		-2.785	-1.218		-5.164	-3.050		4.269	1.662		-3.696	8.496		-2.355	-6.644		
-0.586	0.414		3.869	-1.270		0.044	-0.735		3.669	-3.626		-1.707	-6.293		-5.646	0.859		9.150	3.816		5.980	-7.835		4.485	3.243		3.834	4.842		-8.691	-2.275		5.175	3.639		2.707	1.293		1.730	0.482		-7.028	-2.510		9.105	-0.872		0.828	3.000		
2.179	-0.926		3.358	1.567		-2.529	-3.166		1.183	-4.083		4.085	-3.239		-2.219	-0.271		7.059	4.407		0.872	2.474		-4.587	3.369		-0.279	-4.194		0.851	4.445		-2.441	-7.856		4.781	-6.071		-3.367	-5.670		0.329	4.006		3.583	0.635		2.588	0.820		
2.047	1.843		0.487	1.887		8.915	0.251		1.768	7.785		0.343	5.301		-1.971	-2.308		-3.039	0.963		-8.072	-0.584		3.745	3.311		2.033	1.330		4.365	4.410		0.282	-1.645		4.048	9.272		-2.592	-2.053		4.957	0.396		-3.270	-5.149		-3.204	1.060		
-2.247	5.990		-0.516	-4.844		-2.245	-2.111		-5.180	-6.048		0.655	-0.407		6.103	-0.532		3.413	1.562		-1.107	-9.099		-1.337	-3.518		-9.597	8.315		3.110	-4.675		-3.156	5.537		-4.494	-4.199		3.525	-0.964		1.019	5.448		1.416	-2.604		-4.681	-5.921		
-5.000	-2.000		0.115	-9.330		-4.758	1.417		-0.323	1.295		2.121	-6.707		3.493	1.189		-3.045	-3.836		13.310	7.267		-6.000	5.000		-0.744	-1.595		-3.018	-8.246		-2.916	-2.341		-2.707	6.707		-2.355	-9.237		1.739	6.073		4.170	-3.475		11.000	4.000		
3.461	3.059		2.404	-7.866		1.182	4.397		1.722	-0.406		-2.474	-2.151		0.606	-3.283		-4.083	1.984		-5.160	-10.898		11.192	-1.931		7.054	0.992		3.005	0.476		-9.799	-4.228		6.338	-1.425		0.465	-5.156		1.313	-1.304		-1.628	-4.590		-0.659	0.704		
2.681	4.914		-2.789	-3.815		-3.200	2.982		1.820	4.364		-1.635	5.447		1.425	-0.138		-2.709	1.582		3.499	-0.209		-4.538	4.756		-2.647	-1.965		7.282	-1.280		4.034	8.516		-6.870	-0.012		1.174	-1.331		-4.915	0.251		-2.581	0.154		-1.039	-7.183		
-10.336	2.452		2.348	-2.194		3.604	0.691		-2.762	-5.723		-0.221	-1.321		0.301	-1.225		-4.054	8.081		1.209	5.404		-0.539	-2.982		-2.064	3.087		-8.348	-1.882		7.519	-0.794		-6.215	3.192		2.563	-4.062		-2.532	-9.665		-1.531	-0.281		7.530	-4.089		
-3.414	2.414		-8.006	0.355		4.782	-4.573		2.826	2.929		1.293	-2.707		-2.520	-2.751		-5.968	7.053		-4.119	-9.534		1.414	5.000		-5.010	0.529		-8.579	4.797		0.822	-3.589		-0.293	7.707		0.980	-2.406		-2.476	4.879		-9.426	-0.084		-4.828	-3.000		
2.659	3.402		1.164	-3.009		1.650	-2.233		-8.697	6.895		8.080	-9.373		6.687	0.248		8.398	1.357		2.720	-8.874		-4.961	2.516		0.627	-2.195		6.835	-4.310		-1.584	3.270		-6.444	-2.307		-3.243	-2.561		0.645	9.585		0.666	1.684		3.551	-11.553		
-14.825	2.605		8.309	7.012		-5.528	-3.420		2.536	-2.309		-9.134	3.824		0.081	-1.418		0.401	7.180		11.436	2.300		1.798	-0.381		-1.185	5.424		-2.753	-3.124		1.035	3.116		0.096	-3.483		2.180	-0.881		-5.341	-5.352		-3.425	7.549		-0.492	7.270		
5.613	-1.585		-0.342	-0.083		3.006	2.402		-2.070	-2.907		4.288	8.811		1.471	1.173		-7.816	-5.516		-2.356	3.241		-0.003	1.725		4.605	6.238		2.860	4.400		7.125	-2.923		-7.748	2.693		3.435	6.460		2.963	-1.881		4.035	-5.446		-5.251	-1.954		
-1.000	0.000		-4.854	-5.137		3.975	1.405		-4.555	2.734		-0.293	-2.879		3.876	-3.844		-0.360	4.580		-2.748	1.383		-4.000	3.000		-3.431	-3.714		-7.882	6.823		-4.614	-5.719		-1.707	7.121		0.121	-4.313		-3.733	7.648		0.205	0.595		-3.000	0.000		
5.613	1.585		6.704	6.247		-10.697	-12.652		4.748	0.756		0.891	-0.954		4.389	-1.767		4.266	-0.947		3.903	0.704		2.695	-1.403		2.155	5.778		7.724	-1.702		-9.251	1.353		-2.917	4.028		1.307	-2.124		-9.117	-7.749		4.527	0.139		-5.251	1.954		
-14.825	-2.605		5.949	-3.334		2.549	6.649		5.234	1.400		-3.143	-5.172		-4.566	-3.447		-1.630	-9.846		8.929	4.877		8.525	-3.965		-1.851	4.464		5.728	4.172		2.162	3.692		-3.265	4.383		-3.005	-3.137		0.918	1.841		-7.723	-1.159		-0.492	-7.270		
2.659	-3.402		-2.445	-0.909		-3.909	4.704		0.545	-2.754		6.637	-1.211		8.860	7.967		-7.199	-3.195		-0.761	3.206		6.294	-1.102		5.441	-6.547		0.004	1.514		7.586	6.780		8.328	4.812		6.608	15.938		-6.897	0.987		-3.460	-3.265		3.551	11.553		
-3.414	-2.414		5.716	0.654		-1.524	-1.949		-1.628	-6.535		-7.950	7.121		-4.317	1.060		0.922	-4.032		2.615	-3.384		-12.485	-5.243		5.001	-5.101		8.311	5.881		0.340	4.206		-4.364	-11.778		3.498	9.109		1.218	4.256		1.915	12.754		-4.828	3.000		
-10.336	-2.452		-1.271	6.278		2.329	-1.014		2.408	-0.788		3.420	-4.481		-4.633	-4.965		-1.134	1.827		10.571	8.450		-4.000	-3.686		-4.344	-1.865		-8.942	-7.133		8.699	-5.592		6.420	5.031		3.133	3.742		-5.067	1.167		-2.890	0.546		7.530	4.089		
2.681	-4.914		-3.662	0.037		-6.236	-9.125		-6.471	-9.152		9.899	3.770		7.004	2.742		-0.938	0.413		-3.048	-6.793		0.498	3.760		1.086	-3.154		7.463	0.230		-10.113	-5.364		0.538	-15.514		1.594	-2.911		8.910	-5.108		4.484	4.075		-1.039	7.183		
3.461	-3.059		3.469	1.441		4.463	6.341		-8.915	-1.443		-8.608	-3.534		-2.209	-4.071		5.595	-8.630		6.332	4.179		-0.511	4.283		4.626	9.147		1.539	0.406		8.404	5.823		-1.928	-6.134		3.381	5.223		1.989	-0.584		5.060	-6.446		-0.659	-0.704		
-5.000	2.000		-3.001	3.268		2.504	1.001		-0.692	-2.842		-1.293	-5.293		1.274	-2.141		-6.396	-8.832		-0.354	-2.603		4.000	-9.000		2.007	-2.303		-1.197	5.235		2.382	11.280		-2.121	5.293		1.480	3.923		-1.828	-1.997		-1.846	-8.808		11.000	-4.000		
-2.247	-5.990		-6.179	5.340		-8.394	3.224		-2.205	6.140		4.770	6.828		-1.165	5.058		-6.097	-11.605		1.771	-0.946		-2.157	6.392		-4.386	-14.170		6.565	-2.909		-9.237	-6.899		-2.511	1.180		3.537	5.517		5.061	6.964		-1.684	9.446		-4.681	5.921		
2.047	-1.843		4.966	-0.321		-3.839	4.791		-7.274	0.659		-5.779	-0.861		-8.641	1.847		1.023	4.230		-8.276	-1.615		5.467	-14.170		2.376	-2.351		3.523	-7.487		5.386	-6.754		5.113	-7.403		1.264	2.558		-10.249	-7.953		4.098	1.770		-3.204	-1.060		
2.179	0.926		1.359	2.077		0.830	-3.644		6.129	5.094		-9.017	-1.250		-4.036	0.602		-4.269	-0.908		-2.780	5.944		-0.226	1.135		-0.732	-1.461		-4.664	1.867		5.934	2.979		0.671	-1.129		4.370	-8.229		0.442	-7.437		-0.627	-0.563		2.588	-0.820		
-0.586	-0.414		-5.843	-1.754		10.685	0.662		5.228	-4.167		8.364	-3.778		-0.167	9.096		4.691	-1.103		-11.874	4.104		-1.414	5.000		-6.413	-4.125		-3.150	0.645		1.517	-5.321		1.950	-2.879		-0.192	-0.597		13.613	6.093		1.342	-5.704		0.828	-3.000		
5.498	-0.023		-1.470	8.676		-0.045	-0.040		2.385	8.475		-4.271	0.123		-2.628	2.241		0.129	1.456		-3.910	-5.016		2.234	-2.199		-6.998	2.022		-5.340	2.998		-2.949	3.988		6.557	1.005		-10.331	0.018		0.093	2.290		-2.706	3.704		-2.355	6.644		
-5.903	8.466		1.719	7.331		-9.403	-2.159		-7.280	-1.317		-1.109	0.762		11.385	-0.875		4.514	-1.242		2.999	2.680		-6.041	-6.690		-0.158	6.294		5.630	-9.846		-4.819	3.230		-4.682	-3.931		-6.231	6.857		2.866	-5.250		-1.240	1.580		4.734	-7.512		
-6.826	-1.345		-8.582	-7.611		3.105	6.086		2.900	-5.287		-7.648	8.787		-9.582	-1.729		1.074	4.254		3.196	7.345		1.851	-2.491		2.240	2.615		-11.509	-1.536		-3.011	-8.464		2.856	-9.330		-1.052	-2.940		3.076	1.017		-0.165	-1.273		-0.723	8.580		

----------------------

Coordinates:
1 0 0 0 0 0 0 0 0 0 0 0 0 0 0 0 1 0 0 0 0 0 0 0 0 0 0 0 0 0 0 0 
0 0 0 0 0 0 0 0 0 0 0 0 0 0 0 0 0 0 0 0 1 0 0 1 1 0 0 0 0 0 1 0 
0 0 0 0 0 0 0 0 0 0 0 0 0 0 0 0 0 0 0 0 0 0 0 0 0 0 0 0 0 0 0 0 
0 1 0 0 0 0 0 0 0 1 0 0 0 0 0 0 0 0 0 0 0 0 0 0 0 0 0 0 0 0 0 0 
0 0 0 0 0 0 0 0 0 0 0 0 0 0 0 0 0 0 0 0 1 0 0 0 0 0 0 0 0 0 0 0 
0 0 0 0 0 1 0 0 0 0 0 0 0 0 0 0 0 0 0 0 0 0 0 0 0 0 1 0 0 0 0 0 
0 0 0 0 0 0 0 0 0 0 0 0 0 0 0 0 0 0 0 0 0 0 0 1 0 0 0 0 0 0 0 0 
0 0 0 0 0 0 0 0 0 0 0 0 0 0 0 0 0 0 0 0 0 0 0 0 0 0 0 1 0 0 0 0 
0 0 0 0 0 0 0 0 0 0 0 0 1 0 0 0 0 0 0 0 0 0 0 0 0 0 0 0 0 0 0 0 
0 0 0 0 1 0 0 0 0 0 0 0 0 1 0 1 0 0 0 0 0 0 0 0 0 0 0 0 0 0 0 0 
0 0 0 0 0 0 0 0 0 0 0 0 0 0 0 0 0 0 0 0 1 0 0 0 0 0 0 0 0 0 0 0 
0 1 0 0 0 0 0 0 0 0 0 0 0 0 1 0 0 0 0 0 0 0 0 0 1 0 0 0 0 0 0 0 
0 0 0 0 0 0 0 0 0 0 0 0 0 0 0 0 0 0 0 0 0 0 0 0 0 0 0 0 0 0 0 0 
0 1 0 0 0 0 0 0 0 0 0 0 0 0 0 0 0 0 0 0 0 0 0 0 0 0 0 0 0 0 0 0 
0 0 0 0 0 0 0 0 0 0 0 0 0 0 0 0 0 0 0 1 0 0 0 0 0 0 0 0 0 0 0 0 
0 0 0 0 0 0 0 0 0 0 0 0 0 0 0 0 0 0 0 0 0 0 0 0 0 1 0 0 0 0 0 0 
0 0 0 0 0 0 0 0 0 0 0 0 0 0 0 0 0 0 0 0 0 0 0 1 0 0 0 0 0 0 0 0 
0 1 0 0 0 0 0 0 0 0 0 1 0 0 0 0 0 0 0 0 0 0 0 0 0 0 0 0 0 1 0 0 
0 1 1 0 0 0 0 0 0 0 0 0 0 0 0 0 0 0 0 0 0 0 0 0 0 0 0 0 0 0 0 1 
0 0 0 0 0 0 0 0 0 0 0 0 0 0 0 0 0 0 0 0 0 0 0 0 0 0 0 0 0 0 0 0 
0 0 0 0 0 0 1 0 0 0 0 0 0 1 0 0 0 0 0 0 0 0 0 0 0 0 0 0 0 0 0 0 
0 0 0 0 0 0 0 0 0 0 0 0 0 0 0 0 0 0 0 0 0 0 0 0 0 0 0 0 0 0 0 0 
0 0 0 0 0 0 0 0 0 0 0 0 0 0 0 0 0 0 0 0 0 0 0 0 0 0 0 0 0 0 0 0 
0 0 0 0 1 0 0 0 0 0 0 0 0 0 0 0 0 0 0 0 0 0 0 0 0 1 0 0 0 0 0 0 
0 0 0 0 0 0 0 0 0 0 0 0 0 0 0 0 0 1 0 0 0 0 0 0 0 0 0 0 0 0 0 0 
0 0 0 1 0 0 0 0 0 0 0 0 0 0 0 0 0 0 1 0 0 0 0 1 0 0 0 1 0 0 0 0 
0 0 0 0 0 0 0 0 0 0 0 0 0 0 1 0 0 0 0 0 0 0 0 0 0 0 0 1 0 1 0 1 
0 1 0 0 0 0 0 1 0 1 0 0 0 0 0 0 0 0 0 0 0 0 0 0 0 0 0 0 0 0 0 0 
0 0 0 0 0 0 0 0 0 0 0 0 0 0 0 0 0 0 0 0 0 0 0 0 0 0 0 0 0 0 0 0 
0 0 0 0 0 0 0 0 0 0 0 0 0 1 1 0 0 0 0 0 1 0 0 0 0 0 0 0 0 1 0 0 
0 0 0 0 0 0 0 0 0 0 0 0 0 0 0 0 0 0 0 0 0 0 0 0 0 0 0 0 0 0 0 0 
0 0 0 0 0 0 0 0 0 0 0 0 0 1 0 0 0 0 0 0 0 0 0 0 0 0 0 0 0 0 0 0 

----------------------

Fourier transform:
52.000	0.000		2.931	4.380		5.283	1.892		3.416	-8.643		0.536	1.293		7.140	-3.390		-6.141	-1.267		6.124	-6.594		3.000	-5.000		-8.202	0.351		0.484	-14.095		2.329	-2.280		-6.536	-2.707		-4.400	-2.362		0.374	9.063		-9.338	0.496		-14.000	0.000		
4.377	3.979		-2.405	5.049		-3.176	4.399		-5.020	1.041		-0.778	5.331		-2.301	-4.217		2.377	1.146		-1.785	3.865		3.525	-5.553		-9.884	10.477		1.532	-2.196		3.487	-1.424		3.417	3.813		2.970	-2.191		1.179	2.651		-5.756	-9.012		5.484	-7.189		
-1.721	4.499		1.455	-2.252		-0.676	4.045		10.140	1.350		3.376	0.920		6.496	1.909		-2.175	-7.752		-3.189	-5.632		0.434	-3.226		-3.759	4.070		7.250	-1.333		-0.339	2.675		6.993	0.801		-8.853	-1.130		0.715	-1.006		1.547	-9.449		1.541	-3.072		
-5.625	0.162		0.783	-3.407		-3.271	1.656		3.125	-2.880		-6.618	-0.995		5.854	5.611		1.100	3.771		-2.822	-2.811		7.693	-3.588		-0.355	3.895		1.341	2.335		-4.926	-5.535		-3.594	0.204		0.033	-4.305		-9.191	-1.554		8.805	-0.537		16.140	1.442		
4.828	-13.071		-2.670	0.725		1.549	-3.938		-1.300	-9.829		0.121	-6.536		-10.268	11.792		-1.162	-0.363		-4.296	5.434		7.657	7.657		3.732	0.113		-2.386	7.845		-4.439	-4.209		-0.536	5.293		7.086	-0.364		9.234	4.409		0.803	15.735		-1.414	2.828		
2.975	2.812		2.814	5.772		4.377	5.519		2.136	1.616		7.765	-0.643		-0.028	-0.144		4.836	-5.219		5.001	4.561		-0.669	6.427		-5.016	6.782		3.224	-1.917		-6.632	-0.728		5.092	2.196		0.440	-1.997		1.585	-7.484		-0.773	-0.867		-0.853	-0.176		
2.955	0.812		4.249	-2.976		-4.818	1.609		-1.231	-6.934		4.398	-1.668		1.164	5.394		-0.783	0.739		-4.790	0.131		-0.613	1.118		-4.479	-0.812		-4.951	1.996		2.583	2.997		1.080	4.624		2.704	2.376		2.197	-3.821		-3.011	-1.143		2.307	-1.389		
1.538	-1.408		10.812	1.632		-2.023	-0.077		-1.712	5.880		6.404	-2.633		9.512	-0.260		8.820	11.905		-6.390	0.578		6.670	-3.859		6.091	-4.327		-0.469	0.526		-2.850	-2.103		-4.177	2.471		-5.381	-1.593		-3.055	-2.776		7.333	-10.375		3.557	-8.761		
-2.000	-8.000		-1.252	-1.448		-2.562	-4.717		-2.372	-1.718		6.364	9.364		3.874	6.562		2.526	-2.148		-3.567	2.843		9.000	-3.000		-2.005	4.628		-1.357	-0.133		6.645	-10.447		8.364	-5.364		-3.831	-5.538		3.719	1.772		3.162	-1.485		6.000	-2.000		
3.377	-5.220		8.250	4.062		10.576	-0.474		2.298	5.379		5.380	-3.233		3.029	-6.303		7.368	1.740		0.460	-1.597		4.707	3.130		1.741	3.676		-1.867	5.016		6.094	-1.304		7.708	-5.107		4.848	-3.471		0.285	-3.530		-5.254	6.957		3.223	-10.480		
1.873	-8.017		1.923	3.045		4.045	2.422		5.117	-2.686		1.260	7.936		-5.058	-7.503		2.123	3.996		-2.968	4.511		0.649	-0.165		2.094	2.370		-2.631	-1.504		4.258	-1.467		-5.406	0.765		4.065	-5.299		9.647	9.609		-3.244	10.175		-0.307	-3.389		
10.892	2.061		2.848	-7.011		1.653	6.852		2.694	-7.065		-0.402	-3.090		-1.162	2.636		0.648	3.264		1.108	1.215		1.166	-10.116		9.269	0.955		3.215	3.874		-4.406	3.731		1.250	7.995		-6.827	3.478		0.976	3.845		-1.552	0.764		-3.483	0.879		
-0.828	-1.071		-1.445	0.123		-0.606	4.495		2.917	-2.164		6.536	-6.707		2.607	2.376		-1.938	0.134		-2.251	-4.955		5.414	-7.071		-5.095	-1.858		-2.409	-1.819		-5.717	-1.017		-4.121	-0.536		-4.238	12.564		-4.760	-12.067		-8.749	-8.575		1.414	2.828		
-1.414	-3.417		2.368	-13.799		-6.369	3.668		-8.724	1.887		-5.471	-13.937		5.487	-2.865		5.129	-3.475		-4.063	1.751		-0.527	-3.345		0.388	0.666		9.880	6.377		-2.490	-1.244		2.442	5.052		-3.863	2.167		-1.063	-3.187		-0.170	-1.458		-2.633	-2.674		
0.892	7.670		7.005	-4.293		2.114	-3.006		-0.334	-0.990		-0.598	-1.848		3.565	1.638		8.649	-3.576		8.862	4.300		3.082	6.129		-3.779	-1.695		5.347	5.905		-2.196	-6.358		1.810	-0.216		2.403	-3.605		0.090	-2.197		4.171	0.857		0.459	-1.072		
-8.121	-2.661		-0.310	-3.454		7.974	-2.488		-5.619	3.899		5.057	-7.049		-4.405	-0.109		7.841	-3.849		-4.168	-4.624		-0.335	3.962		12.337	-3.858		-1.060	7.403		-1.320	3.604		1.823	-7.694		6.031	3.819		1.349	8.499		-3.775	1.318		2.564	1.920		
-16.000	0.000		-3.817	1.134		5.357	-3.141		2.955	8.375		0.293	3.536		0.199	3.022		6.562	-3.374		-3.654	4.392		1.000	9.000		-4.284	7.033		4.266	8.283		2.513	10.601		1.707	3.536		2.818	5.126		-0.186	-3.484		3.270	8.946		10.000	0.000		
-8.121	2.661		3.040	3.888		-2.508	8.153		0.183	-5.565		-0.215	0.529		-1.263	2.968		5.932	4.765		-3.124	2.044		7.800	-4.639		8.913	-5.746		-0.946	-3.219		-0.210	-2.798		4.025	0.800		-4.020	-0.315		0.821	-8.346		-2.288	6.118		2.564	-1.920		
0.892	-7.670		-0.511	-0.228		-0.407	-9.361		-12.162	-6.983		6.624	-6.920		-5.679	-5.925		-1.245	7.089		3.931	3.164		-3.262	7.226		5.752	-2.513		-1.504	2.416		-7.362	-3.272		2.664	6.027		-5.735	2.146		7.285	1.311		2.069	3.466		0.459	1.072		
-1.414	3.417		1.043	1.484		3.525	-4.738		2.245	9.993		4.707	0.078		-0.749	-2.069		11.053	-1.977		-3.822	0.808		-0.798	-5.432		3.180	-7.192		0.659	1.196		6.038	-0.778		5.196	-6.961		5.968	-5.785		7.683	2.897		-2.836	-9.356		-2.633	2.674		
-0.828	1.071		1.191	-7.541		8.174	-3.481		3.089	5.095		9.536	3.707		-2.835	-9.442		8.995	-7.234		6.040	1.915		-3.657	-3.657		2.981	-4.817		2.523	-0.451		11.027	5.360		1.707	-1.293		1.149	5.089		6.020	-9.404		-0.672	0.835		1.414	-2.828		
10.892	-2.061		-0.410	-3.812		11.959	6.652		-5.325	0.790		2.758	12.034		4.660	-4.446		-2.836	4.750		0.425	-5.781		-0.187	-4.869		1.854	-5.819		6.765	-0.774		-3.108	0.706		1.123	-10.631		-2.754	9.838		-3.496	8.402		2.685	7.226		-3.483	-0.879		
1.873	8.017		-4.493	3.550		0.560	0.789		-6.050	2.985		-6.055	0.497		-3.023	0.187		-1.830	1.312		13.387	-2.943		4.613	5.710		-1.582	1.581		12.951	-4.465		2.283	2.156		8.920	1.376		-4.516	-5.236		1.587	6.434		-2.192	0.865		-0.307	3.389		
3.377	5.220		-8.156	6.053		4.023	-1.618		7.860	1.141		-4.315	-9.167		-1.610	-2.607		-8.234	-6.491		-0.324	-4.970		-2.807	3.958		-4.529	4.161		-3.840	-4.272		-1.626	3.530		3.818	-3.409		-1.593	6.919		2.598	2.842		-11.488	-6.829		3.223	10.480		
-2.000	8.000		-10.017	-5.279		-1.376	3.772		-2.361	-1.510		-4.364	-7.364		-3.485	0.104		4.186	-4.962		-0.725	2.132		-1.000	-5.000		1.938	-1.848		11.131	-0.148		-0.510	5.363		-6.364	3.364		7.697	-3.784		-0.266	-3.888		6.810	-1.780		6.000	2.000		
1.538	1.408		-6.260	-11.102		9.810	-11.210		3.019	-4.053		-2.044	-2.627		-2.554	1.135		0.074	2.874		-4.796	-0.733		4.454	-3.767		-5.910	-7.637		7.087	3.430		-13.057	4.171		-5.493	4.494		6.052	6.492		0.848	2.193		6.090	1.158		3.557	8.761		
2.955	-0.812		0.015	10.030		-5.487	0.192		0.061	5.686		7.569	10.549		-1.770	-2.860		5.877	1.535		6.560	-7.438		2.180	4.165		3.887	0.780		5.244	-10.102		2.235	1.187		6.577	-0.765		-6.136	-2.446		8.268	-1.554		-2.042	-5.906		2.307	1.389		
2.975	-2.812		6.630	0.652		-0.101	-3.410		-5.606	1.679		0.656	0.007		0.738	2.568		2.332	-9.418		3.458	3.748		-6.888	10.651		-5.038	1.826		-5.575	6.180		7.595	-4.829		10.805	-1.238		-0.867	2.420		2.438	-1.260		-4.852	6.930		-0.853	0.176		
4.828	13.071		0.015	11.657		0.181	6.995		-2.894	2.530		0.293	2.707		-2.671	5.729		2.972	-3.570		2.959	6.775		2.586	7.071		-1.008	-2.973		3.748	-6.263		4.905	2.069		2.464	-2.293		1.582	-7.282		1.866	-0.523		8.464	0.892		-1.414	-2.828		
-5.625	-0.162		-13.055	-0.094		9.783	-6.254		-3.113	-6.751		8.604	10.546		-1.373	-0.674		-4.427	3.873		-2.153	1.547		4.897	-3.385		2.256	6.379		2.655	-2.388		-3.045	-3.035		8.999	-3.931		1.985	-2.875		3.511	4.972		8.001	-4.465		16.140	-1.442		
-1.721	-4.499		2.300	5.066		5.886	-4.689		9.899	2.132		7.427	1.848		-3.559	-0.703		-0.739	4.658		-6.729	-11.157		0.918	-4.957		-1.885	-7.531		0.417	-0.911		-4.912	5.530		1.362	-1.299		-0.685	-3.559		0.993	-0.775		2.073	1.763		1.541	3.072		
4.377	-3.979		-4.872	-1.605		0.550	-0.505		2.669	6.313		-0.803	3.536		-0.530	-0.113		-3.889	7.124		7.304	3.520		3.301	4.425		0.395	-1.116		3.275	-6.790		7.150	-0.852		0.879	0.633		5.868	0.705		10.750	-2.041		2.709	-3.264		5.484	7.189		

----------------------

ISF:
time_factor: 1, time_steps: 10, repeats: 1000000

Real
Timestep 1	Timestep 2	k0	k1	k2	k3	k4	k5	k6	k7	k8	k9	k10	k11	k12	k13	k14	k15	k16	
0	0	2691.13901	45.02315	45.20288	45.31982	45.68951	46.00581	46.70392	47.15456	47.71332	48.28828	48.83243	49.33701	49.93570	50.27715	50.59137	50.76846	50.83856	
0	1	2691.13901	44.42125	42.88390	40.33543	37.38547	33.99192	30.83548	27.61020	24.71197	22.30037	20.17355	18.45616	17.17067	16.23213	15.42047	15.18783	15.02150	
0	2	2691.13901	43.83133	40.67486	35.90850	30.62354	25.17412	20.44760	16.33860	13.02580	10.52964	8.64351	7.27776	6.32453	5.63883	5.19330	4.91689	4.90311	
0	3	2691.13901	43.24418	38.58149	31.97836	25.11227	18.71773	13.64660	9.76444	7.06077	5.22203	3.99942	3.20205	2.69840	2.35136	2.20735	2.02234	1.93623	
0	4	2691.13901	42.66925	36.60102	28.47749	20.57777	13.95208	9.13138	6.01787	3.99933	2.79381	2.07816	1.62595	1.45570	1.21074	1.23934	1.20282	1.13790	
0	5	2691.13901	42.10880	34.71306	25.38900	16.90230	10.45281	6.23177	3.75581	2.43263	1.68363	1.31296	1.09424	1.01393	0.95221	0.99859	0.93854	0.88244	
0	6	2691.13901	41.54759	32.94843	22.64046	13.91683	7.89662	4.33941	2.50658	1.60105	1.14223	0.96902	0.95728	0.89315	0.86382	0.88080	0.86925	0.89008	
0	7	2691.13901	41.00513	31.26649	20.17262	11.47525	6.01262	3.06514	1.77044	1.18588	0.91203	0.88613	0.83988	0.86787	0.77410	0.83445	0.85699	0.78136	
0	8	2691.13901	40.46588	29.67734	17.97395	9.47430	4.62201	2.29487	1.34884	0.90049	0.77692	0.80406	0.79084	0.85629	0.75082	0.86501	0.80628	0.86106	
0	9	2691.13906	39.92978	28.17816	16.05783	7.84929	3.59265	1.74308	1.10322	0.80349	0.81439	0.78254	0.75241	0.78827	0.79168	0.80189	0.77381	0.89074	
0	10	2691.13906	39.40144	26.74986	14.36651	6.53431	2.84784	1.41698	0.94899	0.80601	0.72999	0.77833	0.73835	0.80531	0.76334	0.88797	0.78061	0.93209	

Imaginary
Timestep 1	Timestep 2	k0	k1	k2	k3	k4	k5	k6	k7	k8	k9	k10	k11	k12	k13	k14	k15	k16	
0	0	0.00000	0.00000	0.00000	0.00000	0.00000	0.00000	0.00000	0.00000	0.00000	0.00000	0.00000	0.00000	0.00000	0.00000	0.00000	0.00000	0.00000	
0	1	0.00000	0.00480	-0.01253	0.01104	0.00804	0.00473	0.01144	0.03153	0.00369	-0.00684	0.06045	0.07395	-0.00092	-0.03090	0.01812	-0.00230	0.00000	
0	2	0.00000	0.00011	-0.00767	0.01149	-0.01831	0.02168	0.04559	0.00077	-0.02072	0.01467	-0.00279	0.08227	0.03659	0.04264	0.04659	-0.00401	0.00000	
0	3	0.00000	-0.00058	-0.00278	0.01424	-0.00870	-0.00195	0.04510	0.02826	-0.00480	0.00305	-0.01918	0.02058	0.06573	0.02383	-0.00880	-0.02613	0.00000	
0	4	0.00000	0.00282	-0.00905	0.01947	-0.01650	-0.01512	0.03393	0.05404	0.02495	0.02434	-0.02849	-0.01160	0.06926	-0.07844	-0.00572	0.04275	0.00000	
0	5	0.00000	0.00739	-0.01325	0.02351	-0.00710	-0.04175	0.04297	-0.02276	-0.01620	0.01162	-0.07170	-0.04311	-0.00157	0.02774	-0.01485	0.02245	0.00000	
0	6	0.00000	0.00737	0.00965	0.01366	0.01988	-0.05261	0.02286	-0.03618	0.00716	0.01332	-0.02126	-0.02138	-0.02943	-0.00570	-0.05479	0.04030	0.00000	
0	7	0.00000	0.00735	0.00246	0.02941	-0.03138	-0.06578	0.02132	0.00554	-0.01028	-0.02693	0.00057	-0.03339	0.01003	0.01907	-0.00702	0.04393	0.00000	
0	8	0.00000	0.01204	0.01072	0.03429	-0.05208	-0.03862	0.01660	-0.04243	0.01093	-0.01501	-0.03120	-0.03157	0.04573	0.04015	0.02865	0.04122	0.00000	
0	9	0.00000	0.00765	0.01864	-0.00559	-0.04994	-0.01058	-0.01156	-0.02056	0.04809	-0.01833	-0.03660	0.06283	0.04418	-0.01098	-0.00150	-0.00791	0.00000	
0	10	0.00000	0.00126	0.01336	-0.00910	-0.02024	0.01581	-0.00709	0.02857	0.04151	-0.03675	0.00949	0.01762	0.05071	0.03801	0.00918	-0.03333	0.00000	

Real variance
Timestep 1	Timestep 2	k0	k1	k2	k3	k4	k5	k6	k7	k8	k9	k10	k11	k12	k13	k14	k15	k16	
0	0	1159.27694	1996.05312	2011.85166	2022.74316	2047.59024	2086.98418	2145.11974	2183.87251	2225.85233	2298.35950	2349.75751	2392.21711	2440.30969	2480.00941	2497.22187	2516.99354	5088.66599	
0	1	1159.27694	1970.21459	1910.88078	1812.43098	1711.18790	1617.96977	1545.22918	1473.17978	1418.16252	1401.82682	1381.30106	1375.87736	1382.70734	1392.11194	1395.40037	1405.87874	2791.51960	
0	2	1159.27694	1944.31252	1819.46505	1645.48255	1492.32452	1366.08258	1286.08447	1233.80314	1213.61702	1218.46585	1228.59426	1248.81588	1268.07506	1283.35425	1303.04430	1316.85153	2607.47283	
0	3	1159.27694	1918.94418	1736.83303	1516.88631	1345.76037	1224.93688	1175.76337	1154.24440	1160.31384	1176.05365	1201.72859	1225.49334	1248.83029	1272.21470	1297.28094	1310.52375	2590.77865	
0	4	1159.27694	1894.85812	1664.59408	1417.24620	1244.00688	1150.44237	1126.10213	1123.67672	1136.37997	1166.34810	1198.95610	1218.76036	1246.27066	1273.59667	1290.84599	1309.88023	2581.88258	
0	5	1159.27694	1871.90723	1598.61754	1336.03060	1177.26734	1110.73619	1106.02148	1112.82633	1139.41971	1166.50316	1191.27299	1219.47064	1244.38118	1263.99239	1286.59944	1305.78420	2589.46159	
0	6	1159.27694	1848.17636	1542.23979	1273.63129	1138.55463	1090.53848	1098.12413	1112.51626	1136.40562	1170.15543	1195.91727	1216.77142	1242.32554	1266.78573	1289.10661	1307.62804	2588.74208	
0	7	1159.27694	1827.92377	1489.39014	1220.25665	1105.19548	1077.68788	1094.21618	1110.90918	1138.94129	1168.09402	1196.13724	1223.93703	1249.05614	1264.80227	1287.30881	1305.73506	2584.65388	
0	8	1159.27694	1806.32212	1442.34303	1179.41616	1085.43791	1070.32108	1089.77835	1111.16502	1139.57881	1163.66818	1193.38986	1220.55575	1245.37804	1262.97178	1281.50803	1297.67054	2585.96882	
0	9	1159.27035	1785.20024	1401.39246	1149.22731	1072.01931	1062.93942	1088.75888	1107.59849	1134.99107	1164.73051	1193.10182	1220.98570	1247.10858	1264.27710	1278.04695	1304.43692	2589.11604	
0	10	1159.27035	1764.85050	1363.72195	1125.85801	1061.29420	1059.55414	1088.53610	1107.50717	1137.98120	1166.59501	1191.45372	1217.80854	1244.71629	1260.94391	1284.16232	1301.69304	2583.49137	

Imaginary variance
Timestep 1	Timestep 2	k0	k1	k2	k3	k4	k5	k6	k7	k8	k9	k10	k11	k12	k13	k14	k15	k16	
0	0	0.00000	0.00000	0.00000	0.00000	0.00000	0.00000	0.00000	0.00000	0.00000	0.00000	0.00000	0.00000	0.00000	0.00000	0.00000	0.00000	0.00000	
0	1	0.00000	26.93756	103.17284	214.83798	347.07629	482.97818	615.45791	728.37163	831.89074	915.96256	991.85536	1045.97674	1091.90836	1124.20983	1147.55266	1161.30518	0.00000	
0	2	0.00000	53.20693	195.17003	384.83657	577.41808	742.65757	879.30517	979.61366	1053.68333	1108.52479	1158.52508	1193.17509	1223.04303	1241.57437	1252.34890	1256.95371	0.00000	
0	3	0.00000	78.51711	277.44120	518.91886	729.18705	886.62741	995.66202	1065.93895	1112.04522	1151.82367	1182.87091	1211.94822	1238.14379	1254.25391	1269.51001	1270.26462	0.00000	
0	4	0.00000	103.12822	351.58804	623.95865	831.17066	963.19479	1046.96720	1095.22713	1132.08255	1161.43130	1187.16384	1216.36172	1244.13098	1258.50521	1270.19598	1272.11149	0.00000	
0	5	0.00000	127.29910	417.73298	706.37426	903.19422	1005.86397	1070.41887	1102.75996	1134.75450	1167.24921	1192.70194	1216.01367	1244.33138	1259.87769	1272.35448	1280.76023	0.00000	
0	6	0.00000	150.68119	478.12481	772.13536	947.96281	1029.64362	1077.52523	1108.23950	1136.43669	1160.49253	1190.34131	1214.90311	1243.36896	1263.45313	1277.31373	1278.25482	0.00000	
0	7	0.00000	173.60579	531.85632	825.52575	976.69328	1044.14327	1077.48538	1106.18153	1141.41234	1165.60325	1191.88846	1216.37271	1248.65368	1263.89393	1274.15643	1274.67061	0.00000	
0	8	0.00000	195.98983	580.26551	866.12696	996.68900	1049.89025	1082.14539	1104.94795	1139.47701	1167.19429	1194.06588	1213.66183	1245.84230	1264.78333	1281.09576	1275.85723	0.00000	
0	9	0.00000	217.59671	624.60730	897.05519	1012.14123	1052.66626	1088.19415	1111.58230	1139.75936	1165.00645	1189.46396	1216.67031	1245.50220	1260.95640	1282.50747	1277.42497	0.00000	
0	10	0.00000	238.59313	664.70503	923.47435	1022.18411	1055.54435	1089.08718	1112.56464	1137.25129	1164.21588	1188.38857	1215.46419	1247.16308	1264.48759	1276.67733	1274.00249	0.00000	

----------------------


