CO/Pt111 System Monte-Carlo Simulation.		Started: Wed Dec 16 13:05:50 2009


name=./montecarlo-1.1.1
dim=32, n_co=205
skip_sweeps=100000, time_factor=1, time_steps=10, repeats=1000000
options: s 
Interaction mode: Nearest neighbour

----------------------

Coordinates:
0 0 0 0 0 1 0 1 0 0 0 0 0 0 0 0 0 0 0 1 0 1 0 0 0 0 0 0 0 0 0 0 
0 1 0 0 0 0 0 0 1 0 0 0 0 0 1 1 0 0 0 1 0 0 0 0 0 1 0 0 1 0 1 0 
0 0 0 0 1 0 1 0 0 0 0 1 0 1 0 0 0 0 0 0 1 0 0 0 0 0 0 0 0 0 0 1 
0 0 0 0 0 0 0 1 0 0 0 0 0 0 1 0 1 0 1 0 0 0 0 0 0 0 0 0 0 0 0 1 
0 0 0 0 0 0 0 0 0 0 1 0 0 0 0 0 0 0 0 0 0 1 0 0 1 0 0 0 0 0 0 0 
0 0 0 0 0 0 0 0 0 0 0 0 0 0 0 0 0 1 0 0 0 0 0 0 0 1 0 0 1 0 0 0 
0 0 0 0 0 0 0 0 0 0 1 0 0 1 0 0 0 0 0 0 0 0 0 1 0 0 0 0 0 0 1 0 
0 1 0 0 0 1 1 1 0 1 0 0 0 1 1 0 0 0 1 0 1 0 0 1 0 1 0 0 0 0 0 0 
0 1 0 0 0 0 1 0 0 0 1 0 0 0 0 0 0 0 0 0 0 0 0 1 0 0 0 1 1 1 0 0 
0 1 0 0 0 0 1 0 0 0 0 0 1 0 1 0 0 0 0 0 0 0 0 0 0 0 0 0 0 0 0 0 
0 0 0 0 1 0 0 0 0 1 1 1 0 0 1 0 1 0 1 0 0 0 0 1 0 1 0 0 1 0 0 0 
1 0 1 0 0 0 1 1 0 0 0 0 0 0 0 0 0 0 0 0 0 0 0 0 0 0 0 0 1 1 0 0 
0 1 0 0 0 0 0 1 1 0 0 0 0 0 0 0 0 0 1 0 0 0 0 1 0 1 0 1 0 0 0 0 
1 0 1 0 0 0 0 1 0 1 0 1 0 0 1 0 0 0 1 0 0 0 0 0 0 0 1 0 0 0 0 0 
0 1 0 0 0 0 0 0 0 0 0 0 0 1 0 0 0 0 0 1 0 0 0 0 1 0 0 0 1 0 0 0 
0 0 0 0 0 0 0 0 0 0 0 1 0 0 1 0 0 0 1 0 0 0 0 0 0 0 0 0 0 0 0 0 
1 0 0 0 1 0 0 0 0 0 0 0 0 0 1 0 0 0 0 0 0 0 0 0 0 0 0 1 0 0 1 0 
0 0 0 0 0 0 0 0 0 0 0 0 0 0 0 0 1 0 0 0 1 0 0 0 0 0 0 0 0 1 0 0 
0 0 0 0 0 0 0 0 0 0 0 0 0 0 1 0 0 0 1 0 1 1 0 0 0 1 0 0 0 1 1 1 
0 0 0 0 0 0 0 0 0 0 1 0 0 0 0 0 0 0 0 0 0 0 0 1 0 1 0 0 0 0 0 1 
0 1 0 0 1 1 0 0 0 1 1 0 1 0 1 1 0 1 0 0 0 0 0 0 0 0 0 0 0 0 0 0 
1 0 0 0 0 0 0 1 0 0 0 0 0 1 0 0 1 0 0 1 1 0 0 1 0 0 0 0 0 0 0 0 
1 0 0 0 0 1 0 0 0 1 0 0 0 0 1 0 1 1 0 1 1 0 0 1 0 0 0 0 1 0 1 1 
0 1 0 0 1 0 1 1 0 0 1 0 0 0 0 0 0 0 0 1 0 0 1 0 0 0 0 0 0 0 0 1 
0 0 1 0 1 1 1 1 0 0 1 0 1 0 0 0 0 0 1 1 0 1 0 0 0 0 0 0 0 0 0 1 
0 0 0 0 0 0 1 0 1 0 0 1 0 1 0 0 0 0 1 1 0 1 0 0 0 1 0 0 0 1 0 0 
0 0 0 1 1 1 0 0 0 0 0 0 1 0 0 0 0 0 0 0 0 0 0 0 1 0 0 0 0 0 0 0 
0 0 0 0 1 0 0 0 0 0 1 0 1 0 1 0 1 0 0 0 0 0 1 0 0 0 0 0 0 0 0 0 
0 0 0 1 1 0 0 0 1 1 0 0 0 1 0 0 0 1 0 1 1 0 1 1 0 0 0 0 0 0 0 0 
0 0 0 0 0 0 0 0 0 0 0 0 0 0 1 0 0 0 0 0 0 0 0 0 1 0 0 0 0 0 0 0 
1 1 1 0 0 0 0 0 1 0 1 0 0 1 0 0 0 0 0 0 0 0 0 0 0 1 0 0 0 0 0 0 
0 0 0 0 0 0 1 1 0 0 0 0 0 0 0 0 0 0 0 0 0 0 0 0 0 0 0 1 0 0 1 1 

----------------------

Fourier transform:
205.000	0.000		-2.974	1.586		-9.486	-0.610		-6.740	-7.316		7.364	12.879		3.215	-9.395		2.378	7.774		18.257	-18.563		4.000	7.000		5.954	-2.271		-22.277	-15.297		1.005	16.334		-5.364	-17.121		12.863	5.441		9.386	8.318		0.420	-3.094		15.000	0.000		
-10.680	-4.546		-15.547	-5.739		2.561	8.478		-5.510	2.557		0.195	9.785		7.005	4.550		10.154	19.767		-17.429	1.956		13.372	-3.904		-9.984	12.281		-1.197	0.559		19.467	5.205		-1.048	-2.335		-8.779	5.985		3.375	1.749		-10.430	9.160		-9.940	16.156		
4.556	6.679		6.005	24.862		-3.909	7.461		7.163	-0.740		4.093	5.389		13.187	2.434		-17.116	-5.148		-2.687	0.189		-1.018	-5.304		-1.723	-2.100		-12.028	7.818		-5.964	-5.188		-1.485	-1.088		6.200	2.543		-0.671	-7.034		-7.884	-9.265		-11.597	-10.832		
8.213	-16.400		3.242	-16.679		4.037	-11.933		-1.469	19.511		-4.704	-0.075		-2.189	-1.536		5.744	-2.554		-2.167	1.260		3.322	-13.670		-4.777	-0.233		-1.785	0.451		10.061	4.441		-5.455	2.348		-0.128	-5.844		2.413	9.893		12.169	-9.830		9.206	7.864		
-3.172	10.172		-15.526	-7.267		2.572	14.749		8.211	3.245		6.121	2.808		6.633	-1.313		5.299	-0.614		2.335	0.506		-9.586	-7.414		5.812	10.756		7.901	-11.185		-10.605	-22.753		-2.364	-19.778		0.299	5.869		9.724	1.151		0.108	-1.427		-9.314	11.485		
-4.307	-2.371		5.274	-3.508		-0.312	8.575		6.243	-5.484		-3.390	5.646		-1.295	4.710		-7.484	2.145		1.688	-3.820		-7.773	6.409		-5.216	-2.868		3.050	16.323		-3.893	0.383		14.276	9.578		-2.840	-14.271		7.716	6.515		-5.449	-6.314		-5.904	-4.889		
9.469	9.313		-7.154	-9.086		-6.611	-3.890		5.188	25.077		13.214	-4.467		-6.076	5.709		-11.871	5.393		1.226	12.091		16.322	-5.979		7.865	4.894		-2.623	1.499		-2.514	-8.191		11.615	-5.072		-14.188	-7.471		3.193	3.071		-0.522	-5.613		5.927	12.073		
-2.980	-16.349		-12.195	4.163		-3.985	-4.832		1.453	5.250		-1.074	7.016		-9.635	-0.173		-23.009	-3.909		-10.134	-5.541		10.494	13.311		6.326	1.419		-9.046	-12.764		1.808	-10.758		-11.024	-4.280		-5.840	6.805		-0.763	5.502		12.556	2.922		-6.700	-6.631		
-5.000	8.000		8.391	2.602		-5.301	-15.994		4.837	6.239		16.678	9.849		0.548	2.705		8.213	8.149		5.190	-2.649		-2.000	-5.000		-3.939	10.331		4.278	2.202		8.171	6.801		20.435	8.050		6.609	0.839		-17.685	5.458		-7.286	17.668		1.000	-12.000		
11.701	-14.024		12.067	1.346		-15.922	-0.394		3.202	2.798		11.149	-3.451		4.251	-5.912		-8.020	-4.820		9.888	6.423		-6.989	11.690		-15.893	14.896		-1.768	4.046		9.995	0.953		9.755	-4.139		-3.756	-5.125		-2.851	-0.199		0.953	13.231		-12.205	-2.810		
-10.540	0.242		4.325	-4.421		1.979	9.415		8.743	0.628		-10.787	0.756		0.298	17.281		-11.862	2.328		-5.791	-2.092		-17.878	-7.783		1.486	25.489		3.042	6.907		-11.924	-0.198		3.873	0.494		-6.604	6.969		-3.046	2.939		10.077	3.450		-8.856	0.173		
-3.069	-9.695		-17.155	-5.776		6.749	-7.128		-14.363	-5.466		17.252	-16.578		5.785	-17.699		-2.507	-6.031		11.757	8.978		-3.332	-8.984		-3.392	-8.161		-7.885	1.189		-18.208	-6.236		4.921	-3.639		10.553	-2.056		-4.452	5.089		-10.395	-7.559		7.414	-14.151		
-8.828	-15.828		-6.938	-12.661		1.711	-11.142		-5.383	-5.394		10.364	4.222		1.726	9.511		-10.834	3.298		-14.378	-3.845		8.899	-3.899		-1.838	-0.569		15.291	0.601		-8.557	8.511		1.879	-21.192		-0.109	-0.758		-7.664	-3.388		-0.135	-5.432		13.314	5.485		
1.992	13.732		-0.935	-1.907		8.993	-4.971		6.721	-3.441		-7.174	2.059		4.714	-9.053		5.501	-4.165		16.067	-2.038		-2.194	2.417		6.602	14.866		-21.171	-11.687		-4.455	15.528		-1.212	-1.531		-20.199	-7.920		6.734	-9.727		15.659	13.434		14.739	13.431		
8.515	1.608		8.062	5.624		3.156	-2.205		-6.498	-2.319		2.892	-3.848		-3.807	-8.798		5.685	6.647		7.516	-8.951		13.669	-8.918		-20.862	2.801		-5.712	2.852		4.169	-11.960		-8.921	1.331		-5.104	-3.085		0.738	-11.025		3.480	5.646		-5.474	-18.732		
-0.870	11.235		-14.270	10.650		-6.340	-10.733		-7.022	6.957		8.493	-1.638		-0.829	4.512		-7.503	-5.164		1.673	13.928		3.755	-3.188		0.913	7.747		-2.169	-8.815		10.328	8.802		-1.239	2.795		-0.182	0.463		-10.037	-9.623		-5.255	14.212		3.390	10.805		
-3.000	0.000		6.084	-3.112		9.433	-4.056		11.681	4.444		-0.636	0.879		-5.227	1.266		-3.077	-6.157		-4.597	5.233		-4.000	-9.000		-8.756	-1.317		10.491	0.428		-10.799	7.164		-13.364	-5.121		-1.313	-7.315		-4.847	-13.470		12.926	-3.319		15.000	0.000		
-0.870	-11.235		0.419	4.786		-12.503	-6.437		-7.877	-25.513		1.960	8.069		4.904	11.357		15.026	-17.666		17.490	-14.644		8.887	-8.875		-4.004	12.510		12.750	6.132		16.675	-8.345		18.145	-6.330		3.830	-0.523		-7.046	16.360		-21.659	-4.238		3.390	-10.805		
8.515	-1.608		-17.355	-3.764		17.674	-9.019		-6.263	8.448		3.907	0.611		10.789	4.028		-5.322	7.277		11.959	-11.903		-12.739	10.375		-0.799	-8.757		1.336	2.995		0.237	-6.364		10.313	-7.397		2.369	6.838		-25.911	0.563		0.795	5.499		-5.474	18.732		
1.992	-13.732		-2.086	-17.826		16.790	7.104		-16.259	19.239		14.829	-13.672		-2.091	9.619		2.989	1.846		2.743	-11.704		17.657	9.694		3.870	10.371		4.237	7.535		10.975	1.115		-1.791	-0.612		9.812	30.156		-0.386	2.228		17.150	-16.986		14.739	-13.431		
-8.828	15.828		-1.386	-4.793		-9.064	-11.974		17.728	2.083		2.950	0.808		3.484	-7.653		-0.705	-0.470		6.815	-1.484		-12.414	-4.586		-7.414	-7.798		16.248	-3.430		-1.688	4.327		9.778	-16.121		-20.858	-0.544		7.703	9.929		0.304	-10.776		13.314	-5.485		
-3.069	9.695		14.902	10.325		-2.887	2.374		-7.563	0.475		-2.012	-4.929		-8.726	7.040		-10.968	-1.472		-1.615	0.319		-0.440	10.184		23.055	21.099		12.702	7.455		5.899	3.447		-17.699	11.561		-7.492	6.664		-13.916	-1.686		9.074	-8.723		7.414	14.151		
-10.540	-0.242		-3.877	-0.729		-4.059	6.772		0.335	-4.479		-10.042	-4.018		-3.951	1.242		1.920	0.567		-5.196	2.172		-19.736	7.535		16.405	-14.069		-8.758	-3.496		-1.653	21.882		-3.615	-0.928		4.083	8.359		-4.078	-2.583		4.557	-1.524		-8.856	-0.173		
11.701	14.024		3.248	15.208		-8.344	7.628		4.987	-4.609		-1.500	4.710		8.363	2.408		4.627	-1.886		1.998	0.647		-6.450	0.365		-2.870	-1.803		-5.790	-8.449		-4.550	-6.573		-1.553	-9.904		-13.451	9.365		18.220	-10.976		-4.808	-6.244		-12.205	2.810		
-5.000	-8.000		-4.333	18.688		-9.528	4.044		-13.450	-1.693		-6.435	-17.950		4.793	10.864		-3.692	-4.869		0.776	5.616		2.000	7.000		0.772	-5.325		7.000	9.563		0.636	-4.419		-18.678	19.849		-12.144	11.833		8.715	-8.923		0.429	8.974		1.000	12.000		
-2.980	16.349		-1.709	-1.768		0.295	11.956		-2.342	-3.899		5.525	8.425		-2.963	0.743		-19.015	3.991		2.492	4.088		1.215	-9.053		-12.563	-5.778		-2.728	-5.744		8.643	-13.342		7.976	-2.995		-5.371	22.257		1.249	12.520		5.470	-11.487		-6.700	6.631		
9.469	-9.313		1.404	3.556		-13.579	4.245		7.235	-9.545		4.444	-27.726		-4.389	-0.810		-3.586	13.817		0.763	7.542		-4.364	-1.288		3.064	-18.468		2.423	0.910		-2.265	-1.388		4.955	-24.293		14.996	-1.435		-13.112	-1.228		6.681	13.080		5.927	-12.073		
-4.307	2.371		-19.598	-12.503		0.122	-1.503		1.888	-6.344		1.795	6.527		-4.920	-11.634		6.487	-8.597		14.681	-1.606		-18.133	-5.182		-1.286	11.119		4.549	6.523		7.316	5.207		15.496	-15.268		-3.935	20.367		-17.488	-9.155		12.290	13.970		-5.904	4.889		
-3.172	-10.172		-7.072	11.393		7.690	-11.920		-9.433	1.755		-5.778	11.879		-3.810	0.806		0.827	0.229		4.944	-16.571		-10.899	15.899		10.972	1.343		1.287	-7.543		1.814	-16.513		-6.950	-19.192		15.861	12.656		0.014	-3.979		-3.916	8.747		-9.314	-11.485		
8.213	16.400		5.967	-8.453		11.775	-3.580		-26.306	-3.068		-6.253	-1.605		-2.944	7.092		-4.508	6.906		-7.003	1.905		9.922	-0.868		1.379	1.598		-9.638	-1.083		17.094	-2.468		-14.194	4.192		-5.159	14.578		8.052	1.782		6.134	-5.197		9.206	-7.864		
4.556	-6.679		-0.385	-3.483		2.254	5.877		-2.329	1.074		0.279	-11.951		-0.811	0.487		9.492	-14.662		-3.231	-24.681		-14.255	-20.638		-18.654	9.236		6.979	6.106		-6.230	-3.924		-8.736	-8.302		5.579	0.522		-2.017	-20.676		0.449	-6.056		-11.597	10.832		
-10.680	4.546		-10.448	-8.490		-5.714	-5.917		-1.204	5.980		-19.091	5.710		12.775	-4.637		5.171	10.294		-5.791	-5.552		8.686	-0.345		3.894	-8.405		-1.424	9.643		13.824	18.910		0.645	4.560		5.174	2.926		4.492	-8.958		-7.026	-4.467		-9.940	-16.156		

----------------------

Coordinates:
0 0 1 1 0 0 0 1 0 1 0 0 0 1 0 0 0 0 0 1 0 0 0 0 0 0 0 0 0 1 0 1 
0 0 0 0 1 1 0 0 1 0 0 0 0 0 1 0 1 0 0 0 0 0 0 1 0 0 0 1 0 1 1 0 
0 0 0 0 0 0 0 0 0 0 0 1 0 1 0 0 1 0 0 1 0 0 0 1 0 0 0 0 0 0 0 0 
0 1 0 0 0 0 1 0 0 1 0 0 0 0 0 0 0 0 0 0 1 0 0 0 0 0 0 1 0 0 0 0 
1 0 0 0 0 0 0 0 0 1 0 0 0 0 0 0 0 0 0 0 0 1 0 0 0 0 1 1 1 0 0 0 
0 1 1 0 0 0 0 0 0 0 1 0 1 1 0 0 0 0 0 0 1 0 0 0 0 0 0 0 0 0 1 1 
0 0 0 1 0 0 0 0 0 0 0 0 0 0 0 1 1 0 0 0 0 1 0 0 0 0 0 0 1 0 0 0 
0 0 1 0 0 0 0 0 0 0 0 0 0 0 0 0 1 0 0 0 0 1 0 0 1 1 0 0 0 0 0 1 
0 0 0 0 1 0 0 1 0 0 0 0 1 1 0 0 1 0 0 1 0 0 0 0 1 0 0 0 1 0 0 0 
0 0 0 0 0 0 1 0 0 0 0 0 0 0 0 0 0 1 0 0 0 0 0 0 0 1 0 0 0 0 0 0 
1 0 0 0 1 1 0 0 0 1 0 0 1 1 0 1 0 1 0 0 0 0 0 0 0 0 0 1 0 1 0 0 
0 1 0 0 0 0 0 0 1 0 0 0 0 0 0 0 1 0 1 0 0 0 0 1 0 0 0 0 0 0 1 0 
1 0 0 1 0 0 0 1 0 1 1 0 0 0 0 0 1 1 0 0 0 1 0 0 0 0 1 0 1 0 0 1 
0 1 0 0 0 0 0 0 1 0 0 0 0 0 0 0 0 0 0 1 0 0 0 0 0 0 0 0 0 1 0 0 
0 0 0 0 0 0 1 0 0 0 0 0 1 0 0 0 0 0 0 1 0 1 0 0 0 0 0 0 0 0 0 1 
0 1 0 0 1 0 0 0 0 0 0 1 0 0 0 0 0 0 0 0 0 0 0 0 1 1 0 0 0 0 0 0 
0 0 1 0 0 0 0 0 0 1 0 1 0 0 0 1 1 1 0 0 0 0 0 1 0 0 0 0 0 0 0 0 
1 0 1 0 1 0 0 0 0 0 1 0 0 0 0 0 0 0 0 0 0 0 0 0 0 0 0 1 0 0 0 1 
0 0 0 0 0 0 1 0 1 0 0 0 1 0 0 0 0 1 0 0 0 1 0 0 0 0 0 0 0 0 0 0 
0 0 0 1 0 1 0 0 0 0 0 0 1 1 0 0 0 0 0 1 0 0 0 0 1 0 0 0 1 0 0 0 
0 0 0 0 0 0 0 1 0 0 1 0 0 0 0 0 0 0 0 0 0 1 1 0 0 0 0 0 0 0 0 0 
0 0 0 0 1 0 0 0 0 0 0 0 0 0 0 0 0 0 0 1 0 0 0 1 0 1 0 0 1 0 0 0 
0 0 1 0 0 0 0 0 0 0 0 1 0 1 0 0 1 0 0 0 0 0 0 0 0 0 0 1 0 1 0 0 
1 0 1 0 0 0 0 0 0 0 1 0 0 0 0 0 0 1 0 0 0 0 0 0 0 0 0 0 0 0 1 0 
0 0 0 1 0 1 0 0 1 0 0 0 0 0 1 1 1 1 0 0 0 0 0 1 1 0 0 0 0 0 0 0 
0 0 0 0 1 0 1 0 0 0 0 0 0 0 0 0 0 0 0 0 0 0 0 0 0 0 0 0 0 1 1 1 
0 0 0 0 0 0 0 0 1 0 0 0 0 1 0 0 0 1 0 0 0 0 0 1 0 0 0 0 1 0 1 1 
0 0 0 0 1 0 0 0 0 0 1 0 1 0 0 0 0 0 0 0 0 0 1 0 0 0 1 0 1 0 0 0 
0 0 1 0 0 1 0 0 0 1 0 1 1 0 1 0 1 0 0 0 0 0 1 0 0 0 0 0 1 0 1 0 
0 0 0 1 0 0 0 0 0 0 0 1 0 0 0 0 0 0 0 0 0 0 0 1 0 0 1 1 0 1 0 0 
0 0 1 0 0 0 0 1 0 0 0 0 0 0 0 1 0 0 1 0 0 0 0 0 0 0 0 0 1 0 0 1 
0 0 0 1 1 0 0 0 1 0 0 1 0 1 0 1 0 0 0 0 0 0 0 0 1 0 0 0 0 1 0 0 

----------------------

Fourier transform:
206.000	0.000		7.413	-7.101		10.730	12.327		-2.664	-1.034		-3.536	0.536		-20.972	4.127		-2.210	-8.206		-5.021	7.519		19.000	3.000		-14.576	8.135		3.967	4.379		-12.175	1.538		3.536	6.536		-13.645	6.519		-0.488	-3.088		13.640	11.657		-12.000	0.000		
9.237	-1.878		7.457	4.209		-2.301	6.755		-0.792	-1.448		-14.562	1.296		-14.012	-19.471		-5.433	-2.676		-0.186	4.649		-12.759	-3.073		-3.534	1.000		5.225	-6.983		-12.013	4.223		1.872	4.002		-2.552	2.674		5.671	5.332		-4.855	-7.293		-0.636	8.921		
0.217	11.265		6.057	-3.208		-11.155	0.980		1.605	-4.063		-7.187	0.312		-5.874	-11.745		-1.402	-2.481		-3.587	-2.805		-4.462	7.914		12.571	-2.294		-2.092	-0.904		0.318	7.409		4.521	-4.893		-7.493	1.275		0.949	3.976		1.358	-3.011		-15.742	1.620		
4.751	1.074		-1.243	-8.319		-0.593	-9.467		0.589	0.098		2.190	-8.553		-2.725	-0.204		-8.287	-5.975		2.333	-6.271		-1.416	4.412		1.353	3.614		-5.290	-9.147		2.524	-7.192		5.486	-0.548		0.252	6.493		5.583	4.656		5.438	3.369		-18.962	4.466		
1.000	-5.000		-8.048	-4.593		10.777	-0.619		-5.513	-4.420		22.021	5.950		2.660	12.456		-17.036	1.427		4.343	-19.552		-2.414	1.000		-1.075	15.013		-14.794	-5.743		-0.795	-2.335		-1.707	5.536		-1.814	1.534		-5.316	17.384		11.897	7.144		-9.586	-6.899		
2.628	9.089		10.602	8.910		-0.079	6.400		-2.842	8.767		1.283	28.458		10.136	-3.970		-21.304	6.860		-13.554	7.602		5.762	-2.128		-1.745	5.961		5.959	-0.186		-6.674	17.380		-7.125	11.029		0.987	8.858		-16.996	-26.930		-4.012	2.336		-0.307	-1.275		
9.166	-9.522		4.914	0.564		9.213	0.484		5.529	-3.565		-5.468	-9.049		-18.248	12.894		-1.378	-3.252		5.901	11.633		0.128	-0.275		-1.687	4.259		-2.103	-5.821		3.204	5.687		-5.570	-6.301		5.362	-3.485		-0.695	-5.183		8.360	5.628		1.022	-13.170		
3.037	-5.531		-0.170	-3.693		-3.043	3.424		-6.216	3.275		-6.450	0.527		19.899	7.878		-0.134	-2.849		-3.634	5.826		-3.207	-9.902		-14.057	6.275		-0.511	13.106		5.954	-7.296		-2.855	-12.706		10.258	3.687		-19.676	-13.398		-0.591	12.234		9.298	4.469		
14.000	2.000		2.964	-11.553		-5.678	-6.156		10.389	0.904		14.778	-1.536		-9.133	-6.619		3.561	5.935		3.196	-4.767		3.000	7.000		-0.386	6.903		-1.641	-7.011		5.317	-1.142		0.293	1.050		4.179	10.339		13.475	-14.958		12.241	-13.408		6.000	8.000		
1.591	-4.844		16.466	-2.491		4.166	-2.641		2.381	2.246		-7.956	6.034		12.756	-5.986		-10.694	9.736		6.519	5.726		3.495	-4.234		-0.295	0.907		-12.483	7.545		7.974	-0.105		9.662	-9.814		-14.692	16.577		1.820	2.057		-10.930	8.924		-5.746	-1.983		
-3.266	2.579		15.828	-8.338		3.766	4.232		6.977	1.433		-1.291	-11.221		-11.342	-9.600		1.275	-5.134		5.190	-13.471		-3.065	0.395		-5.986	7.755		2.449	8.162		11.146	4.485		22.692	-3.052		9.992	-7.126		-1.556	6.141		12.478	-7.741		-28.093	-5.756		
-10.198	-0.532		13.129	2.336		-11.226	0.701		4.275	27.761		2.676	-13.469		-2.430	1.127		10.308	-7.352		-2.385	1.361		-15.313	-1.073		9.634	2.160		12.729	-1.149		6.589	-14.276		-11.758	5.092		1.451	-8.407		-13.303	-8.658		2.003	4.073		-3.077	4.088		
1.000	5.000		-11.290	-6.240		-1.683	-6.645		2.692	3.742		-0.293	1.536		-3.449	0.636		-19.035	-18.238		1.063	-6.999		15.000	15.243		-11.875	-8.461		17.446	-2.384		-5.755	4.631		-2.021	3.950		-0.626	-2.876		-9.117	-8.276		-6.842	7.877		-12.414	-12.899		
3.991	3.938		0.856	-10.315		-1.230	-0.947		24.166	-6.446		-1.808	-7.216		6.379	-1.263		1.458	6.379		-8.812	3.614		-14.470	3.739		-6.937	10.549		6.701	6.029		-18.792	-1.100		-8.338	25.739		11.172	11.935		0.487	11.347		-7.658	-2.573		-3.796	-16.313		
-14.117	-20.635		-8.096	-2.663		3.879	-19.338		14.579	9.612		11.328	-2.422		13.898	-2.327		8.678	0.510		-14.212	-5.754		-22.622	-4.524		12.571	20.071		16.573	17.318		4.254	10.569		-13.774	17.396		0.838	-4.381		-1.916	-7.606		1.652	3.190		2.813	-2.965		
-7.036	3.295		5.079	11.472		2.421	-3.491		1.457	-6.510		6.275	-24.917		3.375	0.438		-19.220	4.674		4.885	4.034		-4.040	14.608		3.124	9.206		-1.850	28.197		-5.364	9.145		-6.209	-2.032		-13.592	-1.448		14.781	-5.020		7.987	5.432		-0.775	0.328		
18.000	0.000		-27.519	-9.358		6.711	3.763		-5.336	8.846		4.707	9.607		-8.404	-16.412		10.299	-12.009		-2.564	13.131		5.000	5.000		-1.307	14.638		6.287	21.062		4.114	4.959		3.293	11.607		-3.546	12.075		12.703	-15.166		12.562	-17.993		-20.000	0.000		
-7.036	-3.295		7.621	-1.601		11.160	0.086		2.416	4.283		-2.838	11.787		10.226	2.213		-6.090	-8.916		12.422	-18.168		8.161	-6.835		3.222	-12.389		4.122	-10.906		-27.666	0.935		3.402	4.166		8.029	-3.215		-0.716	-3.970		0.612	-22.508		-0.775	-0.328		
-14.117	20.635		4.994	7.586		2.748	2.832		12.936	15.104		5.430	-3.383		2.829	9.943		-1.763	-5.283		-13.642	7.376		-18.610	1.157		-18.333	-2.781		-5.377	9.984		-5.452	-2.156		-15.935	-11.835		-9.936	13.219		10.161	3.345		10.998	8.065		2.813	2.965		
3.991	-3.938		20.333	-2.021		4.026	7.950		-1.074	-0.166		-14.998	-8.345		15.527	0.615		10.634	2.812		2.545	-0.186		2.463	-4.240		14.674	9.342		14.652	-8.103		0.389	-15.448		1.284	-0.373		5.387	23.597		-11.842	14.828		-8.974	-7.349		-3.796	16.313		
1.000	-5.000		-11.270	3.593		6.431	-0.963		-9.070	-13.765		-8.021	-7.950		10.839	-0.956		-20.274	-2.526		7.370	-6.929		0.414	1.000		-19.437	-8.857		-3.936	-1.268		7.004	-0.960		-5.950	-1.879		-5.634	-9.499		-7.489	2.184		-3.034	-13.630		-12.414	12.899		
-10.198	0.532		-3.482	4.374		-0.691	-18.230		7.215	-10.957		12.033	2.533		12.280	-9.257		-0.058	8.860		-4.549	11.579		-3.185	10.040		9.478	28.297		1.351	-8.634		-0.800	9.626		-7.291	-10.402		-1.296	-6.850		3.220	-8.244		-2.508	4.164		-3.077	-4.088		
-3.266	-2.579		-0.306	7.534		4.395	6.162		-9.231	9.575		-3.118	0.321		1.925	-6.088		-1.606	4.003		-10.073	10.439		-9.057	-11.624		-5.128	5.117		8.220	-2.571		16.841	2.006		-4.673	-4.770		-0.314	16.161		4.773	15.447		-7.215	-6.216		-28.093	5.756		
1.591	4.844		3.717	10.712		-13.912	-1.091		-6.395	2.165		-4.224	4.886		1.039	5.778		5.414	-2.069		-5.978	-1.645		2.304	-2.160		-10.008	-9.147		4.034	5.243		5.966	-10.560		2.012	-6.925		-6.308	-0.598		9.161	14.583		-3.753	9.029		-5.746	1.983		
14.000	-2.000		-0.599	6.543		-10.546	0.941		-7.886	-5.630		1.707	-10.950		-10.634	-4.907		-1.773	6.060		-0.678	2.440		-7.000	-7.000		5.647	-0.232		13.510	2.036		-9.989	4.177		-0.778	-5.536		-1.557	12.184		5.092	-7.227		-19.072	-17.918		6.000	-8.000		
3.037	5.531		3.574	-18.079		4.105	8.184		16.943	-2.344		-25.757	-0.976		3.129	-9.401		-5.229	-2.484		5.521	2.717		-0.069	-17.657		5.164	-6.366		3.850	-2.649		3.688	5.778		8.863	-0.496		20.545	15.239		-0.184	0.383		5.345	-7.359		9.298	-4.469		
9.166	9.522		6.042	-5.345		4.641	16.861		7.709	-1.572		6.362	2.293		-8.936	-16.240		1.780	12.258		0.344	0.705		-5.864	-5.466		-2.514	-13.559		5.020	-4.583		-16.900	-1.834		-11.278	20.466		-0.401	-5.615		16.433	25.961		2.539	-6.304		1.022	13.170		
2.628	-9.089		-5.737	-7.861		-0.482	-22.601		9.564	6.595		-5.666	4.225		-6.079	4.890		-13.834	5.056		0.512	7.299		7.438	4.416		17.450	3.668		4.603	15.471		-15.940	-20.634		16.100	5.971		-17.012	-11.854		-18.006	-10.880		-9.579	1.515		-0.307	1.275		
1.000	5.000		4.083	-10.012		8.144	-10.758		-18.713	-17.693		3.950	6.121		-12.416	15.053		-10.519	9.570		-17.988	12.360		15.000	6.757		1.819	-6.881		2.207	-1.744		-1.648	9.542		16.021	-1.950		5.553	12.334		0.193	16.352		0.968	11.232		-9.586	6.899		
4.751	-1.074		-3.181	0.051		1.912	2.379		-21.822	10.861		0.977	12.710		1.177	1.598		-20.447	-0.058		7.914	5.317		5.065	-3.852		7.202	-16.702		24.825	-8.325		-2.136	6.069		21.583	7.776		11.562	-6.371		3.221	4.694		-9.100	-1.805		-18.962	-4.466		
0.217	-11.265		-2.429	-11.221		-0.161	-5.827		12.411	5.335		-2.743	-12.164		10.394	1.438		-5.694	3.398		9.754	-4.525		-0.449	12.423		-10.830	-13.533		-1.894	0.374		10.888	-5.795		4.703	5.675		-4.880	9.280		-2.162	14.246		-8.140	2.107		-15.742	-1.620		
9.237	1.878		3.189	-2.644		5.601	13.931		-7.426	0.439		-2.429	13.646		1.718	4.845		-13.117	8.908		3.731	-2.628		3.771	17.939		-10.008	-5.551		-3.884	1.398		15.908	3.287		2.566	2.147		-4.632	-11.700		4.948	10.563		-5.636	-17.151		-0.636	-8.921		

----------------------

ISF:
time_factor: 1, time_steps: 10, repeats: 1000000

Real
Timestep 1	Timestep 2	k0	k1	k2	k3	k4	k5	k6	k7	k8	k9	k10	k11	k12	k13	k14	k15	k16	
0	0	42188.07411	121.20173	121.83005	123.59650	126.57848	130.16440	134.33443	139.20484	144.99644	150.97060	157.01865	163.76445	169.42012	174.40558	178.47504	181.38922	181.97783	
0	1	42188.07411	119.26194	114.42895	107.78645	100.37363	92.42141	84.67229	77.89759	72.68636	68.35870	65.16621	63.20598	61.84568	61.15573	60.62613	60.74107	60.60865	
0	2	42188.07432	117.39579	107.49792	94.08690	79.60613	65.65790	53.62174	43.86507	36.55461	31.30015	27.28742	24.83901	22.70901	21.62562	20.81105	20.86017	20.61338	
0	3	42188.07432	115.54744	100.94938	82.03967	63.22500	46.74561	33.84981	24.75070	18.45764	14.36971	11.63298	9.77510	8.65928	7.87305	7.23878	7.08862	7.40198	
0	4	42188.07432	113.75063	94.82847	71.61171	50.11642	33.29705	21.53699	13.97178	9.42708	6.80573	5.08146	4.08573	3.40254	3.01238	2.73848	2.76192	2.72564	
0	5	42188.07432	111.95223	89.09811	62.44014	39.78283	23.83208	13.81252	8.02762	4.67784	3.23391	2.27705	1.70120	1.46234	1.22966	1.16170	1.11414	1.38543	
0	6	42188.07432	110.16931	83.69692	54.56944	31.68434	16.91478	8.82060	4.47699	2.56406	1.53430	1.12358	0.76504	0.70172	0.34074	0.59118	0.58896	0.72087	
0	7	42188.07432	108.42291	78.62994	47.61033	25.18774	12.08610	5.67854	2.57094	1.44126	0.74463	0.74808	0.48761	0.32548	0.40838	0.25743	0.19419	0.51619	
0	8	42188.07432	106.72855	73.83270	41.59389	20.11029	8.60046	3.68237	1.50746	0.82025	0.45215	0.55196	0.36918	0.41876	0.38388	0.13939	0.41524	0.09666	
0	9	42188.07432	105.03683	69.30387	36.30506	15.93173	6.14887	2.32610	1.07271	0.64698	0.18077	0.46415	0.34108	0.52192	0.44731	0.15871	0.34800	0.15875	
0	10	42188.07432	103.38277	65.13111	31.68034	12.71845	4.44156	1.50995	0.69438	0.41452	0.13681	0.38856	0.35645	0.44599	0.29807	0.11563	0.46335	0.35746	

Imaginary
Timestep 1	Timestep 2	k0	k1	k2	k3	k4	k5	k6	k7	k8	k9	k10	k11	k12	k13	k14	k15	k16	
0	0	0.00000	0.00000	0.00000	0.00000	0.00000	0.00000	0.00000	0.00000	0.00000	0.00000	0.00000	0.00000	0.00000	0.00000	0.00000	0.00000	0.00000	
0	1	0.00000	0.00938	0.03218	0.02472	0.07708	0.02626	-0.01140	-0.02013	0.04184	0.10324	-0.02486	0.07565	-0.06643	-0.03132	-0.04139	-0.00990	0.00000	
0	2	0.00000	-0.00534	0.03498	0.03547	0.01727	0.07437	-0.12404	0.04616	0.14360	0.00577	0.05399	0.10821	0.08188	-0.18492	0.09188	0.01251	0.00000	
0	3	0.00000	0.01087	0.02468	-0.03393	0.05278	0.02830	-0.05233	0.13370	-0.10085	0.09647	0.04428	0.06447	0.04113	0.04055	0.09689	0.14643	0.00000	
0	4	0.00000	0.00066	0.09273	-0.02166	0.06407	-0.00438	-0.03709	0.21240	-0.15240	-0.08539	0.07529	-0.09273	0.18745	0.12541	0.11930	-0.00973	0.00000	
0	5	0.00000	0.01414	0.10258	0.05697	0.10307	-0.05399	0.02434	0.26187	-0.08889	0.00180	0.05843	-0.11967	0.04336	-0.23846	0.31218	0.05017	0.00000	
0	6	0.00000	0.00161	0.07762	-0.00806	0.10609	0.05164	0.04896	0.11174	0.02683	-0.11226	-0.13975	-0.11016	-0.06302	-0.00452	0.35501	0.15895	0.00000	
0	7	0.00000	-0.00636	0.10746	0.04812	0.06154	0.06293	-0.00182	0.11881	0.00911	0.05105	0.03203	-0.02242	-0.07483	-0.37733	0.05585	-0.06229	0.00000	
0	8	0.00000	0.03045	0.11610	0.02958	0.04431	-0.03226	-0.06050	0.11368	-0.00024	-0.05190	-0.01854	-0.06108	0.27732	-0.08179	0.11216	-0.09865	0.00000	
0	9	0.00000	0.03224	0.13351	0.01898	0.10327	0.05070	-0.04367	-0.01322	0.14167	-0.07688	-0.03133	-0.12409	-0.01238	-0.08129	-0.08755	0.10624	0.00000	
0	10	0.00000	0.05252	0.12154	0.04536	0.09301	0.08355	0.07126	-0.06810	0.17902	0.16017	0.03926	-0.12713	-0.00926	-0.27019	0.25306	0.10329	0.00000	

Real variance
Timestep 1	Timestep 2	k0	k1	k2	k3	k4	k5	k6	k7	k8	k9	k10	k11	k12	k13	k14	k15	k16	
0	0	40430.24533	14678.03423	14792.95904	15219.83219	15940.79695	16894.67718	17973.01741	19299.81623	20974.68962	22739.77817	24618.90984	26688.74980	28534.43102	30236.39515	31658.29861	32705.20797	65936.18685	
0	1	40430.24533	14444.56335	13916.58407	13426.44992	12992.67843	12733.93851	12576.56163	12686.27146	13050.25695	13707.33787	14507.63620	15401.44993	16203.66863	17061.01459	17747.18770	18239.36946	36627.47381	
0	2	40430.22049	14224.33608	13160.95750	12046.29504	11142.03345	10623.85992	10453.75922	10671.08703	11146.59166	11882.40215	12742.41097	13646.76187	14615.18349	15456.27904	16166.99422	16625.35201	33416.24714	
0	3	40430.22049	14010.67269	12484.73145	10992.49925	10005.26351	9582.98860	9599.91417	10006.41477	10670.82860	11468.38575	12411.32303	13462.08944	14338.93309	15259.00573	15978.06273	16474.55339	33179.39853	
0	4	40430.22049	13814.96946	11903.31384	10180.94974	9275.93519	9045.43154	9270.86716	9807.97029	10567.22096	11411.70046	12377.34261	13371.28977	14345.55495	15265.06302	15907.56468	16464.72803	33163.96831	
0	5	40430.22049	13602.21387	11379.26923	9572.19642	8785.18258	8755.02474	9111.78056	9753.18819	10513.10763	11370.61865	12361.29127	13404.24867	14351.80968	15182.12249	15976.95179	16398.14055	33165.35926	
0	6	40430.22049	13408.20973	10914.90042	9110.64793	8477.81368	8610.21722	9059.39532	9717.63913	10503.21456	11395.23103	12392.13568	13363.28442	14312.81700	15228.31202	15995.24874	16495.37011	33080.79203	
0	7	40430.22049	13216.39774	10498.29693	8762.84595	8320.79240	8527.62477	9073.06747	9740.79871	10483.26510	11381.33367	12339.58554	13337.44141	14352.85967	15247.98280	15993.04006	16459.61150	33043.42413	
0	8	40430.22049	13036.54903	10122.38135	8520.45423	8199.65196	8502.80558	9043.76765	9706.09315	10486.55239	11395.19646	12365.14465	13328.87727	14323.16738	15201.01485	15938.65709	16495.33860	33297.98329	
0	9	40430.22049	12859.90137	9788.10695	8315.33105	8134.01672	8493.83999	9025.83227	9670.19470	10517.52261	11397.98583	12349.10887	13425.16904	14383.06054	15232.68241	15980.00972	16417.67310	33168.31633	
0	10	40430.22049	12691.87067	9524.18035	8153.95696	8089.41644	8506.93414	9001.40348	9704.46120	10527.29963	11374.12424	12324.18035	13433.20631	14360.50755	15247.31221	15924.75889	16484.60599	33066.00792	

Imaginary variance
Timestep 1	Timestep 2	k0	k1	k2	k3	k4	k5	k6	k7	k8	k9	k10	k11	k12	k13	k14	k15	k16	
0	0	0.00000	0.00000	0.00000	0.00000	0.00000	0.00000	0.00000	0.00000	0.00000	0.00000	0.00000	0.00000	0.00000	0.00000	0.00000	0.00000	0.00000	
0	1	0.00000	228.72076	875.98536	1827.88214	2967.69405	4210.22427	5448.80486	6639.35073	7884.57660	9047.88642	10227.31694	11377.16005	12433.85369	13399.54584	14065.84747	14591.82437	0.00000	
0	2	0.00000	451.38193	1644.13435	3224.41522	4844.53220	6326.46314	7595.43501	8762.81676	9827.95081	10917.20917	11982.86031	13068.53853	14074.87446	14971.34384	15752.05786	16213.37101	0.00000	
0	3	0.00000	666.75577	2327.66941	4287.02767	6020.96046	7400.67221	8472.73029	9409.21907	10316.52837	11311.79770	12294.64611	13323.29930	14327.45616	15131.75514	15915.58101	16376.28021	0.00000	
0	4	0.00000	873.65813	2920.42568	5094.61374	6751.42202	7888.18066	8788.64463	9602.00761	10488.73055	11389.05410	12344.65395	13323.46770	14320.13373	15162.18969	15966.31684	16366.46487	0.00000	
0	5	0.00000	1076.51475	3453.45978	5712.60674	7227.83273	8171.49891	8941.78710	9698.05223	10490.14271	11394.74839	12340.31042	13383.75047	14337.34519	15185.68594	15940.96210	16481.61266	0.00000	
0	6	0.00000	1271.88974	3920.13326	6167.31163	7512.00278	8331.60136	8983.49176	9674.23526	10524.18417	11318.47247	12347.55171	13379.90945	14332.37484	15206.11676	15962.17187	16419.23115	0.00000	
0	7	0.00000	1464.22638	4335.98296	6521.29089	7708.02978	8389.34794	9010.35316	9705.34021	10524.19293	11398.42454	12326.80584	13397.98123	14364.82980	15232.37690	15949.42272	16448.86806	0.00000	
0	8	0.00000	1648.16032	4701.10138	6789.86734	7821.12097	8418.87392	9039.32017	9698.82332	10535.24127	11417.56613	12344.19162	13445.30651	14393.77308	15158.60235	15973.04548	16447.51296	0.00000	
0	9	0.00000	1825.95639	5028.74467	6983.74520	7865.03438	8449.59592	9024.20344	9694.55714	10540.05205	11381.59594	12407.15141	13395.26095	14383.90747	15254.87236	15971.58048	16443.81336	0.00000	
0	10	0.00000	1998.78706	5307.34181	7122.82521	7927.19899	8447.67531	9028.84172	9671.12770	10525.02676	11387.51104	12311.88809	13409.61673	14377.91580	15197.37826	15915.56773	16461.13966	0.00000	

----------------------


